"smoker","ban","age","education","afam","hispanic","gender"
"yes","yes",41,"hs","no","no","female"
"yes",NA,44,"some college","no","no","female"
"no","no",NA,"some college","no","no","female"
"yes","no",29,NA,"no","no","female"
"no","yes",28,"some college",NA,"no","female"
"no","no",40,"some college","no",NA,"male"
"yes","yes",47,"some college","no","no",NA
"yes","no",36,"some college","no","no","male"
"no","yes",49,"some college","no","no","female"
"no","no",44,"some college","no","no","male"
"no","no",33,"some college","no","no","female"
"no","no",49,"hs","no","no","female"
"no","yes",28,"some college","no","no","male"
"no","yes",32,"some college","no","no","male"
"no","yes",29,"some college","no","no","female"
"no","no",47,"hs","no","no","male"
"no","yes",36,"some college","no","no","female"
"no","yes",48,"some college","no","no","female"
"yes","yes",28,"some college","no","no","female"
"yes","yes",24,"some college","no","no","male"
"yes","yes",39,"hs","no","no","male"
"no","no",32,"hs","no","no","female"
"yes","no",60,"hs","no","no","female"
"no","yes",37,"master","no","no","female"
"yes","yes",31,"some college","no","no","male"
"yes","no",33,"hs drop out","no","no","female"
"no","no",49,"college","yes","no","male"
"no","yes",28,"hs","no","no","female"
"yes","no",24,"hs","no","no","male"
"no","no",27,"college","no","no","male"
"no","yes",31,"master","no","no","male"
"no","yes",41,"hs drop out","no","no","male"
"no","no",36,"hs","no","no","female"
"yes","no",48,"hs","no","no","male"
"no","no",50,"hs","no","no","female"
"no","yes",45,"some college","no","no","male"
"no","yes",23,"some college","no","no","female"
"no","no",29,"some college","no","no","male"
"yes","yes",51,"some college","no","no","female"
"yes","no",32,"some college","no","no","female"
"no","yes",57,"some college","no","no","female"
"yes","no",27,"hs","no","no","male"
"yes","yes",30,"hs","no","no","female"
"no","yes",39,"hs","no","no","female"
"yes","no",18,"hs","no","no","female"
"yes","yes",58,"some college","no","no","male"
"yes","yes",48,"some college","no","no","female"
"no","yes",30,"college","no","no","male"
"no","yes",37,"some college","no","no","female"
"yes","yes",41,"hs","no","no","male"
"no","yes",46,"college","no","no","female"
"no","yes",26,"college","no","no","female"
"no","yes",34,"hs","no","no","female"
"no","yes",34,"some college","no","no","male"
"no","yes",34,"hs","no","no","female"
"yes","yes",46,"some college","no","yes","female"
"no","no",44,"hs","no","no","male"
"no","yes",34,"master","no","no","male"
"no","no",35,"some college","yes","no","female"
"no","no",32,"hs","no","yes","female"
"no","no",51,"college","no","no","female"
"no","no",28,"some college","no","no","female"
"no","no",33,"some college","no","no","female"
"no","no",40,"college","no","no","male"
"no","yes",35,"college","no","no","female"
"no","yes",32,"college","no","no","female"
"no","yes",49,"hs","no","no","female"
"no","yes",48,"master","no","no","male"
"no","yes",48,"master","no","no","female"
"no","yes",37,"some college","no","no","female"
"no","yes",51,"hs drop out","no","yes","female"
"no","no",26,"some college","no","yes","female"
"no","no",49,"hs drop out","no","yes","male"
"no","no",19,"some college","no","no","female"
"no","yes",45,"some college","no","no","male"
"no","no",31,"college","no","no","female"
"no","no",23,"college","no","no","female"
"no","yes",39,"master","no","no","male"
"no","yes",28,"college","no","no","male"
"yes","yes",43,"some college","no","no","male"
"no","yes",41,"some college","no","no","female"
"no","no",50,"hs drop out","no","yes","male"
"no","no",58,"hs","no","no","male"
"no","yes",19,"hs","yes","no","female"
"yes","no",29,"hs drop out","no","yes","male"
"no","no",54,"college","yes","no","male"
"no","yes",32,"hs","no","yes","female"
"no","yes",40,"master","no","no","male"
"yes","yes",39,"master","no","no","male"
"no","yes",20,"some college","no","no","female"
"no","yes",32,"college","no","no","male"
"no","yes",62,"master","no","no","female"
"no","no",45,"college","no","no","male"
"no","yes",37,"some college","no","no","female"
"no","yes",60,"hs","no","yes","male"
"no","yes",40,"college","no","no","female"
"no","yes",33,"college","no","no","male"
"no","no",26,"some college","no","no","male"
"no","yes",41,"hs drop out","no","yes","female"
"yes","no",28,"hs drop out","yes","yes","male"
"no","yes",54,"some college","no","yes","female"
"no","yes",56,"college","no","no","male"
"no","yes",46,"some college","no","no","female"
"no","yes",34,"some college","no","yes","female"
"yes","yes",28,"hs","no","yes","male"
"no","yes",36,"master","no","no","male"
"no","yes",34,"master","no","no","female"
"no","yes",37,"master","no","no","male"
"no","yes",34,"master","no","yes","female"
"no","yes",22,"hs drop out","no","yes","male"
"yes","no",41,"hs","no","no","male"
"yes","no",45,"hs","no","no","female"
"no","yes",37,"master","no","no","female"
"no","no",46,"some college","no","yes","male"
"no","yes",44,"hs","no","yes","female"
"no","yes",27,"some college","no","no","male"
"no","no",66,"master","no","no","female"
"no","no",26,"some college","no","no","male"
"yes","no",67,"hs","no","yes","male"
"no","yes",48,"hs","no","no","female"
"no","yes",31,"some college","no","no","male"
"no","yes",31,"some college","no","no","male"
"no","no",41,"college","no","no","female"
"no","yes",19,"some college","no","no","male"
"no","yes",37,"master","no","no","male"
"no","yes",32,"master","no","no","female"
"no","no",41,"college","no","no","female"
"no","no",40,"hs drop out","no","yes","male"
"no","no",35,"college","no","yes","male"
"yes","yes",58,"master","no","no","female"
"yes","no",31,"college","no","no","female"
"no","yes",76,"some college","no","no","female"
"no","yes",28,"hs","no","no","male"
"no","no",24,"hs drop out","no","yes","female"
"no","no",30,"hs","no","no","female"
"no","yes",28,"some college","no","no","male"
"no","yes",43,"some college","no","no","male"
"no","yes",42,"some college","no","no","female"
"no","yes",26,"master","no","no","male"
"no","yes",26,"master","no","no","female"
"no","no",29,"some college","no","no","female"
"yes","no",21,"hs drop out","no","yes","female"
"no","no",26,"hs","no","yes","male"
"no","yes",35,"hs","no","no","female"
"no","no",30,"some college","yes","no","male"
"no","yes",36,"some college","no","no","female"
"no","yes",27,"some college","no","no","female"
"no","yes",30,"some college","no","no","female"
"no","yes",39,"some college","yes","yes","female"
"no","yes",37,"master","no","no","male"
"no","no",35,"hs","no","no","female"
"yes","yes",30,"some college","no","yes","female"
"no","no",34,"hs drop out","no","yes","male"
"yes","yes",22,"hs","no","no","female"
"no","yes",24,"some college","no","yes","male"
"yes","yes",21,"hs","no","yes","male"
"yes","yes",54,"hs","no","no","female"
"no","yes",27,"college","no","no","female"
"no","yes",22,"hs","no","yes","female"
"no","yes",56,"college","no","no","male"
"yes","no",28,"hs","no","yes","female"
"no","no",37,"some college","no","no","female"
"yes","no",24,"hs drop out","no","yes","female"
"no","yes",32,"master","no","no","male"
"no","no",21,"some college","no","yes","male"
"no","yes",38,"hs","no","yes","female"
"no","yes",20,"hs drop out","no","yes","male"
"no","yes",50,"hs drop out","no","yes","female"
"no","no",62,"college","no","no","male"
"no","no",76,"hs drop out","no","no","male"
"no","no",55,"some college","no","no","female"
"no","no",37,"master","no","no","male"
"no","no",30,"some college","no","no","male"
"no","no",46,"hs drop out","yes","no","female"
"no","yes",60,"master","no","no","male"
"yes","yes",61,"college","no","no","male"
"no","yes",41,"some college","no","no","female"
"no","no",33,"hs drop out","no","yes","female"
"yes","yes",24,"some college","no","no","female"
"no","yes",23,"some college","no","no","male"
"no","yes",20,"some college","no","no","female"
"no","yes",55,"college","no","no","male"
"no","yes",52,"college","no","no","female"
"no","no",23,"college","yes","no","female"
"no","no",42,"some college","no","no","male"
"no","yes",44,"some college","no","no","male"
"no","yes",28,"some college","no","no","female"
"no","yes",25,"some college","no","yes","male"
"no","yes",40,"hs","no","no","female"
"no","yes",50,"college","no","no","male"
"yes","yes",42,"hs drop out","no","yes","male"
"no","no",34,"hs drop out","no","yes","female"
"no","no",23,"some college","no","yes","male"
"no","yes",37,"college","no","no","male"
"yes","no",65,"master","no","no","male"
"no","yes",37,"hs","no","yes","male"
"no","yes",78,"master","no","no","female"
"no","yes",33,"hs drop out","no","yes","female"
"no","no",25,"college","no","no","female"
"no","no",35,"some college","no","yes","female"
"no","yes",40,"college","no","no","male"
"no","yes",19,"hs drop out","no","no","male"
"no","no",44,"college","no","no","male"
"no","no",71,"hs","no","no","female"
"no","no",20,"hs","no","no","male"
"no","no",43,"hs","no","no","male"
"no","no",31,"college","no","no","female"
"no","no",50,"hs drop out","no","yes","male"
"yes","yes",40,"college","no","no","female"
"no","no",30,"hs drop out","no","yes","female"
"no","no",53,"some college","no","no","female"
"yes","no",63,"hs","no","no","female"
"no","yes",51,"master","no","no","female"
"no","yes",23,"hs drop out","no","yes","female"
"yes","yes",27,"hs drop out","yes","no","male"
"no","yes",29,"hs","no","yes","female"
"no","no",23,"hs drop out","no","yes","male"
"no","no",21,"hs drop out","no","yes","male"
"no","no",63,"college","no","no","male"
"no","yes",59,"hs","no","yes","female"
"no","yes",24,"hs","no","yes","male"
"no","no",27,"hs","no","yes","female"
"no","yes",39,"hs","no","yes","male"
"no","no",29,"college","no","no","male"
"no","yes",29,"college","no","no","female"
"yes","no",35,"some college","no","yes","male"
"no","yes",40,"hs drop out","no","yes","female"
"no","no",21,"some college","no","yes","male"
"yes","yes",60,"college","no","no","male"
"no","yes",39,"some college","no","no","female"
"yes","yes",31,"hs drop out","no","no","female"
"no","yes",35,"hs drop out","no","no","female"
"no","yes",40,"hs drop out","no","no","male"
"yes","no",49,"hs drop out","no","yes","male"
"no","yes",38,"master","no","yes","female"
"no","yes",28,"college","no","no","male"
"no","yes",32,"some college","no","yes","female"
"yes","no",31,"hs drop out","no","yes","male"
"no","yes",32,"master","no","yes","female"
"no","yes",23,"college","yes","no","female"
"no","no",44,"some college","no","no","male"
"no","no",36,"master","no","no","female"
"yes","yes",61,"hs drop out","no","yes","female"
"yes","no",42,"some college","no","no","male"
"no","yes",35,"college","no","yes","female"
"no","yes",37,"master","no","no","female"
"no","no",37,"college","no","no","male"
"yes","no",32,"hs drop out","no","yes","male"
"no","yes",45,"college","no","no","female"
"yes","no",62,"some college","no","no","male"
"no","yes",47,"hs drop out","no","yes","male"
"no","yes",27,"hs drop out","no","yes","male"
"no","yes",26,"college","no","no","female"
"no","yes",21,"some college","no","yes","female"
"no","no",30,"college","no","no","female"
"no","no",32,"hs","no","no","female"
"yes","no",31,"some college","no","no","male"
"no","yes",34,"college","no","no","male"
"no","yes",34,"master","no","no","male"
"no","yes",37,"college","no","no","female"
"yes","no",28,"hs drop out","no","yes","female"
"no","yes",37,"college","yes","no","male"
"no","yes",30,"hs","no","no","female"
"no","yes",30,"some college","no","yes","male"
"no","yes",37,"some college","no","no","female"
"no","yes",28,"college","no","no","male"
"no","no",31,"some college","no","no","male"
"no","yes",33,"some college","no","no","female"
"no","no",19,"hs","no","yes","male"
"no","yes",19,"hs drop out","no","yes","female"
"no","yes",28,"college","no","no","male"
"no","yes",29,"college","no","no","male"
"no","yes",29,"college","no","no","male"
"no","no",38,"some college","no","no","male"
"no","no",39,"college","no","no","female"
"no","no",78,"hs","no","no","female"
"no","no",25,"some college","no","no","female"
"no","yes",42,"college","no","no","female"
"no","no",24,"hs","no","no","male"
"no","yes",47,"some college","no","no","female"
"no","yes",25,"college","no","no","male"
"no","yes",25,"master","no","no","female"
"no","no",29,"hs drop out","no","yes","male"
"yes","no",35,"college","no","yes","female"
"no","yes",55,"some college","no","yes","female"
"no","no",34,"some college","no","no","female"
"no","no",38,"some college","no","no","male"
"no","yes",55,"college","no","no","female"
"yes","no",34,"master","no","no","male"
"no","no",20,"hs","no","yes","male"
"yes","yes",24,"college","no","no","male"
"no","yes",23,"some college","no","no","female"
"no","yes",56,"some college","no","no","female"
"yes","yes",33,"some college","no","no","female"
"no","yes",36,"college","no","yes","male"
"no","yes",29,"hs","no","no","female"
"no","yes",51,"college","no","no","male"
"yes","yes",48,"college","no","no","female"
"yes","yes",45,"some college","no","no","male"
"yes","yes",53,"some college","no","no","male"
"no","yes",35,"some college","no","no","female"
"no","yes",36,"some college","no","no","male"
"yes","yes",29,"hs drop out","no","yes","male"
"no","no",79,"college","no","no","male"
"no","yes",27,"hs","no","no","female"
"no","yes",27,"hs","no","no","male"
"no","no",20,"hs","no","no","female"
"no","yes",46,"hs","no","no","male"
"no","yes",37,"college","no","no","female"
"no","no",48,"hs","no","yes","female"
"no","yes",37,"master","no","no","male"
"no","yes",34,"master","no","no","female"
"no","yes",41,"some college","no","no","female"
"no","yes",55,"some college","no","no","male"
"no","yes",37,"some college","no","no","female"
"no","no",44,"some college","no","no","female"
"no","yes",24,"some college","no","yes","male"
"no","yes",24,"master","no","yes","female"
"no","no",23,"hs","no","no","male"
"yes","no",58,"some college","no","yes","female"
"no","no",57,"hs","no","yes","male"
"no","yes",19,"hs","yes","no","female"
"no","yes",50,"some college","no","no","female"
"no","yes",52,"hs drop out","no","yes","male"
"no","no",24,"some college","no","yes","female"
"yes","yes",47,"college","yes","no","female"
"yes","yes",34,"some college","no","yes","female"
"no","yes",65,"some college","no","no","female"
"no","no",37,"some college","no","no","male"
"no","yes",31,"some college","no","no","female"
"no","yes",39,"college","no","no","female"
"no","yes",30,"college","no","no","male"
"no","no",43,"master","no","no","male"
"no","no",42,"hs","no","no","female"
"no","yes",47,"master","no","no","male"
"no","yes",46,"master","no","no","female"
"yes","yes",35,"hs","no","yes","female"
"yes","yes",67,"some college","no","no","female"
"no","yes",40,"some college","no","no","male"
"no","yes",45,"college","no","no","male"
"no","no",37,"hs","no","yes","female"
"no","no",35,"some college","no","no","female"
"no","no",37,"hs drop out","no","yes","male"
"no","no",19,"some college","no","yes","female"
"no","no",24,"some college","no","yes","male"
"no","no",35,"some college","no","no","male"
"no","no",48,"some college","no","no","female"
"no","yes",42,"some college","no","no","female"
"yes","no",25,"hs drop out","no","yes","male"
"no","yes",25,"college","no","no","female"
"no","no",37,"college","no","no","male"
"no","yes",39,"master","no","no","female"
"no","no",50,"hs","yes","no","female"
"no","yes",35,"some college","no","yes","female"
"no","yes",36,"college","no","no","male"
"no","yes",23,"college","no","no","male"
"no","yes",23,"college","no","no","male"
"no","yes",59,"hs drop out","no","yes","male"
"no","yes",29,"hs","no","yes","male"
"no","yes",24,"hs","no","yes","female"
"no","yes",29,"master","no","no","male"
"no","yes",30,"master","no","no","male"
"no","yes",22,"some college","no","yes","female"
"no","yes",64,"some college","no","no","male"
"yes","no",39,"some college","no","yes","male"
"no","yes",49,"some college","no","no","male"
"no","yes",57,"hs","no","no","female"
"yes","yes",30,"master","no","no","male"
"no","no",48,"college","no","no","male"
"no","yes",45,"some college","no","no","female"
"no","yes",26,"college","no","no","male"
"yes","no",31,"college","no","no","male"
"yes","no",31,"some college","yes","no","female"
"no","yes",33,"some college","no","no","female"
"yes","no",64,"hs","no","yes","male"
"no","no",48,"some college","no","no","male"
"yes","yes",46,"hs","no","no","female"
"no","yes",41,"hs","no","no","female"
"no","no",30,"college","no","no","male"
"yes","no",32,"college","no","no","male"
"yes","no",57,"hs","yes","no","male"
"no","yes",56,"some college","no","no","female"
"no","no",22,"hs drop out","no","yes","male"
"no","yes",42,"master","no","no","male"
"no","yes",31,"some college","no","no","female"
"yes","yes",25,"college","no","no","male"
"yes","yes",21,"some college","no","yes","male"
"no","no",31,"college","no","no","female"
"no","no",55,"college","no","no","female"
"no","no",28,"some college","no","no","female"
"no","no",41,"hs","yes","no","female"
"no","no",20,"some college","yes","no","male"
"no","no",32,"hs","no","no","male"
"no","no",36,"hs","no","yes","female"
"no","yes",34,"some college","no","no","male"
"no","yes",31,"college","no","no","female"
"yes","yes",49,"college","no","no","male"
"no","yes",50,"master","no","no","female"
"no","yes",34,"some college","no","no","female"
"no","no",64,"hs","no","no","male"
"no","yes",60,"master","no","no","female"
"no","yes",55,"college","no","no","male"
"no","yes",24,"college","no","no","female"
"no","no",46,"college","no","no","female"
"no","yes",30,"some college","no","no","female"
"no","yes",32,"some college","no","no","male"
"no","yes",40,"hs drop out","no","yes","male"
"no","no",31,"hs drop out","no","yes","male"
"no","no",41,"hs drop out","no","yes","female"
"no","yes",61,"some college","no","no","female"
"no","no",47,"master","no","no","male"
"no","yes",45,"college","no","no","female"
"no","yes",19,"some college","no","yes","female"
"no","yes",19,"some college","no","yes","female"
"no","yes",30,"college","no","no","female"
"no","no",34,"some college","no","yes","male"
"no","yes",35,"some college","no","yes","male"
"no","yes",38,"some college","no","yes","female"
"yes","no",44,"hs","no","no","male"
"no","yes",33,"hs","no","no","female"
"yes","yes",31,"college","no","no","male"
"no","yes",70,"master","no","no","male"
"no","no",19,"hs","no","yes","female"
"no","no",40,"master","no","no","male"
"no","no",45,"some college","no","no","female"
"no","yes",40,"hs","no","no","male"
"no","no",41,"some college","yes","no","male"
"no","yes",40,"hs drop out","no","yes","male"
"no","yes",45,"hs drop out","no","yes","female"
"no","no",53,"hs","no","no","male"
"yes","no",24,"some college","no","no","female"
"no","yes",26,"some college","no","no","female"
"no","yes",44,"master","yes","no","male"
"yes","yes",52,"master","no","no","female"
"no","yes",28,"hs","no","no","female"
"yes","yes",56,"some college","no","yes","male"
"no","yes",63,"some college","no","yes","female"
"no","yes",42,"college","no","no","female"
"no","yes",26,"college","no","yes","male"
"no","yes",22,"some college","no","yes","female"
"no","yes",46,"some college","no","yes","female"
"no","no",67,"master","no","no","female"
"no","yes",24,"hs","no","no","male"
"no","yes",47,"college","no","yes","female"
"no","yes",35,"hs","no","yes","female"
"no","yes",31,"college","no","no","female"
"no","no",21,"some college","no","no","male"
"no","yes",31,"some college","no","no","female"
"no","yes",32,"college","no","no","female"
"no","no",37,"college","no","no","female"
"no","yes",27,"some college","no","no","male"
"yes","yes",22,"hs","no","no","female"
"no","no",35,"hs","yes","no","female"
"no","yes",40,"hs","no","no","male"
"no","no",39,"master","no","no","female"
"no","no",52,"some college","no","yes","male"
"no","no",40,"some college","no","yes","male"
"yes","yes",40,"college","no","no","male"
"no","yes",35,"college","no","no","female"
"no","yes",33,"hs","no","no","female"
"no","yes",41,"master","no","no","female"
"no","no",25,"hs","no","no","male"
"no","yes",26,"college","no","yes","female"
"yes","yes",57,"some college","no","no","female"
"no","yes",34,"college","no","no","female"
"no","no",30,"master","no","no","male"
"no","no",29,"master","no","no","male"
"no","no",34,"hs","no","yes","female"
"no","no",25,"hs","no","yes","female"
"no","yes",59,"hs","no","no","female"
"no","yes",46,"college","no","no","male"
"yes","yes",29,"hs drop out","no","yes","male"
"no","no",37,"hs drop out","no","yes","female"
"no","no",34,"hs drop out","no","yes","male"
"no","yes",39,"some college","no","no","female"
"yes","no",29,"college","no","no","female"
"no","yes",25,"hs","no","yes","female"
"yes","no",64,"some college","no","no","female"
"no","no",56,"hs","no","no","female"
"no","yes",38,"some college","no","yes","male"
"no","no",22,"college","no","no","female"
"no","yes",41,"college","no","no","male"
"no","yes",33,"some college","no","no","female"
"no","yes",33,"master","no","no","female"
"no","no",35,"hs drop out","no","no","male"
"no","yes",36,"college","no","yes","female"
"no","yes",52,"college","no","no","female"
"no","yes",67,"some college","no","yes","female"
"no","yes",41,"master","no","no","male"
"no","yes",30,"college","no","yes","female"
"no","yes",22,"master","no","yes","female"
"no","yes",68,"some college","no","no","male"
"no","yes",64,"master","no","no","female"
"no","yes",42,"college","no","yes","male"
"no","no",53,"some college","no","yes","male"
"no","yes",42,"college","no","no","female"
"no","no",58,"hs","no","no","female"
"yes","yes",38,"hs","no","no","female"
"no","no",21,"hs drop out","no","yes","male"
"no","yes",60,"master","no","no","male"
"no","yes",20,"hs","no","yes","male"
"yes","no",35,"hs drop out","no","yes","male"
"no","no",22,"hs drop out","no","yes","male"
"yes","no",30,"some college","no","no","male"
"no","yes",60,"hs","yes","no","female"
"no","no",62,"college","no","no","female"
"no","yes",44,"hs","no","no","female"
"no","yes",25,"some college","no","no","female"
"no","yes",55,"hs","no","no","male"
"no","no",31,"some college","no","no","male"
"no","yes",43,"college","no","no","male"
"no","yes",31,"some college","no","no","female"
"no","yes",42,"some college","no","no","male"
"no","yes",57,"college","no","no","male"
"no","yes",59,"college","no","no","female"
"no","yes",43,"college","no","no","male"
"no","yes",37,"some college","no","no","female"
"no","yes",58,"some college","no","yes","male"
"no","yes",53,"some college","no","yes","female"
"no","yes",56,"master","no","no","male"
"no","no",25,"hs drop out","no","yes","male"
"no","yes",53,"some college","yes","no","female"
"no","yes",21,"some college","yes","no","male"
"no","no",32,"hs drop out","no","yes","male"
"no","no",46,"hs","no","no","female"
"no","yes",37,"some college","no","no","male"
"no","yes",35,"hs","no","no","female"
"no","yes",36,"college","no","no","male"
"no","yes",33,"college","no","no","female"
"no","yes",35,"master","no","no","male"
"yes","yes",49,"some college","no","no","female"
"no","yes",28,"some college","yes","no","female"
"no","no",27,"hs drop out","no","yes","male"
"no","yes",22,"some college","no","no","female"
"no","yes",51,"some college","no","no","male"
"no","yes",48,"some college","no","no","female"
"no","yes",20,"some college","no","no","male"
"no","yes",22,"some college","no","no","male"
"no","yes",20,"some college","no","no","male"
"no","no",25,"hs","no","yes","male"
"no","yes",42,"some college","no","no","female"
"yes","yes",40,"hs drop out","no","no","male"
"no","yes",48,"hs","yes","no","female"
"no","no",20,"some college","no","no","female"
"no","yes",34,"hs","no","yes","female"
"no","yes",34,"hs","no","yes","male"
"yes","yes",41,"hs","no","no","male"
"no","yes",43,"hs","no","no","female"
"no","yes",49,"some college","no","no","female"
"no","yes",31,"some college","no","no","female"
"no","no",37,"hs","no","yes","female"
"no","yes",18,"hs","no","no","male"
"no","yes",18,"hs","no","no","male"
"no","yes",78,"some college","yes","no","female"
"no","no",40,"hs","no","no","female"
"yes","no",33,"hs","no","no","female"
"no","yes",45,"college","no","no","female"
"no","yes",59,"some college","no","no","male"
"no","yes",54,"hs","no","no","female"
"no","yes",27,"college","no","no","male"
"no","yes",25,"college","no","no","female"
"no","no",42,"some college","no","no","male"
"no","yes",54,"some college","no","no","female"
"yes","yes",29,"some college","no","no","male"
"no","yes",32,"some college","no","yes","female"
"no","no",19,"hs","no","yes","male"
"no","no",40,"college","no","no","female"
"no","no",31,"some college","no","no","female"
"no","no",40,"some college","no","no","male"
"yes","yes",22,"hs drop out","no","yes","female"
"yes","yes",37,"some college","no","no","male"
"yes","yes",38,"some college","no","no","female"
"no","yes",64,"hs drop out","no","no","male"
"no","yes",34,"hs","yes","no","female"
"no","yes",38,"college","no","no","male"
"no","no",39,"hs drop out","no","yes","male"
"yes","yes",40,"college","no","no","male"
"no","yes",49,"some college","yes","no","female"
"no","yes",59,"some college","no","yes","female"
"no","yes",30,"master","no","yes","female"
"no","no",28,"hs drop out","no","yes","female"
"yes","no",34,"some college","no","yes","male"
"no","no",54,"hs drop out","no","yes","female"
"no","yes",25,"some college","no","no","male"
"no","yes",36,"some college","no","no","male"
"no","yes",33,"hs","no","no","female"
"no","yes",55,"some college","no","no","female"
"no","yes",50,"hs","no","no","male"
"yes","no",44,"hs","no","no","female"
"no","yes",24,"some college","no","no","male"
"no","yes",52,"hs","no","no","female"
"no","yes",22,"some college","no","no","female"
"no","no",23,"some college","no","no","female"
"no","no",31,"hs drop out","no","yes","female"
"no","yes",41,"master","no","no","female"
"yes","yes",53,"hs","no","no","female"
"yes","no",35,"hs","no","yes","male"
"yes","no",46,"hs drop out","no","yes","male"
"no","yes",34,"some college","no","yes","female"
"no","yes",25,"some college","no","no","female"
"no","no",40,"master","no","yes","female"
"no","yes",50,"college","no","no","female"
"no","yes",44,"college","no","no","male"
"yes","no",32,"college","no","no","female"
"no","no",32,"master","no","no","male"
"no","yes",34,"some college","no","no","male"
"no","yes",51,"college","no","no","male"
"no","yes",32,"hs","no","no","male"
"no","yes",27,"college","no","no","male"
"yes","yes",35,"hs","no","yes","male"
"yes","yes",35,"hs","no","yes","female"
"no","yes",23,"hs","no","yes","male"
"no","yes",38,"hs drop out","no","yes","female"
"yes","yes",32,"hs","no","no","male"
"no","yes",28,"some college","no","no","male"
"no","yes",33,"hs","no","no","female"
"no","yes",29,"master","no","no","male"
"yes","no",39,"some college","no","no","female"
"no","yes",43,"some college","no","no","male"
"no","yes",43,"some college","no","no","female"
"yes","no",30,"hs","no","no","female"
"no","no",55,"hs","no","no","male"
"no","yes",40,"master","no","no","male"
"no","yes",39,"hs drop out","no","yes","male"
"no","yes",36,"hs drop out","no","yes","female"
"no","no",18,"hs drop out","no","yes","female"
"no","yes",25,"college","no","no","female"
"no","yes",28,"college","no","no","female"
"no","yes",25,"college","no","no","male"
"yes","yes",60,"hs","no","no","female"
"no","yes",27,"some college","no","no","male"
"no","yes",25,"hs drop out","no","yes","male"
"no","no",30,"college","no","no","male"
"no","yes",61,"master","no","no","female"
"no","yes",31,"master","no","no","male"
"no","no",42,"hs","no","no","male"
"no","yes",38,"hs drop out","no","yes","female"
"no","no",37,"some college","no","yes","female"
"yes","no",44,"hs","no","yes","male"
"no","no",18,"some college","no","no","female"
"no","yes",23,"hs drop out","no","yes","male"
"no","no",20,"hs","no","no","male"
"no","no",31,"some college","no","no","male"
"yes","no",30,"some college","no","no","male"
"no","yes",50,"some college","no","no","male"
"yes","yes",30,"hs","no","yes","female"
"no","yes",24,"college","no","no","male"
"no","no",54,"hs drop out","no","yes","female"
"no","yes",24,"college","no","no","male"
"no","no",28,"some college","no","no","male"
"no","yes",49,"master","no","no","female"
"no","yes",38,"some college","no","no","female"
"no","yes",37,"college","no","no","male"
"no","no",46,"master","no","no","male"
"no","no",47,"hs drop out","no","no","male"
"no","yes",38,"college","no","yes","female"
"no","yes",49,"some college","no","no","male"
"no","yes",53,"hs","no","no","female"
"no","no",64,"hs","yes","no","female"
"no","no",20,"hs","yes","no","female"
"no","yes",50,"master","no","no","male"
"no","yes",39,"master","no","no","female"
"no","yes",35,"some college","no","no","male"
"no","yes",38,"college","no","no","female"
"no","yes",23,"college","no","yes","male"
"no","yes",23,"college","no","no","female"
"no","no",23,"some college","no","no","male"
"no","no",37,"hs drop out","no","yes","female"
"no","yes",28,"some college","no","no","female"
"no","yes",52,"some college","no","yes","male"
"no","yes",32,"hs","no","yes","male"
"no","yes",34,"hs","no","yes","female"
"no","yes",49,"some college","no","no","female"
"no","no",54,"master","no","no","male"
"yes","yes",36,"college","no","no","female"
"no","no",57,"college","no","no","male"
"no","no",59,"some college","no","no","female"
"no","yes",31,"some college","no","no","female"
"no","yes",20,"some college","no","no","female"
"yes","yes",39,"hs","no","no","female"
"no","yes",36,"master","no","no","male"
"no","yes",32,"master","no","no","female"
"yes","no",31,"hs drop out","no","yes","male"
"no","no",35,"some college","no","no","male"
"no","yes",29,"some college","no","no","male"
"no","yes",34,"hs","no","no","female"
"no","yes",45,"master","no","no","male"
"no","no",40,"master","no","no","female"
"no","no",58,"hs drop out","no","yes","male"
"no","yes",27,"hs","yes","no","female"
"no","no",30,"hs","no","no","female"
"yes","yes",61,"hs drop out","no","yes","male"
"no","no",35,"some college","no","no","female"
"no","yes",25,"some college","no","no","female"
"no","no",31,"some college","no","yes","male"
"no","no",34,"some college","no","yes","female"
"no","no",45,"some college","no","no","male"
"yes","no",28,"some college","no","no","male"
"no","yes",46,"college","no","no","male"
"no","yes",22,"college","no","no","male"
"no","yes",21,"some college","no","no","male"
"no","no",25,"college","no","no","female"
"no","yes",59,"hs drop out","no","yes","male"
"no","yes",27,"college","no","no","male"
"no","no",44,"some college","no","no","female"
"no","no",48,"hs drop out","no","yes","female"
"no","no",23,"some college","no","yes","male"
"yes","yes",57,"hs","no","no","female"
"yes","no",39,"some college","no","no","male"
"no","yes",35,"master","no","no","female"
"no","yes",55,"hs drop out","no","no","male"
"yes","yes",52,"hs drop out","yes","no","male"
"yes","yes",56,"college","yes","no","male"
"no","yes",26,"college","no","no","male"
"no","no",28,"college","no","no","male"
"yes","no",37,"hs","no","yes","male"
"no","no",34,"some college","no","no","male"
"no","no",25,"hs drop out","no","yes","female"
"no","no",33,"hs drop out","no","yes","male"
"no","yes",32,"college","no","yes","female"
"no","no",26,"hs","no","no","male"
"no","no",27,"college","no","no","female"
"yes","yes",27,"some college","no","no","male"
"yes","no",38,"college","no","no","male"
"no","no",34,"some college","no","no","male"
"no","yes",25,"hs","no","no","male"
"no","yes",32,"some college","no","yes","female"
"yes","yes",52,"hs drop out","no","no","female"
"no","yes",36,"some college","no","no","male"
"no","no",33,"some college","no","yes","female"
"no","yes",44,"master","no","no","female"
"no","yes",41,"some college","no","no","male"
"no","yes",32,"hs drop out","no","yes","female"
"no","no",36,"college","no","no","male"
"no","no",38,"hs drop out","no","yes","male"
"no","yes",33,"some college","no","yes","female"
"no","yes",52,"master","no","no","female"
"no","no",29,"some college","no","no","male"
"no","yes",64,"master","no","no","female"
"no","yes",38,"hs","no","yes","male"
"yes","no",32,"college","no","no","female"
"no","yes",30,"some college","no","no","male"
"no","yes",32,"college","no","no","female"
"no","yes",36,"master","no","no","male"
"no","yes",36,"college","no","no","female"
"no","no",31,"hs drop out","no","yes","male"
"no","no",50,"hs","no","yes","female"
"no","no",22,"some college","no","no","male"
"no","yes",29,"college","no","no","female"
"no","yes",39,"master","no","no","female"
"no","no",24,"some college","no","yes","female"
"no","no",25,"some college","no","no","male"
"no","yes",23,"college","yes","no","female"
"no","yes",22,"college","yes","no","female"
"no","yes",81,"some college","no","no","female"
"no","yes",26,"college","no","no","female"
"no","yes",58,"hs","no","yes","female"
"no","yes",23,"hs","no","yes","female"
"no","no",30,"some college","no","yes","female"
"no","yes",45,"master","no","no","female"
"yes","yes",21,"some college","no","no","male"
"no","yes",50,"college","no","no","female"
"no","no",29,"some college","yes","no","male"
"no","no",42,"hs","no","no","male"
"no","yes",73,"some college","no","no","female"
"yes","no",48,"some college","no","no","male"
"no","yes",46,"some college","no","no","female"
"no","no",29,"hs drop out","no","yes","female"
"no","no",26,"college","no","yes","male"
"no","no",26,"college","no","yes","male"
"no","no",56,"hs","no","no","male"
"no","no",44,"some college","no","no","male"
"no","no",46,"some college","yes","no","male"
"no","no",59,"hs","no","no","female"
"no","yes",47,"some college","yes","no","female"
"yes","no",23,"college","no","no","male"
"no","no",26,"college","no","no","male"
"no","yes",25,"some college","no","yes","female"
"no","yes",42,"some college","no","no","female"
"no","no",53,"college","no","no","male"
"no","no",44,"some college","no","no","female"
"no","no",29,"college","no","yes","male"
"no","yes",60,"hs","yes","no","female"
"no","yes",33,"master","no","no","female"
"yes","no",32,"some college","no","no","male"
"yes","yes",33,"college","no","no","female"
"yes","yes",23,"hs","no","no","male"
"no","no",34,"some college","no","no","male"
"no","yes",41,"some college","no","no","female"
"no","yes",26,"college","no","yes","female"
"no","no",22,"some college","no","no","female"
"yes","yes",33,"master","no","no","male"
"no","yes",31,"college","no","no","female"
"no","yes",40,"master","no","no","male"
"no","yes",32,"some college","no","no","female"
"no","no",34,"hs","no","yes","male"
"no","no",36,"some college","no","yes","female"
"no","yes",30,"college","no","no","female"
"no","no",51,"hs","no","no","male"
"no","no",18,"hs","no","yes","female"
"no","yes",60,"some college","no","no","male"
"no","no",25,"hs drop out","no","yes","male"
"no","no",21,"hs drop out","no","yes","male"
"no","no",46,"college","no","no","female"
"no","yes",46,"master","no","no","male"
"no","yes",38,"master","no","no","female"
"no","yes",35,"hs","no","no","female"
"no","yes",33,"hs drop out","no","yes","male"
"no","no",46,"hs drop out","no","yes","female"
"yes","yes",49,"some college","no","no","female"
"no","no",37,"college","no","no","male"
"no","yes",32,"hs drop out","no","no","female"
"yes","no",27,"hs","no","no","male"
"no","yes",52,"master","no","yes","female"
"no","yes",39,"some college","no","no","male"
"no","no",42,"college","no","no","female"
"yes","yes",23,"hs","yes","no","male"
"no","no",43,"hs","no","yes","female"
"no","yes",32,"hs","yes","no","female"
"no","no",32,"college","no","no","male"
"no","no",26,"hs drop out","no","no","male"
"no","yes",51,"college","no","no","male"
"yes","yes",35,"some college","no","no","female"
"no","no",27,"college","no","no","male"
"no","no",24,"some college","no","no","female"
"no","yes",48,"college","no","no","female"
"yes","yes",49,"hs drop out","yes","no","male"
"no","yes",50,"hs","yes","no","female"
"yes","yes",46,"hs drop out","no","yes","male"
"no","yes",26,"some college","no","yes","female"
"no","no",35,"some college","no","no","female"
"no","no",40,"hs","no","no","female"
"yes","no",43,"some college","no","yes","male"
"no","yes",25,"hs","yes","no","male"
"no","yes",22,"hs drop out","no","yes","female"
"no","yes",42,"hs drop out","no","yes","female"
"yes","yes",47,"some college","no","no","male"
"yes","no",45,"some college","no","no","male"
"no","yes",44,"hs","no","no","female"
"no","yes",24,"hs drop out","no","yes","female"
"no","yes",66,"college","no","no","male"
"no","yes",42,"hs","yes","no","female"
"no","no",29,"hs drop out","no","yes","male"
"yes","no",32,"hs drop out","no","yes","male"
"no","no",48,"master","no","no","male"
"no","yes",57,"college","no","no","female"
"yes","yes",32,"hs","no","no","male"
"no","yes",26,"hs drop out","no","no","male"
"no","yes",33,"hs","no","yes","male"
"no","no",51,"some college","no","no","male"
"no","no",46,"college","no","no","female"
"yes","yes",30,"hs","no","yes","male"
"no","yes",25,"hs","yes","yes","male"
"no","yes",41,"some college","no","no","female"
"no","yes",45,"college","no","no","male"
"no","no",44,"college","no","no","female"
"yes","yes",53,"college","no","no","male"
"no","yes",40,"college","no","no","female"
"yes","yes",39,"hs","no","no","male"
"no","no",39,"hs drop out","no","no","female"
"no","no",24,"college","no","no","female"
"no","no",23,"college","no","no","female"
"no","yes",20,"some college","no","no","male"
"yes","yes",55,"college","no","yes","male"
"no","yes",52,"college","no","yes","female"
"no","no",44,"some college","no","no","male"
"no","no",25,"college","no","no","female"
"no","yes",40,"hs","no","yes","female"
"no","no",32,"some college","no","no","female"
"yes","no",33,"some college","no","no","male"
"no","no",40,"hs drop out","no","yes","female"
"no","yes",45,"master","no","no","female"
"yes","no",26,"some college","no","no","female"
"no","yes",32,"some college","no","no","male"
"no","yes",31,"master","no","no","male"
"no","yes",62,"some college","no","no","male"
"no","yes",56,"hs","no","no","female"
"no","no",25,"hs","no","yes","male"
"no","no",24,"hs","no","yes","male"
"no","yes",35,"college","no","no","male"
"no","yes",34,"college","no","no","female"
"yes","no",44,"some college","no","no","male"
"no","no",34,"hs","no","no","male"
"no","no",31,"some college","no","no","female"
"no","yes",25,"college","no","yes","male"
"no","no",27,"some college","yes","no","female"
"no","yes",62,"hs drop out","no","yes","male"
"no","no",38,"master","no","no","male"
"no","yes",34,"some college","no","no","male"
"no","yes",44,"hs","no","no","male"
"no","yes",47,"college","no","no","female"
"no","yes",54,"master","no","yes","male"
"no","yes",43,"master","no","no","female"
"no","no",41,"hs drop out","no","yes","female"
"yes","no",33,"hs","no","no","male"
"no","yes",38,"master","no","no","male"
"no","yes",37,"master","no","no","female"
"yes","no",32,"hs drop out","no","yes","male"
"yes","no",42,"master","no","no","male"
"no","no",41,"college","no","no","female"
"no","yes",34,"some college","no","no","female"
"no","no",36,"some college","no","no","male"
"no","yes",48,"some college","no","yes","male"
"no","yes",44,"hs","no","no","male"
"no","yes",71,"hs drop out","no","yes","female"
"no","no",22,"some college","yes","yes","female"
"yes","no",24,"hs","no","yes","male"
"no","yes",24,"hs drop out","no","yes","female"
"no","no",41,"hs","no","no","female"
"no","no",44,"some college","no","yes","male"
"no","yes",35,"hs","no","yes","female"
"no","yes",19,"some college","no","no","female"
"no","yes",42,"master","no","no","female"
"no","yes",39,"college","no","no","male"
"yes","yes",22,"some college","no","no","female"
"no","yes",28,"hs","no","no","female"
"no","no",41,"college","no","no","female"
"no","yes",34,"hs","no","yes","male"
"no","yes",40,"master","no","yes","female"
"yes","no",21,"hs","no","no","male"
"no","yes",24,"hs drop out","no","yes","female"
"no","no",60,"some college","no","no","female"
"no","yes",40,"hs","no","no","male"
"no","no",36,"master","no","no","male"
"no","yes",26,"college","no","no","female"
"no","yes",32,"hs","no","no","female"
"no","yes",66,"hs","no","no","female"
"no","yes",59,"some college","no","no","female"
"no","no",28,"hs","no","yes","male"
"no","yes",27,"hs","no","yes","female"
"no","yes",68,"some college","no","no","female"
"no","no",44,"hs","no","yes","female"
"no","yes",68,"hs drop out","no","yes","female"
"yes","yes",56,"some college","no","no","female"
"yes","no",66,"hs drop out","no","no","female"
"no","no",31,"hs drop out","no","yes","male"
"no","no",30,"hs drop out","no","yes","male"
"yes","no",26,"some college","no","yes","male"
"yes","yes",56,"college","no","no","male"
"no","no",54,"hs","no","no","female"
"no","no",28,"some college","no","no","female"
"no","yes",40,"college","no","no","male"
"no","yes",54,"college","no","no","female"
"yes","no",28,"some college","no","no","male"
"no","no",19,"some college","no","no","female"
"yes","no",48,"hs","yes","no","male"
"no","no",32,"hs","yes","no","female"
"no","no",35,"hs drop out","no","yes","female"
"yes","no",33,"some college","no","yes","male"
"no","no",59,"master","no","no","male"
"no","no",19,"hs","no","yes","male"
"no","no",20,"hs","no","yes","male"
"no","yes",44,"some college","no","no","male"
"no","yes",35,"hs","no","no","female"
"no","yes",43,"some college","no","no","male"
"no","no",39,"hs","no","no","female"
"no","no",30,"college","no","no","male"
"no","yes",42,"hs","no","no","female"
"no","no",31,"master","no","no","female"
"no","no",46,"some college","no","no","female"
"no","yes",46,"master","no","no","male"
"yes","yes",28,"some college","no","yes","male"
"no","no",49,"hs drop out","no","yes","male"
"yes","yes",59,"college","no","no","male"
"no","yes",88,"some college","no","no","female"
"no","yes",19,"some college","no","no","male"
"no","yes",18,"hs","no","no","male"
"no","no",57,"college","no","no","female"
"no","yes",33,"master","no","no","female"
"no","yes",27,"college","no","yes","male"
"no","yes",46,"master","no","no","male"
"no","yes",36,"college","no","no","female"
"no","yes",24,"some college","no","no","female"
"no","yes",26,"college","no","no","male"
"yes","no",49,"some college","no","no","male"
"no","yes",52,"college","no","no","male"
"no","yes",45,"some college","no","no","female"
"no","no",23,"college","no","no","male"
"no","yes",22,"some college","no","no","male"
"no","yes",35,"some college","no","yes","female"
"no","no",37,"college","no","yes","male"
"no","no",28,"some college","no","no","male"
"no","no",34,"college","no","yes","male"
"no","no",41,"hs drop out","no","yes","female"
"no","yes",35,"college","no","no","female"
"no","yes",32,"some college","no","yes","male"
"no","yes",19,"hs","no","yes","male"
"yes","yes",44,"some college","no","no","female"
"no","yes",54,"hs","no","no","male"
"yes","yes",23,"some college","no","no","female"
"no","no",41,"college","no","no","male"
"no","yes",29,"college","no","no","male"
"no","yes",38,"hs drop out","no","yes","male"
"no","yes",49,"hs drop out","no","yes","male"
"yes","yes",31,"some college","no","no","female"
"no","yes",57,"master","yes","no","male"
"no","yes",42,"college","yes","no","female"
"no","yes",40,"college","no","no","male"
"no","yes",45,"some college","no","no","female"
"no","yes",24,"some college","no","no","male"
"no","yes",24,"some college","no","no","male"
"no","yes",25,"college","no","yes","male"
"no","no",39,"hs drop out","no","yes","male"
"no","no",39,"hs drop out","no","yes","female"
"yes","yes",54,"hs","no","no","female"
"no","yes",30,"some college","no","yes","male"
"no","no",30,"hs drop out","no","yes","male"
"no","no",32,"hs drop out","no","yes","female"
"yes","yes",33,"hs","no","no","male"
"no","no",40,"college","no","no","female"
"yes","no",46,"hs drop out","no","yes","female"
"yes","no",28,"hs","no","yes","male"
"no","no",42,"hs","yes","no","female"
"no","yes",18,"hs","yes","no","male"
"no","yes",45,"college","no","no","male"
"no","no",41,"some college","no","yes","female"
"no","no",23,"some college","no","no","female"
"no","no",30,"hs drop out","no","yes","female"
"no","no",33,"hs drop out","no","yes","male"
"no","no",40,"college","yes","no","female"
"no","no",33,"some college","no","no","male"
"no","no",44,"hs","no","yes","male"
"yes","yes",22,"hs drop out","no","yes","male"
"no","yes",46,"college","no","yes","female"
"no","yes",26,"hs drop out","no","yes","male"
"no","yes",25,"hs drop out","no","yes","female"
"no","no",52,"college","no","no","male"
"no","yes",50,"college","no","no","female"
"no","yes",57,"college","no","no","female"
"no","yes",36,"college","no","no","male"
"no","yes",44,"college","no","no","male"
"no","yes",34,"some college","no","no","female"
"no","yes",21,"some college","no","no","female"
"yes","yes",62,"some college","no","no","female"
"yes","yes",41,"some college","no","no","female"
"no","yes",18,"hs drop out","no","no","male"
"no","no",39,"some college","no","no","male"
"no","yes",28,"some college","no","no","female"
"no","no",44,"college","no","no","male"
"no","yes",38,"some college","no","no","female"
"no","yes",40,"college","no","no","male"
"yes","yes",34,"master","no","no","male"
"no","no",23,"some college","no","no","female"
"no","no",22,"some college","no","no","female"
"no","yes",56,"hs drop out","no","yes","male"
"no","yes",40,"college","no","no","female"
"no","yes",49,"hs drop out","no","yes","female"
"no","no",38,"some college","no","yes","female"
"yes","no",31,"hs drop out","no","no","male"
"no","yes",56,"some college","no","no","female"
"no","yes",41,"master","no","no","male"
"no","yes",22,"hs drop out","no","yes","male"
"no","yes",55,"college","no","no","male"
"yes","yes",38,"some college","no","no","male"
"yes","yes",46,"college","no","no","female"
"no","yes",22,"college","no","no","male"
"no","yes",39,"hs","no","no","male"
"no","yes",34,"hs","no","no","female"
"yes","yes",46,"hs drop out","no","no","female"
"yes","no",48,"some college","no","no","male"
"no","yes",43,"some college","no","no","male"
"no","yes",20,"some college","no","no","male"
"no","no",26,"college","no","no","female"
"no","yes",43,"college","no","no","male"
"yes","no",31,"some college","no","no","male"
"yes","yes",37,"some college","no","no","female"
"no","yes",55,"college","no","no","male"
"no","yes",51,"master","no","no","female"
"no","yes",21,"some college","no","no","male"
"no","yes",52,"hs","no","no","male"
"yes","yes",21,"some college","no","no","female"
"yes","yes",26,"hs","no","no","male"
"no","yes",61,"college","no","no","male"
"no","no",58,"some college","no","no","female"
"no","yes",33,"college","no","no","female"
"no","yes",61,"some college","no","no","female"
"no","yes",29,"college","no","no","female"
"no","yes",50,"master","no","no","male"
"no","yes",48,"some college","no","no","female"
"no","yes",26,"master","no","no","male"
"no","yes",35,"college","no","no","male"
"no","yes",43,"master","no","no","female"
"no","no",33,"hs","no","no","female"
"no","yes",43,"college","no","no","male"
"yes","yes",27,"college","no","no","female"
"no","yes",53,"hs drop out","no","no","female"
"no","yes",45,"master","no","no","female"
"no","yes",46,"college","no","no","male"
"no","yes",44,"master","no","no","male"
"yes","no",22,"some college","no","no","female"
"no","no",23,"college","no","no","female"
"no","yes",30,"some college","no","no","male"
"no","no",29,"hs drop out","no","yes","male"
"no","yes",43,"college","no","no","male"
"no","yes",29,"college","no","no","female"
"no","yes",29,"some college","no","no","female"
"no","yes",55,"some college","no","no","male"
"no","yes",50,"master","no","no","male"
"no","yes",44,"college","no","no","female"
"no","yes",30,"hs drop out","no","yes","male"
"no","no",22,"some college","no","no","male"
"no","no",22,"some college","no","no","male"
"yes","yes",23,"some college","no","no","male"
"no","yes",49,"some college","no","no","female"
"no","yes",24,"college","no","no","female"
"yes","yes",24,"some college","no","no","female"
"yes","yes",26,"hs drop out","no","yes","female"
"no","yes",54,"some college","no","no","female"
"no","no",32,"hs drop out","no","yes","female"
"no","yes",32,"college","no","no","female"
"yes","no",27,"some college","no","no","male"
"yes","yes",33,"hs","no","no","female"
"no","no",20,"some college","no","no","male"
"no","yes",27,"master","no","no","female"
"no","yes",48,"some college","no","no","female"
"no","yes",18,"hs","no","no","male"
"yes","yes",48,"hs","no","no","male"
"no","yes",34,"some college","no","no","female"
"no","yes",42,"college","no","no","female"
"no","no",39,"hs","no","no","male"
"yes","no",39,"hs","no","no","female"
"no","yes",40,"college","no","no","male"
"no","yes",30,"college","no","no","female"
"no","yes",29,"college","no","no","male"
"no","no",21,"some college","no","yes","male"
"no","no",48,"college","no","no","female"
"no","yes",40,"master","no","no","male"
"no","yes",30,"some college","no","no","female"
"yes","yes",34,"hs","no","no","female"
"no","no",37,"hs","no","no","male"
"no","yes",33,"college","no","no","female"
"no","yes",27,"hs","yes","no","female"
"no","no",54,"college","no","no","female"
"no","yes",50,"some college","no","no","male"
"no","no",45,"hs","no","no","female"
"no","no",40,"college","no","no","male"
"no","no",37,"hs","no","no","female"
"no","no",30,"some college","no","no","male"
"no","yes",40,"some college","no","no","male"
"no","yes",21,"hs","no","no","female"
"no","no",36,"some college","no","no","male"
"no","yes",28,"college","no","no","female"
"no","yes",45,"hs drop out","no","yes","female"
"no","yes",25,"hs","no","yes","male"
"no","yes",22,"hs drop out","no","yes","female"
"no","yes",62,"hs","no","no","female"
"no","yes",30,"hs","no","no","female"
"yes","no",28,"some college","no","yes","female"
"no","no",18,"hs drop out","no","yes","male"
"no","no",20,"hs drop out","no","yes","male"
"no","yes",61,"hs","no","no","female"
"no","no",31,"some college","no","no","male"
"yes","no",31,"hs","no","no","male"
"no","yes",39,"hs drop out","no","yes","female"
"no","no",51,"college","no","no","male"
"no","yes",32,"college","no","no","male"
"no","yes",33,"college","no","no","female"
"yes","no",34,"some college","no","no","female"
"no","yes",60,"some college","no","no","male"
"yes","yes",44,"some college","no","no","female"
"yes","no",27,"hs","no","no","male"
"no","yes",27,"some college","no","no","male"
"no","yes",45,"hs drop out","no","no","male"
"yes","yes",45,"hs drop out","no","no","female"
"no","yes",43,"college","no","no","male"
"no","yes",41,"some college","no","no","female"
"yes","no",53,"hs","no","no","female"
"no","yes",55,"hs","no","no","male"
"no","yes",21,"some college","no","no","male"
"no","yes",45,"master","no","no","male"
"no","yes",45,"college","no","no","female"
"no","no",35,"master","no","no","female"
"no","yes",21,"some college","no","yes","male"
"no","no",19,"hs","no","yes","male"
"no","no",24,"hs drop out","no","yes","female"
"yes","yes",52,"some college","no","no","male"
"no","no",23,"some college","no","no","male"
"no","no",23,"some college","no","no","male"
"no","no",23,"college","no","no","female"
"no","yes",50,"college","no","yes","female"
"no","no",20,"some college","no","yes","female"
"no","no",19,"some college","no","no","female"
"no","yes",34,"some college","no","no","male"
"yes","no",44,"some college","no","no","male"
"no","yes",32,"college","no","yes","male"
"no","yes",34,"college","no","no","female"
"no","yes",44,"college","no","no","female"
"no","no",31,"some college","no","no","male"
"no","yes",26,"some college","no","no","male"
"no","yes",23,"some college","no","no","female"
"no","yes",42,"some college","no","no","female"
"yes","yes",54,"hs drop out","no","no","male"
"yes","yes",44,"hs","no","no","female"
"no","yes",45,"master","no","no","female"
"no","yes",21,"hs","no","yes","female"
"no","yes",35,"hs","no","yes","male"
"yes","yes",49,"some college","no","no","female"
"no","yes",26,"hs","no","no","male"
"no","yes",41,"hs","no","no","female"
"yes","yes",42,"hs","no","no","male"
"yes","yes",20,"hs","no","no","female"
"no","no",47,"hs","no","no","female"
"no","yes",47,"master","no","no","female"
"no","yes",32,"some college","no","no","male"
"no","yes",28,"some college","no","no","female"
"yes","yes",33,"hs","no","yes","male"
"no","yes",35,"hs drop out","no","yes","male"
"no","yes",36,"master","no","no","male"
"yes","yes",35,"some college","no","no","female"
"no","no",29,"hs drop out","no","no","female"
"no","yes",48,"master","no","no","female"
"no","no",34,"hs","no","yes","male"
"no","yes",33,"hs drop out","no","yes","male"
"no","yes",73,"hs","no","no","female"
"no","yes",66,"master","no","no","male"
"no","no",46,"some college","no","no","female"
"no","yes",20,"some college","no","no","male"
"no","no",34,"some college","no","no","male"
"no","yes",24,"some college","no","no","female"
"no","yes",27,"some college","no","no","female"
"no","yes",39,"hs drop out","no","no","male"
"no","no",18,"hs","no","no","female"
"yes","yes",40,"hs","no","no","female"
"yes","no",27,"some college","no","yes","female"
"no","yes",64,"hs","no","no","female"
"no","yes",35,"some college","no","no","female"
"no","no",77,"hs","no","no","female"
"no","no",33,"some college","no","no","female"
"yes","no",36,"some college","no","yes","male"
"yes","yes",40,"some college","no","no","female"
"no","yes",27,"some college","no","no","male"
"no","yes",22,"some college","no","no","female"
"no","yes",72,"hs","no","no","male"
"yes","yes",22,"hs","no","no","female"
"no","no",33,"some college","no","no","female"
"no","no",32,"hs drop out","no","yes","male"
"no","yes",50,"college","no","no","female"
"no","yes",40,"some college","no","yes","female"
"no","no",32,"some college","no","no","female"
"no","yes",32,"master","no","no","male"
"no","yes",26,"college","no","no","female"
"yes","yes",20,"some college","no","yes","female"
"no","yes",37,"hs drop out","no","yes","male"
"no","yes",33,"hs drop out","no","yes","female"
"no","yes",43,"some college","no","no","male"
"no","yes",40,"hs","no","yes","male"
"no","no",25,"hs","no","no","female"
"no","yes",33,"hs","no","no","male"
"no","no",37,"college","no","no","female"
"no","yes",55,"some college","no","no","female"
"no","yes",35,"hs","no","no","male"
"yes","no",35,"some college","no","no","male"
"no","no",33,"hs drop out","no","yes","male"
"no","yes",33,"college","no","no","male"
"no","yes",33,"hs","no","no","female"
"yes","yes",44,"some college","no","no","male"
"no","yes",22,"some college","no","yes","female"
"no","yes",56,"some college","no","no","female"
"no","yes",44,"college","no","no","male"
"no","no",30,"some college","no","no","female"
"no","yes",54,"hs","no","no","female"
"no","no",30,"hs","yes","no","female"
"no","no",30,"some college","no","no","female"
"no","no",25,"hs","no","no","female"
"yes","no",34,"hs drop out","no","yes","male"
"no","yes",25,"college","no","no","female"
"no","yes",39,"some college","no","no","female"
"no","yes",46,"master","no","no","male"
"no","yes",38,"college","no","no","male"
"no","yes",54,"some college","no","yes","female"
"no","yes",40,"some college","no","no","female"
"no","no",24,"college","no","no","female"
"no","no",37,"some college","no","yes","male"
"no","yes",28,"some college","no","no","female"
"no","no",32,"some college","no","no","female"
"no","yes",27,"hs","no","no","female"
"no","yes",36,"college","no","no","male"
"no","no",49,"hs","yes","no","male"
"yes","yes",52,"hs","no","no","male"
"no","no",40,"some college","no","no","male"
"yes","yes",62,"hs","no","no","female"
"no","no",43,"hs","no","no","male"
"no","no",35,"hs","no","no","female"
"no","yes",45,"college","no","no","female"
"no","yes",45,"hs","no","no","female"
"yes","no",59,"some college","no","no","female"
"no","yes",23,"some college","no","no","male"
"no","yes",22,"some college","no","yes","male"
"yes","no",37,"hs","no","no","male"
"yes","no",36,"some college","no","no","female"
"yes","yes",37,"college","no","no","male"
"no","yes",18,"hs","no","no","male"
"no","yes",32,"some college","no","yes","male"
"yes","no",33,"hs","no","no","male"
"no","no",33,"hs","no","yes","female"
"no","no",44,"college","no","no","female"
"no","yes",23,"some college","no","no","male"
"no","yes",34,"hs","no","yes","female"
"no","yes",42,"college","no","no","female"
"no","yes",42,"hs","no","yes","male"
"no","yes",66,"college","no","yes","female"
"no","yes",19,"hs","no","no","male"
"no","yes",50,"hs","no","no","female"
"no","no",34,"hs drop out","no","yes","male"
"no","yes",28,"some college","no","no","female"
"no","yes",43,"hs drop out","no","yes","female"
"no","yes",34,"master","no","no","female"
"yes","no",32,"hs drop out","no","yes","male"
"no","yes",40,"college","no","no","male"
"no","yes",39,"college","no","no","male"
"no","yes",37,"college","no","no","female"
"no","no",40,"some college","no","no","male"
"no","yes",39,"some college","no","no","female"
"no","yes",48,"hs","no","no","female"
"no","yes",21,"hs","no","no","female"
"yes","no",37,"some college","no","no","male"
"no","yes",52,"hs","no","no","female"
"no","yes",34,"hs","no","no","female"
"no","no",23,"hs","no","no","male"
"yes","no",23,"some college","no","no","female"
"no","no",48,"master","no","no","male"
"no","yes",41,"college","no","no","female"
"no","no",72,"hs drop out","no","yes","female"
"no","yes",33,"hs","no","no","male"
"no","yes",27,"some college","no","no","female"
"no","yes",44,"master","no","no","female"
"no","no",32,"hs drop out","no","yes","female"
"no","no",43,"some college","no","yes","female"
"no","no",21,"some college","no","yes","male"
"yes","no",38,"some college","no","no","male"
"yes","yes",36,"some college","no","no","female"
"no","yes",30,"hs","no","no","male"
"no","yes",30,"hs","no","no","female"
"no","yes",33,"college","no","yes","female"
"no","yes",62,"master","no","no","male"
"no","yes",61,"college","no","no","female"
"no","yes",31,"hs drop out","no","yes","female"
"no","yes",38,"some college","no","no","male"
"no","yes",38,"hs","no","no","female"
"yes","no",42,"some college","no","yes","female"
"yes","no",43,"some college","no","no","male"
"yes","yes",61,"some college","no","no","male"
"no","yes",55,"hs","no","no","female"
"no","no",23,"hs drop out","no","yes","male"
"no","yes",39,"hs","no","yes","male"
"no","yes",27,"hs","no","no","male"
"no","no",37,"hs","no","yes","female"
"yes","yes",19,"hs drop out","no","yes","male"
"no","yes",27,"hs drop out","no","yes","female"
"no","yes",44,"hs drop out","no","yes","male"
"no","yes",51,"some college","no","no","male"
"no","yes",23,"hs","no","no","female"
"yes","no",53,"hs","no","no","male"
"yes","yes",51,"hs","no","no","female"
"no","yes",35,"some college","no","yes","female"
"no","yes",44,"college","no","no","female"
"no","yes",34,"hs","no","yes","female"
"yes","yes",21,"some college","no","no","female"
"yes","yes",25,"hs","no","no","male"
"yes","yes",35,"some college","yes","no","female"
"no","no",45,"college","no","no","female"
"no","no",18,"hs","no","no","male"
"yes","no",39,"some college","no","yes","male"
"no","yes",33,"college","no","yes","female"
"yes","no",40,"some college","no","no","male"
"no","yes",67,"hs","no","no","female"
"no","yes",23,"some college","no","no","male"
"no","yes",25,"some college","no","no","male"
"no","yes",22,"some college","no","no","female"
"no","yes",43,"some college","no","yes","male"
"no","yes",57,"some college","no","no","male"
"no","yes",50,"college","no","no","female"
"no","yes",50,"some college","no","no","male"
"no","yes",47,"some college","no","no","female"
"yes","yes",34,"college","no","no","male"
"no","yes",49,"hs","no","no","female"
"no","no",30,"hs","no","no","female"
"no","yes",50,"master","no","no","male"
"no","yes",46,"some college","no","no","male"
"no","yes",31,"hs","yes","no","female"
"no","yes",37,"some college","no","no","male"
"no","yes",34,"college","no","no","female"
"yes","yes",66,"some college","no","no","female"
"no","yes",21,"some college","no","no","female"
"no","no",51,"hs","no","no","male"
"no","yes",39,"master","no","no","male"
"no","no",34,"college","no","no","male"
"no","yes",22,"some college","no","yes","female"
"no","yes",46,"college","no","no","male"
"no","yes",44,"college","no","no","female"
"yes","no",46,"master","no","no","male"
"no","yes",36,"master","no","no","female"
"no","yes",35,"hs","no","yes","female"
"no","yes",38,"some college","no","yes","male"
"no","yes",36,"college","no","no","male"
"yes","yes",30,"college","yes","no","female"
"no","yes",46,"master","no","no","male"
"no","yes",36,"master","no","no","male"
"no","no",25,"some college","no","yes","male"
"no","yes",23,"some college","no","no","female"
"no","yes",36,"college","no","no","male"
"no","yes",35,"some college","no","no","female"
"no","yes",35,"college","no","no","female"
"yes","no",22,"hs","no","no","male"
"no","yes",38,"some college","no","no","male"
"no","yes",39,"hs","no","no","female"
"no","yes",26,"hs","yes","no","female"
"no","yes",58,"college","no","no","male"
"no","yes",38,"some college","no","yes","female"
"no","yes",53,"college","no","no","female"
"no","yes",35,"master","no","no","male"
"no","yes",30,"college","no","no","female"
"no","yes",33,"college","no","no","female"
"yes","no",22,"hs","no","no","female"
"no","yes",30,"some college","no","no","male"
"no","yes",33,"college","no","no","male"
"no","no",30,"some college","no","no","female"
"yes","yes",38,"college","no","no","female"
"no","yes",40,"college","no","no","male"
"no","yes",44,"college","no","no","female"
"yes","no",23,"hs","no","no","female"
"no","yes",78,"hs","no","no","female"
"no","yes",29,"college","no","no","male"
"no","no",29,"college","no","no","female"
"no","no",58,"hs drop out","no","no","female"
"no","yes",45,"hs drop out","no","no","male"
"no","yes",46,"some college","no","yes","male"
"no","yes",49,"some college","no","no","female"
"no","yes",32,"some college","no","no","female"
"yes","yes",40,"some college","no","no","female"
"no","no",43,"master","no","no","male"
"no","yes",29,"hs","no","no","female"
"no","yes",53,"master","no","no","female"
"no","yes",27,"hs","no","no","male"
"yes","yes",39,"college","no","no","male"
"no","no",32,"some college","no","no","male"
"yes","no",28,"some college","yes","no","male"
"no","yes",46,"college","no","no","male"
"no","yes",43,"hs","no","no","female"
"no","yes",23,"some college","no","no","male"
"yes","yes",44,"college","no","no","male"
"no","yes",49,"some college","no","no","female"
"no","yes",49,"college","no","no","male"
"no","yes",37,"college","no","no","male"
"no","yes",33,"college","no","no","female"
"no","yes",32,"some college","no","no","male"
"yes","yes",68,"some college","no","no","female"
"no","yes",30,"college","no","no","male"
"no","yes",43,"hs","no","no","female"
"no","no",22,"some college","no","no","male"
"no","yes",44,"some college","no","yes","female"
"no","yes",34,"hs drop out","no","no","female"
"no","yes",29,"hs","no","no","male"
"yes","yes",60,"some college","no","no","female"
"no","yes",31,"master","no","no","female"
"no","yes",42,"some college","no","no","female"
"yes","no",48,"some college","yes","no","female"
"no","yes",52,"hs","no","no","male"
"no","yes",25,"college","no","no","female"
"no","yes",47,"master","no","no","male"
"yes","no",21,"hs","no","no","male"
"no","yes",37,"some college","no","no","male"
"yes","no",34,"master","no","no","female"
"no","no",30,"master","no","no","male"
"no","yes",29,"some college","no","no","female"
"no","yes",36,"some college","no","no","male"
"no","no",49,"college","no","no","female"
"no","yes",27,"master","no","no","male"
"no","no",26,"some college","no","yes","female"
"no","yes",35,"master","no","no","male"
"no","yes",38,"some college","no","no","female"
"no","yes",46,"some college","no","no","female"
"no","yes",38,"master","no","no","male"
"no","yes",53,"some college","yes","no","female"
"no","yes",30,"some college","yes","no","female"
"no","yes",35,"master","no","no","female"
"no","yes",34,"master","no","no","male"
"no","yes",36,"some college","no","yes","female"
"no","no",35,"hs drop out","no","yes","female"
"no","no",26,"hs drop out","no","yes","male"
"yes","yes",24,"some college","no","no","male"
"yes","yes",51,"hs","no","no","female"
"yes","no",35,"some college","no","no","male"
"yes","yes",44,"some college","no","no","female"
"yes","yes",29,"hs","no","no","female"
"no","no",30,"hs","no","no","male"
"no","no",25,"hs drop out","no","no","female"
"no","yes",27,"college","no","no","male"
"no","yes",47,"some college","no","no","female"
"no","yes",28,"some college","no","no","male"
"no","yes",32,"college","no","no","female"
"no","no",54,"hs","no","no","female"
"no","yes",37,"college","no","no","female"
"no","yes",32,"some college","no","yes","male"
"yes","yes",29,"some college","no","yes","male"
"no","yes",32,"hs","no","no","male"
"no","yes",28,"college","no","yes","female"
"no","yes",29,"college","no","no","female"
"no","no",52,"master","no","no","male"
"no","yes",32,"some college","no","no","female"
"no","yes",42,"some college","no","no","female"
"no","yes",57,"master","yes","no","male"
"no","no",22,"some college","yes","no","male"
"no","yes",44,"college","no","no","male"
"no","yes",24,"some college","no","no","male"
"no","yes",41,"hs","no","no","male"
"no","no",49,"some college","no","no","female"
"yes","yes",31,"master","no","no","male"
"no","yes",24,"hs","no","no","male"
"yes","yes",21,"hs","no","no","male"
"no","yes",60,"hs","no","yes","female"
"yes","yes",23,"hs","no","no","male"
"yes","yes",21,"hs","no","no","female"
"no","yes",28,"some college","yes","no","female"
"yes","no",38,"hs","no","no","male"
"yes","no",23,"hs drop out","no","no","male"
"yes","no",22,"hs drop out","no","no","male"
"no","yes",42,"some college","no","no","female"
"no","no",36,"some college","no","no","female"
"no","yes",31,"some college","no","no","male"
"no","yes",29,"master","no","no","male"
"no","yes",60,"college","no","no","male"
"yes","yes",28,"college","yes","no","female"
"yes","yes",31,"hs","no","yes","male"
"no","no",31,"hs","no","yes","female"
"no","yes",30,"college","no","no","male"
"no","yes",30,"some college","no","no","female"
"no","yes",54,"master","no","no","male"
"no","yes",52,"master","no","no","female"
"no","yes",31,"college","no","no","male"
"no","yes",30,"college","no","no","female"
"no","no",44,"some college","no","no","male"
"no","yes",38,"some college","no","no","female"
"no","yes",30,"college","no","no","male"
"no","no",38,"college","no","no","male"
"no","yes",40,"master","no","no","female"
"no","yes",25,"some college","yes","no","female"
"yes","no",47,"some college","no","no","male"
"yes","no",48,"some college","no","no","female"
"no","no",20,"hs","no","no","female"
"no","yes",48,"master","no","no","male"
"no","yes",27,"hs","yes","no","female"
"no","yes",27,"hs","no","no","female"
"no","no",38,"college","no","no","male"
"yes","yes",42,"college","no","no","male"
"no","yes",71,"hs","no","no","male"
"no","yes",55,"some college","no","no","male"
"yes","no",31,"some college","no","no","female"
"no","yes",31,"college","no","no","female"
"yes","yes",36,"college","no","no","female"
"no","no",42,"master","yes","no","male"
"no","yes",53,"college","no","no","female"
"no","yes",53,"college","no","no","male"
"no","yes",32,"college","no","no","female"
"yes","yes",21,"hs","no","no","male"
"no","yes",18,"hs","no","no","male"
"no","yes",53,"master","no","no","male"
"no","yes",50,"college","no","no","female"
"no","yes",43,"master","no","no","female"
"no","yes",59,"some college","yes","no","male"
"no","yes",49,"hs","yes","no","female"
"no","yes",25,"some college","no","no","male"
"no","yes",46,"college","no","no","female"
"no","yes",28,"college","no","no","female"
"no","yes",28,"college","no","no","male"
"no","yes",33,"master","no","no","male"
"no","yes",33,"some college","no","no","female"
"no","yes",32,"college","no","no","male"
"no","yes",57,"master","no","no","female"
"no","yes",29,"hs","no","no","female"
"no","yes",61,"master","no","no","female"
"no","yes",53,"master","yes","no","female"
"no","yes",53,"some college","no","no","male"
"no","no",38,"hs","no","yes","female"
"no","yes",49,"master","no","no","male"
"yes","no",36,"college","no","no","male"
"no","yes",26,"college","no","no","female"
"no","yes",24,"some college","no","yes","male"
"no","no",24,"some college","no","yes","female"
"no","yes",23,"hs","no","no","male"
"no","yes",47,"hs","no","no","female"
"no","yes",21,"college","no","no","female"
"no","no",43,"some college","no","yes","female"
"yes","yes",51,"hs","no","no","female"
"no","yes",24,"college","no","no","female"
"no","yes",36,"some college","no","no","male"
"no","yes",34,"college","no","no","female"
"no","yes",25,"college","no","no","male"
"no","yes",35,"some college","no","no","male"
"yes","yes",33,"college","no","no","female"
"no","yes",61,"college","no","no","male"
"yes","yes",56,"master","no","no","female"
"no","yes",56,"hs drop out","no","yes","male"
"no","yes",22,"some college","no","yes","male"
"no","no",29,"college","no","no","male"
"no","yes",31,"hs drop out","no","yes","female"
"no","yes",39,"hs","no","no","female"
"no","no",19,"some college","no","no","female"
"no","yes",51,"some college","no","no","male"
"no","yes",50,"master","no","no","female"
"no","yes",36,"college","no","no","male"
"no","yes",30,"master","no","no","female"
"yes","yes",63,"some college","no","no","female"
"no","yes",32,"hs","no","no","female"
"no","no",42,"college","no","no","female"
"yes","no",36,"some college","no","no","male"
"yes","yes",26,"some college","no","no","female"
"no","no",22,"college","no","no","male"
"no","yes",41,"master","no","no","female"
"no","no",62,"college","no","no","female"
"no","yes",37,"hs","no","no","male"
"no","no",27,"hs","no","no","female"
"yes","yes",24,"college","no","no","female"
"yes","yes",29,"hs","no","no","male"
"no","yes",41,"hs","no","no","female"
"no","yes",42,"master","no","no","female"
"no","yes",55,"some college","no","no","female"
"yes","no",26,"hs drop out","no","no","male"
"no","yes",28,"college","no","no","male"
"no","no",45,"college","no","no","male"
"no","yes",47,"college","no","no","female"
"no","no",73,"hs","no","no","male"
"no","yes",25,"some college","no","no","female"
"no","no",40,"college","no","no","male"
"no","yes",40,"some college","no","no","female"
"no","yes",60,"hs drop out","no","no","male"
"no","no",50,"hs drop out","no","no","female"
"no","yes",28,"college","no","no","female"
"no","yes",32,"hs","yes","no","female"
"no","no",58,"college","no","no","female"
"no","no",45,"hs","yes","no","female"
"yes","no",56,"hs","no","no","male"
"yes","no",59,"some college","no","no","female"
"yes","no",63,"hs","no","no","male"
"no","no",21,"college","no","no","male"
"no","yes",40,"some college","no","no","female"
"no","yes",35,"college","no","no","female"
"no","yes",35,"master","no","no","male"
"no","yes",37,"some college","no","no","female"
"no","yes",45,"hs","no","no","male"
"no","yes",55,"master","no","no","male"
"no","yes",45,"college","no","no","female"
"yes","yes",46,"hs","no","no","male"
"no","yes",32,"college","no","no","male"
"yes","no",48,"master","no","no","male"
"yes","yes",30,"college","no","no","male"
"no","no",44,"master","no","no","male"
"no","yes",33,"master","no","no","male"
"no","no",45,"master","no","no","male"
"no","yes",34,"master","no","no","male"
"no","no",29,"some college","no","yes","male"
"no","no",26,"hs","no","yes","female"
"no","yes",45,"master","no","no","female"
"no","yes",35,"master","no","no","female"
"no","yes",39,"master","no","no","female"
"no","yes",31,"master","no","no","male"
"yes","yes",50,"hs drop out","no","no","male"
"yes","no",34,"hs drop out","no","no","female"
"yes","yes",52,"some college","no","no","female"
"no","yes",53,"some college","no","no","female"
"no","yes",29,"college","no","no","female"
"no","no",53,"hs","no","yes","female"
"no","yes",44,"master","no","no","female"
"no","yes",38,"college","no","no","female"
"no","yes",49,"some college","no","yes","female"
"yes","yes",59,"hs drop out","no","no","male"
"no","no",51,"hs drop out","no","no","female"
"no","yes",23,"college","no","no","male"
"no","yes",40,"some college","no","no","female"
"no","no",51,"hs drop out","no","no","female"
"yes","no",55,"hs drop out","no","no","male"
"no","no",32,"some college","no","no","male"
"yes","no",27,"some college","no","no","female"
"no","yes",44,"college","no","no","male"
"no","yes",39,"college","no","no","female"
"yes","yes",20,"hs","no","no","male"
"no","no",41,"hs","no","yes","female"
"no","yes",20,"some college","no","yes","female"
"no","yes",50,"college","no","no","male"
"no","yes",44,"hs","no","no","female"
"no","yes",22,"some college","no","no","male"
"no","no",65,"hs","no","yes","male"
"no","no",45,"hs","no","no","female"
"no","no",20,"some college","no","no","male"
"no","yes",62,"hs drop out","no","no","male"
"no","no",51,"hs drop out","no","no","female"
"yes","no",31,"some college","no","no","male"
"yes","yes",29,"some college","no","no","male"
"yes","yes",40,"hs","no","no","male"
"no","yes",37,"hs","no","no","female"
"yes","no",37,"hs","no","no","male"
"no","yes",38,"hs drop out","no","no","male"
"no","yes",37,"hs drop out","no","no","female"
"no","no",26,"college","no","no","female"
"yes","yes",35,"hs","no","yes","female"
"no","yes",36,"some college","yes","no","male"
"no","no",56,"hs","no","no","male"
"no","yes",54,"hs","no","no","female"
"no","yes",48,"college","no","no","male"
"yes","no",35,"hs","no","no","female"
"no","yes",26,"college","no","no","male"
"no","yes",24,"college","no","no","male"
"no","yes",53,"some college","no","no","female"
"no","yes",37,"some college","no","no","female"
"no","no",29,"master","no","no","male"
"no","yes",40,"college","no","no","female"
"no","yes",63,"college","no","no","male"
"no","yes",53,"college","no","no","female"
"no","yes",40,"some college","no","no","female"
"no","yes",18,"some college","no","no","female"
"no","yes",39,"some college","yes","no","male"
"no","yes",39,"hs","no","no","female"
"yes","yes",34,"some college","no","no","male"
"no","no",37,"college","no","no","male"
"no","no",30,"college","no","no","female"
"no","yes",67,"college","no","no","female"
"no","yes",44,"master","no","no","male"
"no","yes",46,"college","no","no","female"
"no","yes",30,"some college","no","yes","female"
"no","no",33,"some college","no","yes","male"
"no","yes",27,"some college","no","no","female"
"yes","yes",40,"some college","no","no","male"
"no","yes",51,"master","no","no","female"
"no","no",43,"college","no","no","female"
"no","yes",44,"some college","no","yes","female"
"no","yes",43,"college","no","no","female"
"yes","no",45,"college","no","no","male"
"no","yes",25,"some college","no","no","male"
"no","yes",24,"some college","no","no","female"
"yes","no",47,"some college","no","no","male"
"no","yes",46,"college","no","no","male"
"no","no",34,"college","no","no","female"
"no","yes",47,"master","no","no","male"
"no","yes",36,"master","no","no","female"
"no","yes",28,"college","no","no","male"
"no","no",26,"college","no","no","male"
"no","no",27,"college","no","no","male"
"no","no",29,"hs","no","yes","male"
"no","yes",38,"college","no","no","male"
"no","yes",31,"college","no","no","female"
"no","yes",40,"some college","no","no","male"
"yes","yes",57,"college","no","no","male"
"no","yes",25,"some college","no","no","male"
"no","yes",40,"master","no","no","male"
"yes","yes",59,"hs","no","no","female"
"no","yes",50,"master","no","no","male"
"no","yes",23,"some college","no","no","male"
"no","no",28,"hs drop out","no","yes","male"
"no","yes",35,"some college","yes","no","female"
"no","no",23,"some college","no","no","female"
"no","no",26,"hs","no","yes","male"
"no","yes",31,"college","no","no","female"
"no","yes",44,"some college","yes","no","male"
"no","yes",60,"master","no","no","female"
"yes","no",28,"hs","no","yes","male"
"no","yes",53,"hs","no","no","male"
"no","yes",52,"college","no","no","female"
"no","yes",44,"college","no","no","female"
"no","yes",43,"master","no","no","female"
"no","no",30,"some college","no","no","female"
"no","yes",23,"college","no","no","male"
"no","yes",22,"some college","no","no","male"
"no","no",20,"some college","no","no","male"
"no","yes",32,"college","no","no","female"
"no","yes",55,"some college","no","no","female"
"no","yes",45,"college","yes","no","male"
"no","yes",53,"hs drop out","no","yes","male"
"no","no",26,"hs","no","yes","male"
"no","no",28,"some college","no","yes","female"
"no","no",48,"some college","no","no","female"
"no","no",21,"some college","no","no","male"
"no","yes",53,"hs","no","yes","male"
"no","yes",56,"master","no","no","male"
"no","yes",51,"some college","no","no","male"
"no","no",41,"master","no","no","male"
"no","yes",40,"master","no","no","female"
"no","yes",48,"hs","no","no","female"
"no","yes",52,"master","no","no","female"
"yes","yes",64,"college","no","no","male"
"no","yes",42,"master","no","no","female"
"no","yes",53,"college","no","no","female"
"no","yes",55,"college","no","no","male"
"no","yes",39,"hs drop out","no","yes","male"
"no","no",40,"hs drop out","no","yes","female"
"no","yes",39,"master","no","no","male"
"no","yes",57,"college","no","no","female"
"no","no",26,"some college","no","no","male"
"no","no",27,"hs","no","no","female"
"no","yes",57,"some college","no","no","male"
"no","yes",39,"hs","no","no","female"
"no","yes",28,"college","no","no","female"
"no","yes",23,"some college","no","no","male"
"no","no",22,"some college","no","no","male"
"no","no",28,"some college","no","no","male"
"yes","yes",51,"some college","no","no","female"
"yes","yes",55,"hs","no","yes","male"
"yes","yes",34,"college","no","no","female"
"no","no",36,"hs","no","no","male"
"yes","yes",27,"some college","no","yes","female"
"no","yes",30,"some college","no","no","female"
"yes","yes",44,"hs","no","no","male"
"no","yes",45,"master","no","no","male"
"no","no",63,"hs","no","no","female"
"no","yes",38,"some college","no","no","female"
"no","yes",28,"master","no","no","male"
"no","yes",47,"college","no","no","male"
"no","no",51,"hs","no","no","female"
"yes","yes",19,"hs","no","no","male"
"no","yes",33,"master","no","no","male"
"no","yes",34,"some college","no","yes","female"
"no","yes",30,"some college","no","yes","male"
"no","yes",28,"hs","no","yes","female"
"no","no",25,"hs","no","no","male"
"yes","yes",25,"hs","no","no","male"
"no","yes",48,"master","no","no","male"
"no","yes",30,"some college","no","no","male"
"no","yes",43,"hs","no","no","female"
"no","yes",30,"college","no","no","male"
"no","yes",27,"college","no","no","female"
"no","yes",60,"some college","no","no","male"
"no","no",28,"college","no","no","female"
"no","yes",25,"hs","no","no","female"
"no","yes",34,"college","no","no","female"
"no","yes",60,"college","no","no","female"
"no","yes",29,"master","no","no","male"
"no","yes",22,"college","no","no","female"
"no","yes",23,"some college","no","no","male"
"no","no",18,"hs","no","no","female"
"no","yes",22,"some college","no","no","male"
"no","yes",21,"some college","no","no","male"
"no","no",39,"hs","no","no","female"
"yes","yes",44,"some college","no","no","male"
"no","yes",35,"hs","no","no","male"
"no","no",32,"some college","no","no","female"
"yes","no",30,"hs","no","no","female"
"no","yes",44,"college","no","no","male"
"no","yes",41,"college","no","no","female"
"no","yes",28,"college","no","no","female"
"no","yes",32,"some college","no","yes","male"
"no","yes",40,"college","no","no","female"
"no","yes",33,"some college","no","no","male"
"no","yes",30,"college","no","no","female"
"no","no",29,"master","no","no","male"
"no","no",27,"some college","no","no","male"
"no","yes",32,"college","no","no","female"
"no","yes",39,"some college","yes","no","female"
"no","yes",35,"college","no","no","female"
"no","no",20,"hs","no","no","female"
"no","yes",37,"hs","no","no","male"
"yes","yes",41,"college","yes","no","female"
"yes","no",43,"hs","yes","no","male"
"no","no",54,"college","no","no","male"
"no","yes",26,"college","no","no","female"
"no","yes",18,"hs","no","no","female"
"yes","yes",44,"some college","no","no","female"
"no","yes",23,"hs","no","no","female"
"yes","no",23,"some college","no","no","male"
"yes","no",33,"some college","no","no","male"
"no","yes",40,"college","no","no","female"
"no","no",45,"college","no","no","female"
"no","yes",60,"some college","no","no","female"
"no","yes",50,"hs","no","no","female"
"yes","yes",49,"college","no","no","male"
"no","yes",44,"college","no","no","female"
"no","yes",43,"hs","no","no","male"
"yes","yes",33,"hs","no","no","female"
"no","yes",47,"college","no","no","female"
"no","yes",53,"college","no","no","male"
"no","yes",45,"some college","no","no","female"
"yes","no",22,"hs","no","no","female"
"yes","yes",19,"hs","no","no","female"
"no","yes",19,"hs","no","no","female"
"no","yes",59,"master","no","no","male"
"no","yes",58,"master","no","no","female"
"no","yes",72,"master","no","no","male"
"no","yes",47,"some college","no","no","female"
"no","no",41,"hs","no","no","female"
"no","yes",40,"some college","no","no","male"
"yes","no",24,"hs drop out","no","no","female"
"no","yes",25,"college","no","no","male"
"no","yes",36,"college","no","yes","male"
"yes","yes",28,"some college","no","yes","male"
"no","yes",38,"some college","no","no","male"
"no","yes",42,"college","no","no","female"
"yes","yes",41,"hs","no","no","female"
"yes","yes",33,"college","no","no","male"
"no","no",28,"college","no","no","female"
"no","no",33,"hs drop out","no","no","female"
"no","yes",55,"master","no","no","male"
"no","yes",31,"some college","no","yes","female"
"no","yes",52,"college","no","no","female"
"no","yes",31,"college","no","no","female"
"no","yes",23,"some college","no","no","female"
"no","no",30,"some college","no","no","female"
"no","yes",59,"college","no","no","male"
"no","yes",58,"college","no","no","female"
"no","no",34,"hs drop out","no","yes","male"
"yes","no",46,"some college","no","no","male"
"yes","yes",39,"some college","no","no","female"
"yes","no",28,"hs drop out","no","yes","female"
"no","yes",25,"college","no","no","male"
"no","yes",26,"college","no","no","female"
"no","yes",34,"college","no","no","male"
"no","yes",42,"college","no","no","female"
"no","no",53,"some college","no","no","female"
"no","no",35,"some college","no","no","female"
"no","yes",38,"hs","no","yes","female"
"no","no",37,"college","no","no","female"
"no","yes",20,"hs","no","no","female"
"yes","yes",30,"hs","no","no","male"
"no","yes",30,"hs","no","yes","female"
"no","no",27,"some college","no","yes","male"
"yes","yes",31,"hs","no","no","female"
"no","yes",28,"hs","no","no","male"
"yes","yes",35,"hs","yes","no","female"
"no","yes",51,"some college","no","no","female"
"yes","yes",22,"master","no","no","female"
"no","no",21,"hs","yes","no","female"
"no","yes",37,"some college","no","no","female"
"no","yes",40,"some college","no","no","female"
"no","yes",33,"hs","no","no","female"
"no","yes",51,"college","no","no","female"
"no","yes",23,"some college","no","yes","male"
"no","yes",49,"college","no","no","male"
"no","no",30,"master","no","no","female"
"no","yes",69,"hs","no","no","male"
"no","yes",34,"master","no","no","male"
"no","yes",34,"master","no","no","female"
"no","no",52,"college","no","no","female"
"no","yes",49,"some college","no","no","male"
"no","yes",35,"some college","no","no","female"
"no","yes",45,"master","no","no","male"
"no","yes",25,"hs","no","no","female"
"no","yes",31,"hs","no","yes","female"
"no","yes",43,"some college","no","no","female"
"no","yes",46,"hs drop out","no","yes","male"
"no","no",64,"hs","no","no","female"
"no","yes",54,"some college","no","no","female"
"no","no",42,"some college","no","no","male"
"no","yes",30,"some college","no","no","female"
"no","yes",46,"some college","no","no","female"
"yes","yes",24,"some college","no","no","female"
"no","yes",46,"master","no","no","male"
"no","yes",38,"college","no","no","female"
"no","yes",38,"hs","no","no","female"
"no","yes",33,"hs","no","no","female"
"no","yes",55,"hs","no","no","female"
"no","no",30,"some college","no","no","male"
"no","yes",35,"some college","no","no","female"
"no","no",24,"some college","no","no","male"
"no","yes",20,"hs","no","no","female"
"no","yes",28,"master","no","no","male"
"no","no",57,"college","no","no","female"
"no","yes",43,"some college","no","no","female"
"no","yes",44,"hs","no","no","female"
"no","yes",44,"college","no","no","male"
"no","yes",43,"college","no","no","female"
"no","no",26,"some college","no","no","male"
"no","no",33,"some college","no","no","female"
"no","yes",39,"college","no","no","male"
"no","yes",40,"college","no","no","female"
"yes","yes",22,"hs","no","no","male"
"yes","no",62,"hs","no","no","male"
"no","no",64,"hs","no","no","female"
"no","yes",41,"some college","no","no","female"
"no","yes",18,"hs","no","no","male"
"no","yes",21,"hs drop out","no","yes","male"
"no","yes",61,"college","no","no","male"
"no","yes",29,"hs","no","no","male"
"yes","yes",41,"some college","no","no","male"
"no","yes",40,"hs","no","no","female"
"no","yes",46,"some college","no","yes","male"
"no","yes",39,"hs","no","yes","female"
"yes","no",32,"hs","no","no","male"
"no","yes",28,"some college","no","no","female"
"no","yes",41,"hs","no","no","male"
"no","yes",35,"some college","no","no","female"
"no","no",29,"hs","no","no","female"
"yes","yes",44,"hs","no","no","female"
"no","yes",28,"college","no","no","female"
"no","yes",25,"college","no","no","male"
"no","no",38,"college","no","no","male"
"no","no",34,"college","no","no","female"
"no","yes",76,"hs drop out","no","no","female"
"no","yes",25,"college","no","no","male"
"no","no",39,"college","no","no","male"
"no","yes",20,"some college","no","no","female"
"yes","no",20,"hs","no","no","male"
"no","yes",37,"some college","no","no","male"
"no","yes",40,"college","no","yes","female"
"yes","no",19,"hs","no","no","male"
"no","yes",20,"hs","no","no","female"
"no","yes",40,"college","no","no","male"
"no","yes",25,"master","no","no","male"
"no","yes",27,"college","no","no","female"
"no","yes",24,"college","no","no","female"
"yes","yes",30,"some college","no","yes","male"
"no","no",50,"some college","no","no","female"
"no","yes",53,"some college","no","no","male"
"yes","yes",23,"hs drop out","no","no","male"
"no","yes",38,"master","no","no","female"
"no","yes",43,"college","no","no","female"
"no","yes",73,"hs","no","no","female"
"no","yes",26,"college","no","no","male"
"no","yes",40,"master","no","yes","female"
"no","yes",46,"college","no","no","male"
"no","yes",43,"college","no","no","female"
"no","yes",47,"master","no","no","male"
"no","yes",38,"college","no","yes","male"
"yes","yes",32,"some college","no","no","male"
"no","yes",35,"master","no","no","female"
"yes","yes",20,"hs","no","yes","male"
"no","no",34,"college","no","no","female"
"yes","yes",58,"hs","no","no","female"
"no","yes",25,"hs","no","no","male"
"no","no",45,"college","no","no","male"
"no","no",64,"master","no","no","female"
"no","yes",64,"master","no","no","male"
"no","yes",30,"some college","yes","no","female"
"no","no",31,"some college","yes","no","male"
"no","yes",35,"hs drop out","no","yes","female"
"no","yes",37,"master","no","no","female"
"no","no",40,"hs","no","yes","female"
"no","yes",53,"hs","no","no","female"
"no","yes",49,"college","no","no","female"
"no","yes",33,"some college","yes","no","male"
"no","yes",50,"hs","no","no","male"
"no","no",24,"hs","no","no","male"
"no","no",34,"some college","no","no","male"
"no","no",35,"some college","no","no","female"
"yes","yes",37,"master","no","yes","male"
"yes","no",32,"master","no","no","female"
"no","no",27,"some college","no","no","male"
"yes","yes",34,"hs","no","yes","female"
"no","yes",40,"college","no","no","male"
"yes","yes",32,"hs","yes","no","female"
"no","yes",39,"some college","yes","no","male"
"no","yes",40,"master","no","no","male"
"no","yes",50,"college","no","no","female"
"yes","yes",35,"college","no","no","male"
"no","yes",64,"some college","no","no","female"
"no","yes",37,"college","no","no","male"
"no","yes",41,"some college","no","no","male"
"no","no",39,"some college","no","no","male"
"no","yes",54,"college","no","no","male"
"no","yes",50,"some college","no","no","female"
"no","yes",27,"college","no","no","female"
"no","no",48,"hs","no","no","female"
"no","yes",61,"master","no","no","male"
"no","yes",26,"college","no","no","female"
"yes","yes",43,"some college","no","no","female"
"no","no",25,"hs","no","no","male"
"no","yes",40,"master","no","no","female"
"no","yes",44,"master","no","no","male"
"no","yes",29,"some college","no","no","female"
"yes","no",49,"college","no","no","male"
"no","yes",44,"college","no","no","female"
"no","yes",29,"some college","no","no","male"
"no","yes",34,"master","no","no","male"
"yes","yes",26,"hs","no","no","male"
"no","yes",25,"hs","no","no","female"
"yes","yes",21,"hs","no","no","female"
"no","yes",53,"hs","no","no","female"
"no","yes",30,"master","no","no","male"
"no","yes",55,"hs","no","no","male"
"yes","yes",52,"hs","no","no","male"
"no","yes",24,"some college","no","no","female"
"no","no",44,"college","no","no","female"
"yes","yes",28,"hs","no","no","female"
"no","yes",59,"some college","no","no","male"
"no","no",56,"some college","no","no","female"
"no","no",36,"master","no","no","male"
"no","yes",38,"hs drop out","no","no","female"
"no","yes",52,"some college","no","no","male"
"no","yes",45,"some college","no","no","female"
"no","yes",54,"some college","no","no","male"
"no","no",53,"hs drop out","no","yes","female"
"no","yes",57,"hs","no","no","female"
"no","no",25,"some college","no","no","male"
"no","yes",38,"master","no","no","female"
"yes","yes",31,"college","no","no","male"
"no","yes",57,"some college","no","no","male"
"yes","yes",45,"master","no","no","female"
"no","yes",37,"college","no","yes","male"
"no","yes",33,"master","no","no","male"
"no","no",55,"some college","no","no","female"
"yes","yes",35,"some college","no","no","female"
"no","yes",37,"hs","no","no","male"
"no","yes",55,"some college","no","no","female"
"no","no",36,"some college","no","no","female"
"no","yes",69,"hs","no","no","female"
"no","yes",23,"some college","no","no","female"
"yes","yes",47,"some college","no","no","male"
"no","no",32,"master","no","no","male"
"no","yes",65,"some college","no","no","female"
"no","no",55,"college","no","no","male"
"no","yes",59,"some college","no","no","female"
"no","yes",34,"some college","no","yes","female"
"yes","yes",38,"some college","no","no","female"
"no","yes",35,"college","no","no","male"
"no","yes",34,"some college","no","no","female"
"no","yes",25,"college","no","no","male"
"no","yes",31,"some college","no","no","female"
"no","yes",38,"some college","no","no","male"
"no","yes",24,"college","no","no","female"
"no","yes",34,"some college","no","no","male"
"no","yes",56,"hs","no","no","female"
"no","yes",26,"hs","no","no","male"
"no","no",30,"college","no","no","male"
"no","yes",35,"college","no","no","female"
"no","yes",39,"hs drop out","no","yes","female"
"no","yes",18,"hs","no","yes","male"
"no","yes",40,"hs","no","no","female"
"no","yes",36,"some college","no","yes","male"
"no","no",19,"hs","no","no","female"
"no","yes",39,"college","no","no","male"
"yes","yes",50,"hs","no","yes","female"
"no","yes",23,"some college","no","yes","male"
"no","yes",25,"hs","no","yes","male"
"no","yes",47,"hs","no","no","female"
"no","yes",29,"college","no","no","female"
"yes","yes",46,"some college","no","no","female"
"no","yes",51,"hs drop out","no","no","female"
"no","yes",40,"college","no","no","female"
"yes","yes",45,"hs","no","no","female"
"no","no",29,"some college","no","no","female"
"no","yes",26,"some college","no","no","female"
"no","yes",30,"some college","no","no","male"
"no","yes",46,"some college","no","no","female"
"no","yes",43,"some college","no","no","female"
"yes","yes",47,"hs","no","no","female"
"no","yes",27,"hs drop out","no","no","male"
"no","no",28,"hs","no","yes","female"
"yes","yes",47,"some college","no","no","male"
"no","yes",51,"college","no","no","female"
"no","yes",42,"some college","no","no","male"
"no","no",40,"some college","no","no","female"
"yes","yes",36,"hs","no","no","female"
"yes","yes",41,"college","no","no","male"
"yes","yes",43,"hs drop out","no","no","male"
"yes","no",36,"some college","no","no","female"
"no","yes",52,"hs","no","no","female"
"yes","yes",55,"hs drop out","no","no","male"
"no","no",49,"master","no","no","male"
"no","yes",49,"master","no","no","female"
"no","yes",23,"some college","no","no","female"
"no","no",27,"some college","no","no","male"
"no","yes",27,"college","no","yes","female"
"yes","yes",45,"hs","no","no","male"
"yes","yes",39,"hs","no","no","female"
"no","no",58,"hs","no","no","male"
"no","no",28,"hs drop out","no","yes","male"
"no","yes",53,"college","no","no","female"
"no","yes",42,"some college","no","yes","female"
"no","no",35,"hs","no","no","female"
"yes","no",31,"some college","no","no","female"
"no","yes",49,"hs","no","no","female"
"no","yes",52,"hs","no","no","female"
"no","yes",32,"hs","no","no","female"
"no","no",39,"hs","no","yes","female"
"no","no",56,"hs drop out","no","no","female"
"no","yes",31,"some college","no","no","female"
"no","no",21,"hs","no","no","male"
"no","no",21,"hs","no","no","female"
"no","yes",33,"hs drop out","no","yes","female"
"no","yes",36,"college","no","no","female"
"no","no",53,"hs","no","no","male"
"no","yes",53,"hs","no","no","female"
"yes","yes",32,"some college","no","no","male"
"no","yes",40,"some college","no","no","female"
"no","yes",51,"some college","no","no","female"
"no","yes",30,"hs","no","no","male"
"yes","no",43,"hs","no","no","male"
"no","yes",50,"some college","no","no","female"
"no","no",70,"hs","no","no","male"
"no","yes",32,"some college","no","no","male"
"yes","no",51,"some college","no","no","male"
"no","yes",48,"some college","no","no","female"
"no","no",39,"hs","no","no","female"
"no","yes",57,"hs","no","no","female"
"no","yes",61,"hs drop out","no","yes","male"
"no","yes",57,"hs drop out","no","yes","female"
"no","yes",43,"master","no","no","female"
"no","yes",36,"college","no","no","female"
"no","yes",61,"some college","no","no","male"
"no","yes",59,"college","no","no","female"
"no","no",44,"hs","no","no","female"
"no","no",38,"hs drop out","no","yes","male"
"no","yes",43,"college","no","no","male"
"no","yes",29,"some college","no","no","male"
"no","yes",23,"hs","no","no","male"
"no","no",23,"hs","no","no","female"
"no","no",28,"some college","no","no","female"
"yes","yes",35,"hs","no","no","male"
"no","yes",28,"some college","no","yes","female"
"no","yes",37,"some college","no","no","female"
"no","yes",24,"college","no","no","female"
"no","yes",34,"college","no","no","female"
"no","yes",59,"college","no","no","male"
"no","yes",57,"some college","no","no","female"
"yes","no",34,"hs","no","no","male"
"yes","no",32,"hs","no","no","male"
"no","yes",61,"master","no","no","female"
"no","yes",21,"hs","no","no","male"
"no","yes",36,"some college","no","no","female"
"no","yes",46,"hs","no","no","female"
"no","yes",50,"master","no","no","male"
"no","yes",58,"master","no","no","male"
"yes","yes",18,"hs","no","no","female"
"no","yes",51,"master","no","no","male"
"no","yes",31,"college","no","no","female"
"no","no",33,"hs","no","yes","male"
"no","yes",45,"master","no","no","female"
"yes","yes",55,"some college","no","no","female"
"yes","yes",56,"some college","no","no","female"
"no","yes",29,"college","no","no","male"
"no","yes",25,"master","no","no","female"
"no","no",27,"college","no","yes","male"
"no","yes",29,"college","no","yes","female"
"no","yes",42,"master","no","no","female"
"no","yes",45,"hs","no","yes","female"
"no","no",29,"some college","no","yes","male"
"no","yes",46,"some college","no","yes","female"
"yes","yes",34,"hs","no","no","female"
"yes","yes",42,"hs","no","no","female"
"no","yes",26,"some college","no","no","female"
"no","yes",33,"master","no","no","female"
"yes","yes",54,"hs","no","no","female"
"yes","yes",32,"hs","no","no","female"
"no","yes",33,"hs drop out","no","yes","female"
"no","no",22,"hs drop out","no","yes","male"
"no","yes",54,"hs","no","no","female"
"yes","yes",55,"hs","no","no","female"
"no","yes",45,"some college","yes","no","male"
"no","yes",36,"some college","no","no","male"
"no","yes",58,"hs","no","no","female"
"yes","yes",32,"some college","no","no","female"
"no","yes",24,"hs","no","yes","female"
"no","yes",19,"hs drop out","no","yes","male"
"yes","yes",47,"college","no","no","male"
"no","no",43,"hs","no","no","female"
"yes","no",34,"hs drop out","no","no","female"
"yes","yes",54,"some college","no","no","female"
"no","yes",50,"hs","no","no","male"
"no","no",67,"hs","no","no","female"
"no","no",51,"hs","no","no","female"
"yes","no",25,"hs","no","no","male"
"no","no",58,"hs drop out","no","yes","male"
"no","yes",63,"some college","no","no","female"
"no","yes",50,"hs","no","no","female"
"no","no",58,"hs","no","no","male"
"yes","no",49,"hs","no","no","male"
"yes","yes",46,"hs drop out","no","no","female"
"yes","yes",50,"some college","no","yes","female"
"no","yes",52,"hs","no","no","female"
"no","no",38,"hs drop out","no","no","male"
"no","yes",59,"hs drop out","no","no","female"
"no","no",56,"hs drop out","no","no","male"
"yes","yes",32,"hs","no","no","female"
"no","yes",68,"hs","no","no","male"
"no","yes",53,"hs","no","yes","female"
"no","yes",34,"some college","no","no","male"
"no","yes",33,"hs","no","no","female"
"no","no",24,"hs drop out","no","yes","male"
"no","yes",44,"some college","no","no","female"
"no","yes",42,"some college","no","no","male"
"no","yes",41,"some college","no","no","female"
"no","no",42,"college","no","no","male"
"no","no",38,"college","no","no","female"
"no","no",36,"hs drop out","no","no","female"
"no","no",54,"college","no","yes","male"
"no","yes",39,"hs","no","yes","female"
"no","no",30,"hs","no","no","male"
"yes","yes",47,"hs drop out","no","yes","male"
"yes","yes",55,"hs drop out","no","no","female"
"yes","yes",47,"hs drop out","no","no","female"
"yes","no",34,"hs","no","no","female"
"no","yes",57,"some college","no","yes","female"
"no","yes",42,"hs","no","no","female"
"no","yes",49,"hs drop out","no","no","male"
"no","yes",44,"master","no","no","female"
"no","yes",45,"master","no","no","male"
"no","yes",49,"college","no","no","male"
"no","yes",48,"some college","no","no","female"
"no","yes",29,"hs","no","yes","female"
"no","yes",36,"hs","no","no","female"
"yes","no",48,"hs","no","yes","female"
"yes","yes",44,"college","no","no","female"
"no","yes",30,"master","no","no","female"
"no","yes",29,"master","no","no","male"
"no","no",38,"college","no","no","female"
"no","yes",48,"master","no","no","female"
"no","yes",46,"master","no","no","male"
"no","yes",25,"some college","no","no","female"
"no","yes",37,"college","no","no","female"
"no","yes",37,"some college","no","no","female"
"no","no",26,"some college","no","no","female"
"no","no",59,"college","no","no","male"
"yes","no",30,"some college","no","no","male"
"no","no",28,"hs","no","no","male"
"no","no",24,"hs","no","no","female"
"no","no",26,"college","no","no","male"
"yes","yes",48,"some college","no","no","male"
"no","yes",46,"some college","no","no","female"
"yes","no",21,"hs","no","no","male"
"no","no",33,"hs","no","no","female"
"no","no",27,"some college","no","no","female"
"no","no",42,"some college","no","no","male"
"no","no",50,"college","no","yes","male"
"yes","no",46,"hs drop out","no","no","female"
"no","no",47,"hs","no","no","male"
"yes","no",18,"hs drop out","no","no","male"
"no","no",33,"hs drop out","no","no","female"
"no","no",51,"hs","no","no","male"
"no","yes",48,"hs","no","no","female"
"yes","no",23,"hs","no","no","male"
"yes","no",47,"some college","no","yes","male"
"no","no",46,"college","no","no","male"
"no","no",29,"hs drop out","no","yes","male"
"no","no",23,"hs drop out","no","yes","female"
"yes","no",60,"hs drop out","no","no","female"
"no","yes",39,"some college","no","no","male"
"yes","no",41,"hs","no","no","male"
"yes","yes",19,"hs","no","no","female"
"no","yes",40,"hs","no","no","male"
"no","yes",41,"hs","no","no","female"
"no","yes",33,"some college","no","no","female"
"yes","yes",41,"some college","no","no","female"
"yes","yes",26,"hs","no","no","male"
"no","no",26,"some college","no","no","female"
"no","yes",29,"some college","yes","no","female"
"no","yes",40,"college","no","no","male"
"no","yes",39,"master","no","no","female"
"no","yes",47,"master","no","no","female"
"no","no",24,"college","no","no","female"
"no","no",36,"master","no","no","male"
"no","no",50,"hs drop out","no","no","female"
"no","no",44,"some college","no","no","male"
"no","yes",42,"master","no","no","female"
"no","no",38,"hs drop out","no","no","male"
"yes","yes",40,"hs","no","no","female"
"yes","yes",32,"hs drop out","no","no","male"
"yes","yes",40,"hs drop out","no","no","male"
"no","yes",59,"hs drop out","no","no","female"
"no","no",33,"some college","no","no","male"
"no","no",34,"some college","no","no","female"
"no","yes",68,"some college","no","no","female"
"no","yes",61,"some college","no","no","male"
"no","yes",57,"hs","no","no","female"
"no","no",51,"hs","no","no","male"
"yes","no",49,"some college","no","no","female"
"yes","yes",19,"some college","no","no","female"
"no","no",47,"some college","no","no","female"
"no","yes",36,"some college","no","no","female"
"no","yes",41,"master","no","no","male"
"no","yes",40,"master","no","no","female"
"yes","no",58,"hs","no","no","female"
"yes","yes",53,"hs","no","no","female"
"yes","no",41,"some college","no","no","male"
"no","no",43,"master","no","no","male"
"yes","no",23,"hs","no","no","female"
"no","yes",51,"college","no","no","female"
"no","no",33,"hs","no","no","male"
"yes","no",42,"college","no","no","female"
"no","yes",64,"hs","no","no","female"
"no","yes",70,"hs","no","no","male"
"yes","yes",29,"hs drop out","no","no","female"
"no","yes",50,"college","no","no","female"
"no","no",57,"master","no","no","male"
"no","yes",28,"hs","no","no","female"
"no","yes",61,"master","no","no","male"
"no","yes",34,"college","no","no","male"
"no","yes",37,"college","no","no","female"
"no","yes",45,"some college","no","no","male"
"no","yes",29,"some college","no","no","male"
"yes","no",29,"hs","no","no","female"
"yes","no",27,"hs","no","no","male"
"no","yes",29,"hs","no","no","female"
"no","yes",28,"some college","no","no","female"
"yes","yes",50,"some college","no","no","female"
"no","yes",23,"hs","no","no","male"
"no","yes",27,"hs","no","no","female"
"yes","no",58,"hs","no","no","female"
"no","yes",35,"some college","no","no","female"
"no","no",35,"some college","no","no","male"
"yes","no",28,"hs","no","no","male"
"no","yes",25,"some college","no","no","female"
"no","yes",48,"college","no","no","male"
"no","yes",63,"hs drop out","no","no","female"
"no","no",22,"hs drop out","no","no","male"
"no","no",36,"some college","no","no","female"
"yes","yes",34,"hs drop out","no","no","male"
"yes","no",53,"master","no","no","male"
"no","no",50,"college","no","no","female"
"no","yes",41,"college","no","no","male"
"yes","no",44,"college","no","no","male"
"no","yes",28,"hs","no","no","female"
"no","yes",45,"college","no","no","male"
"no","no",42,"hs","no","no","male"
"no","no",40,"hs drop out","no","yes","male"
"no","yes",36,"hs","no","yes","female"
"no","no",38,"some college","no","no","male"
"no","yes",20,"some college","no","no","male"
"no","no",55,"hs","no","no","female"
"no","no",40,"some college","no","no","male"
"no","yes",35,"some college","yes","no","female"
"no","yes",51,"master","no","no","male"
"yes","yes",56,"college","no","no","male"
"yes","yes",33,"hs","no","no","female"
"no","yes",37,"hs","no","no","female"
"no","no",66,"master","no","no","male"
"no","yes",56,"hs drop out","no","no","male"
"no","yes",45,"some college","no","no","female"
"no","no",34,"some college","no","no","male"
"no","no",32,"college","no","no","female"
"no","yes",35,"some college","no","no","male"
"no","yes",23,"hs","no","no","female"
"no","yes",42,"some college","no","no","female"
"no","yes",68,"hs","no","no","male"
"yes","yes",67,"some college","no","no","female"
"no","yes",41,"master","no","no","male"
"no","yes",39,"master","no","no","female"
"no","no",27,"hs","no","no","female"
"yes","no",46,"hs drop out","no","no","male"
"yes","no",33,"hs","no","no","female"
"yes","no",41,"master","no","no","female"
"yes","yes",30,"hs drop out","no","no","male"
"yes","yes",28,"hs","no","no","female"
"no","no",46,"master","no","no","male"
"no","yes",46,"some college","no","no","female"
"yes","yes",59,"hs","no","no","female"
"no","yes",56,"hs","no","no","female"
"yes","no",29,"some college","no","no","male"
"yes","no",21,"hs","no","no","male"
"yes","yes",28,"hs","no","no","female"
"no","no",30,"hs","no","no","female"
"no","yes",26,"college","no","no","female"
"yes","yes",29,"some college","no","no","female"
"no","yes",27,"college","no","no","male"
"no","yes",26,"college","no","no","female"
"no","no",46,"some college","no","no","female"
"yes","yes",37,"some college","no","no","female"
"no","no",29,"master","no","no","female"
"no","yes",44,"hs","no","no","female"
"no","no",34,"some college","no","no","male"
"no","no",44,"hs","no","no","male"
"yes","yes",23,"some college","no","no","female"
"yes","yes",67,"some college","no","no","female"
"no","yes",31,"hs","no","no","female"
"no","no",76,"some college","no","no","female"
"no","yes",60,"hs","no","no","female"
"no","yes",46,"some college","no","no","female"
"no","no",44,"master","no","no","male"
"no","yes",46,"some college","no","no","male"
"yes","no",43,"hs drop out","no","no","female"
"no","no",32,"hs","no","no","female"
"yes","yes",31,"hs","no","no","female"
"yes","yes",35,"some college","no","no","female"
"yes","no",38,"hs","no","no","male"
"no","no",34,"hs","no","no","male"
"no","no",33,"some college","no","no","female"
"yes","yes",21,"hs drop out","no","no","male"
"yes","no",27,"hs drop out","no","no","male"
"no","no",20,"hs","no","no","female"
"no","no",44,"college","no","no","male"
"no","yes",34,"college","no","no","female"
"no","no",62,"master","no","no","female"
"yes","yes",40,"hs","no","no","male"
"yes","no",36,"some college","no","no","female"
"no","yes",36,"some college","no","no","male"
"no","yes",34,"some college","no","no","female"
"no","yes",48,"hs drop out","no","no","male"
"yes","no",27,"some college","no","no","female"
"no","yes",53,"hs","no","no","female"
"yes","yes",34,"hs","no","no","female"
"no","yes",49,"some college","no","no","male"
"yes","no",31,"hs drop out","no","no","male"
"yes","no",30,"hs drop out","no","no","female"
"no","no",31,"some college","no","no","male"
"no","yes",41,"some college","no","no","female"
"no","no",45,"master","no","no","male"
"no","yes",50,"hs","no","no","female"
"yes","yes",50,"hs","no","no","female"
"yes","yes",35,"hs drop out","no","no","female"
"no","yes",33,"hs","no","no","female"
"yes","yes",41,"hs","no","no","female"
"yes","yes",40,"hs","no","yes","male"
"no","yes",41,"some college","no","no","female"
"yes","no",30,"college","no","no","female"
"no","yes",51,"hs","no","no","female"
"no","no",66,"some college","no","no","male"
"yes","no",43,"hs","no","no","male"
"yes","yes",42,"some college","no","no","female"
"no","yes",35,"college","no","no","male"
"no","yes",76,"hs","no","no","female"
"no","yes",43,"college","no","no","female"
"no","yes",36,"hs","no","no","male"
"no","yes",39,"hs","no","no","female"
"no","yes",49,"hs","no","no","male"
"yes","yes",50,"hs","no","no","female"
"yes","no",59,"hs drop out","no","no","male"
"yes","no",30,"some college","no","no","female"
"no","yes",51,"master","no","no","male"
"no","yes",42,"some college","no","no","male"
"no","yes",41,"hs","no","no","male"
"no","no",57,"some college","no","no","female"
"yes","no",59,"master","no","no","male"
"no","yes",57,"college","no","no","female"
"yes","yes",58,"hs drop out","no","no","male"
"yes","no",36,"some college","no","no","female"
"yes","no",58,"hs drop out","no","no","male"
"no","no",34,"hs","no","no","female"
"no","no",63,"hs drop out","no","no","male"
"no","no",60,"hs drop out","no","no","male"
"no","yes",38,"master","no","no","male"
"no","no",44,"college","no","no","male"
"no","yes",41,"college","no","no","female"
"yes","yes",57,"some college","no","no","female"
"no","no",27,"hs","no","yes","male"
"no","yes",40,"master","no","no","male"
"no","yes",47,"master","no","no","female"
"no","no",20,"some college","no","no","female"
"no","yes",40,"college","no","no","male"
"no","yes",36,"master","no","no","male"
"no","yes",24,"college","no","no","male"
"no","yes",65,"hs","no","no","female"
"no","no",27,"college","no","no","female"
"no","yes",27,"some college","yes","no","male"
"no","yes",31,"some college","yes","no","female"
"no","no",41,"some college","no","no","male"
"no","yes",28,"master","no","no","female"
"no","no",30,"master","no","no","male"
"no","no",43,"hs","yes","no","female"
"no","no",47,"hs","no","no","female"
"no","no",24,"master","no","no","male"
"no","yes",54,"some college","yes","no","female"
"no","yes",64,"hs","yes","no","female"
"no","no",32,"some college","no","no","male"
"no","no",50,"hs","no","no","male"
"no","yes",32,"some college","no","no","male"
"no","yes",25,"master","no","no","male"
"no","no",64,"some college","no","no","male"
"no","yes",30,"some college","yes","no","female"
"no","yes",24,"some college","yes","no","female"
"yes","yes",29,"hs","no","yes","male"
"no","yes",42,"college","no","no","female"
"no","yes",32,"master","no","no","male"
"no","yes",37,"some college","yes","no","female"
"no","yes",42,"master","no","no","male"
"no","no",32,"some college","yes","no","female"
"no","yes",25,"some college","yes","no","female"
"no","yes",32,"some college","no","yes","female"
"no","yes",46,"some college","no","no","female"
"yes","no",22,"college","no","no","female"
"no","no",28,"some college","no","no","female"
"yes","no",61,"college","no","no","male"
"yes","no",49,"hs","no","no","female"
"no","no",45,"master","no","no","male"
"no","yes",33,"hs","yes","no","female"
"no","no",42,"some college","no","no","female"
"no","no",57,"hs","yes","no","female"
"no","no",70,"master","no","no","female"
"no","no",76,"master","no","no","male"
"yes","no",40,"college","no","no","male"
"no","yes",47,"college","no","no","male"
"no","no",24,"hs","no","yes","female"
"no","yes",35,"some college","no","yes","male"
"no","yes",68,"some college","no","no","male"
"no","yes",46,"hs","yes","no","male"
"no","no",78,"hs","no","no","male"
"yes","no",61,"hs","no","no","female"
"no","yes",62,"master","no","no","male"
"yes","yes",53,"hs","no","no","female"
"yes","no",27,"hs","yes","no","female"
"no","yes",35,"some college","yes","no","female"
"yes","no",32,"hs drop out","no","no","male"
"no","no",50,"hs","no","yes","female"
"no","no",29,"some college","no","yes","male"
"no","no",38,"some college","no","no","male"
"no","yes",70,"hs","yes","no","female"
"no","no",32,"hs drop out","no","yes","male"
"yes","no",39,"some college","no","no","male"
"yes","yes",35,"college","yes","no","male"
"no","yes",30,"some college","no","no","female"
"no","no",35,"some college","no","no","female"
"yes","yes",28,"hs","no","no","female"
"no","yes",32,"college","yes","no","female"
"no","yes",45,"college","no","no","female"
"no","no",33,"college","no","no","female"
"no","yes",28,"hs","yes","no","female"
"no","no",29,"some college","no","no","female"
"no","yes",51,"master","no","no","male"
"yes","yes",40,"hs","no","no","female"
"yes","no",41,"some college","no","no","female"
"yes","yes",31,"some college","no","no","female"
"no","yes",57,"master","no","no","male"
"no","yes",56,"master","no","no","female"
"no","yes",57,"master","yes","yes","female"
"yes","no",53,"hs","yes","no","male"
"no","no",50,"college","no","no","female"
"no","yes",39,"hs drop out","no","no","male"
"no","yes",54,"master","no","no","female"
"no","no",61,"college","no","no","male"
"yes","no",39,"some college","no","yes","female"
"no","yes",30,"college","yes","no","female"
"no","yes",45,"master","no","no","female"
"no","no",68,"hs drop out","no","no","male"
"yes","no",46,"some college","yes","no","male"
"no","no",47,"master","no","no","male"
"no","yes",49,"hs","yes","no","female"
"no","yes",21,"hs","yes","no","female"
"yes","no",53,"hs","yes","no","female"
"no","no",22,"some college","yes","no","female"
"yes","no",40,"hs","no","yes","female"
"no","no",81,"master","no","no","female"
"yes","yes",42,"hs","yes","no","female"
"no","no",29,"master","no","no","male"
"no","no",26,"master","no","no","female"
"no","no",47,"master","no","no","male"
"yes","yes",27,"college","no","no","female"
"yes","yes",51,"hs","no","no","female"
"no","no",36,"master","no","no","male"
"no","yes",35,"college","no","no","female"
"no","yes",22,"hs","no","yes","male"
"no","yes",68,"hs","no","no","female"
"no","no",39,"college","no","no","male"
"no","no",41,"hs drop out","no","yes","male"
"no","yes",25,"some college","no","no","male"
"yes","yes",48,"hs","no","no","male"
"no","no",33,"college","no","no","female"
"no","yes",32,"master","no","no","female"
"no","no",47,"college","no","no","female"
"no","yes",34,"college","no","no","female"
"no","no",44,"college","yes","no","male"
"no","yes",39,"some college","yes","no","male"
"no","yes",38,"college","no","no","female"
"no","no",45,"hs drop out","no","no","female"
"yes","yes",40,"college","no","no","male"
"no","no",50,"hs","no","no","male"
"no","yes",45,"hs drop out","no","yes","male"
"no","no",35,"hs drop out","no","yes","female"
"no","yes",18,"hs","no","yes","female"
"yes","yes",40,"some college","no","yes","female"
"yes","yes",43,"college","no","no","male"
"no","yes",50,"hs drop out","no","no","male"
"no","yes",24,"college","no","no","female"
"yes","yes",58,"hs drop out","no","yes","female"
"no","no",36,"hs","no","yes","male"
"no","no",78,"some college","no","no","male"
"no","no",64,"some college","no","no","female"
"yes","no",71,"hs","no","no","female"
"no","no",40,"hs","no","yes","female"
"no","no",55,"hs","yes","no","male"
"no","no",63,"hs drop out","no","yes","male"
"no","no",58,"hs","no","yes","male"
"no","yes",30,"master","no","no","male"
"no","no",71,"some college","no","no","female"
"yes","no",31,"some college","no","no","female"
"no","yes",46,"some college","no","no","female"
"no","yes",27,"master","no","no","male"
"no","no",31,"hs","no","no","male"
"no","yes",27,"college","no","no","female"
"no","no",37,"master","no","no","female"
"yes","no",30,"hs","no","no","female"
"no","yes",45,"hs drop out","yes","yes","male"
"no","no",32,"hs drop out","yes","yes","male"
"no","no",28,"master","no","no","female"
"yes","no",66,"master","no","no","female"
"yes","yes",34,"master","no","no","male"
"yes","no",33,"college","no","no","female"
"yes","yes",42,"some college","yes","no","female"
"no","yes",41,"college","no","no","male"
"no","yes",26,"college","no","no","female"
"no","yes",68,"hs drop out","no","yes","male"
"no","no",33,"college","no","no","female"
"no","yes",42,"hs","no","yes","male"
"no","no",66,"some college","no","no","female"
"no","no",34,"hs drop out","no","no","male"
"no","no",38,"master","no","no","male"
"no","no",37,"master","no","no","female"
"no","no",26,"college","no","no","female"
"no","no",36,"some college","no","no","male"
"no","no",36,"college","no","no","female"
"no","yes",41,"college","yes","no","female"
"no","no",22,"hs","no","no","male"
"no","no",34,"master","no","no","female"
"no","yes",27,"hs","yes","no","male"
"no","no",40,"hs","no","yes","male"
"no","yes",50,"college","no","no","female"
"no","yes",34,"college","no","no","male"
"no","yes",54,"some college","no","no","male"
"no","yes",48,"master","no","no","female"
"no","no",37,"hs drop out","no","no","female"
"no","no",37,"hs","no","yes","male"
"no","no",33,"college","no","no","male"
"yes","yes",29,"some college","no","no","female"
"no","yes",44,"college","no","no","female"
"no","no",21,"some college","no","no","male"
"yes","no",33,"some college","yes","no","male"
"no","yes",33,"some college","yes","no","female"
"yes","no",47,"some college","no","yes","male"
"yes","no",37,"hs","no","no","female"
"yes","yes",42,"some college","no","no","female"
"no","no",55,"hs drop out","yes","no","male"
"yes","yes",29,"hs","no","no","male"
"no","no",31,"some college","no","no","male"
"no","no",28,"college","no","no","male"
"yes","yes",43,"hs","no","yes","male"
"yes","yes",52,"hs","no","no","female"
"no","no",31,"hs drop out","yes","no","female"
"yes","yes",26,"hs","no","no","male"
"no","yes",42,"hs","no","no","male"
"no","yes",40,"some college","no","no","female"
"yes","no",36,"some college","yes","no","female"
"no","no",28,"hs","no","no","male"
"no","yes",22,"some college","yes","no","female"
"no","yes",36,"some college","no","no","female"
"no","yes",41,"college","no","no","male"
"no","yes",39,"college","no","no","female"
"no","no",29,"master","no","no","male"
"no","no",30,"college","no","no","female"
"no","yes",50,"some college","no","no","female"
"no","no",54,"some college","no","no","male"
"no","no",23,"hs","yes","yes","male"
"no","no",25,"hs","yes","yes","male"
"no","no",22,"hs","yes","yes","female"
"no","yes",41,"hs","no","yes","male"
"no","yes",40,"some college","no","yes","female"
"yes","yes",41,"hs","no","no","male"
"no","no",56,"hs drop out","no","yes","male"
"no","no",38,"some college","no","no","male"
"yes","no",50,"master","no","no","female"
"no","yes",59,"college","no","no","female"
"no","no",47,"college","no","no","female"
"no","yes",40,"some college","no","no","female"
"no","yes",36,"some college","no","no","female"
"no","no",28,"some college","yes","no","female"
"no","yes",23,"some college","no","no","male"
"no","yes",44,"college","no","no","male"
"no","no",33,"college","no","no","female"
"no","no",41,"some college","no","no","male"
"no","no",59,"hs","no","no","female"
"no","yes",34,"college","no","no","male"
"no","no",27,"college","no","no","male"
"no","no",22,"some college","no","no","male"
"no","yes",52,"college","no","no","male"
"no","no",26,"hs drop out","no","yes","male"
"yes","yes",23,"hs drop out","no","yes","female"
"no","no",34,"some college","no","no","male"
"no","yes",61,"hs","no","no","female"
"yes","no",33,"some college","no","no","male"
"no","yes",22,"hs drop out","yes","no","female"
"yes","yes",52,"some college","yes","yes","female"
"no","yes",39,"master","no","no","male"
"no","no",37,"hs","no","no","male"
"no","yes",28,"college","yes","no","female"
"no","no",32,"hs drop out","yes","yes","male"
"yes","yes",38,"some college","no","no","female"
"yes","no",58,"college","no","no","male"
"no","no",28,"college","yes","no","female"
"no","no",43,"some college","no","yes","female"
"no","no",19,"hs","no","no","female"
"no","no",29,"some college","yes","no","male"
"no","yes",33,"hs drop out","yes","no","male"
"no","yes",32,"hs","yes","no","female"
"no","no",52,"some college","yes","no","female"
"no","no",53,"hs","yes","no","male"
"no","yes",51,"hs","yes","no","female"
"no","no",29,"college","no","no","male"
"no","yes",31,"hs","no","no","female"
"no","no",32,"some college","no","yes","male"
"no","no",36,"college","no","yes","male"
"no","yes",46,"master","no","yes","male"
"yes","no",33,"hs","no","no","female"
"yes","no",44,"hs drop out","no","yes","female"
"yes","yes",66,"hs drop out","no","no","female"
"no","no",34,"hs","yes","no","female"
"no","yes",29,"master","yes","no","female"
"no","yes",18,"hs drop out","yes","no","male"
"no","yes",24,"some college","yes","no","male"
"no","yes",23,"some college","yes","no","male"
"no","no",27,"some college","yes","no","female"
"no","no",43,"master","no","no","female"
"no","no",57,"college","no","no","female"
"no","yes",26,"hs","no","yes","female"
"no","no",34,"some college","no","no","male"
"no","no",45,"hs","yes","no","female"
"yes","yes",27,"hs","no","yes","female"
"no","no",53,"hs","yes","no","female"
"yes","no",28,"some college","yes","no","male"
"no","yes",61,"some college","no","no","female"
"no","yes",37,"master","no","no","female"
"no","no",43,"master","no","no","female"
"no","yes",35,"master","no","no","male"
"no","yes",31,"master","no","no","female"
"no","yes",25,"hs","no","no","male"
"no","yes",52,"master","no","no","female"
"no","yes",42,"college","no","no","male"
"no","yes",44,"master","no","no","female"
"no","no",66,"college","no","no","female"
"no","yes",46,"college","no","no","female"
"yes","yes",44,"some college","yes","no","female"
"no","no",44,"master","no","no","male"
"yes","yes",49,"hs","yes","no","male"
"yes","no",33,"some college","no","no","female"
"no","no",71,"master","no","no","male"
"no","no",33,"hs drop out","no","no","male"
"no","yes",25,"master","no","yes","female"
"no","yes",53,"master","no","no","female"
"no","no",23,"some college","yes","no","female"
"no","yes",42,"some college","no","no","female"
"no","no",39,"some college","no","yes","male"
"yes","yes",55,"master","no","no","female"
"no","yes",41,"master","no","no","male"
"no","yes",45,"master","yes","no","female"
"no","yes",55,"hs drop out","yes","no","female"
"no","no",27,"hs","no","no","female"
"no","no",33,"some college","no","no","male"
"no","yes",48,"some college","yes","no","female"
"no","yes",33,"master","no","no","male"
"no","yes",35,"some college","no","no","male"
"no","yes",40,"some college","no","no","female"
"no","yes",55,"master","no","no","female"
"no","no",29,"hs","yes","yes","male"
"yes","yes",48,"hs","no","no","female"
"yes","yes",48,"some college","no","no","female"
"no","yes",24,"master","no","no","male"
"no","yes",33,"college","no","no","female"
"no","no",34,"some college","yes","no","female"
"no","no",30,"college","no","no","male"
"no","no",42,"college","no","no","male"
"no","no",41,"hs","yes","no","female"
"no","no",60,"hs","no","no","female"
"no","no",60,"some college","no","yes","female"
"yes","no",25,"hs","no","yes","male"
"no","yes",38,"hs","no","no","female"
"no","yes",39,"master","yes","no","male"
"no","yes",33,"master","no","no","male"
"yes","yes",32,"hs","yes","no","female"
"no","yes",58,"hs","no","no","female"
"no","yes",48,"master","yes","no","female"
"no","yes",58,"college","no","no","male"
"no","no",56,"hs drop out","no","no","male"
"no","no",34,"master","no","no","female"
"yes","no",55,"hs","no","no","female"
"no","no",42,"hs drop out","no","yes","male"
"no","no",26,"some college","yes","no","male"
"yes","no",49,"some college","yes","no","male"
"no","yes",30,"hs drop out","no","yes","male"
"no","yes",25,"some college","yes","no","female"
"no","no",35,"hs","yes","no","male"
"yes","yes",43,"college","no","no","male"
"no","yes",34,"master","no","no","female"
"no","no",60,"some college","no","no","female"
"yes","yes",25,"some college","no","no","female"
"no","yes",29,"some college","yes","no","female"
"yes","no",35,"hs drop out","no","yes","male"
"no","yes",53,"some college","yes","no","male"
"no","yes",50,"hs","yes","no","female"
"no","yes",35,"master","no","no","female"
"no","yes",36,"hs","no","no","male"
"no","yes",37,"hs drop out","no","yes","female"
"yes","no",25,"college","no","yes","female"
"no","yes",25,"college","no","no","female"
"no","yes",63,"college","no","no","female"
"no","no",33,"hs","no","no","male"
"no","yes",22,"college","no","no","female"
"no","yes",30,"some college","no","no","female"
"yes","yes",46,"hs","no","no","female"
"no","yes",51,"hs","no","no","female"
"no","yes",28,"master","no","no","male"
"no","yes",51,"master","no","no","female"
"no","no",45,"college","no","no","female"
"no","yes",40,"master","no","no","female"
"yes","yes",45,"some college","no","yes","female"
"yes","no",28,"some college","no","no","female"
"no","yes",39,"hs drop out","no","yes","male"
"no","yes",18,"some college","no","no","female"
"yes","yes",35,"hs","yes","no","male"
"no","yes",23,"college","no","no","female"
"no","no",22,"hs","no","yes","female"
"no","yes",38,"hs","no","no","male"
"no","yes",34,"hs drop out","yes","no","female"
"no","no",55,"some college","no","no","female"
"no","no",41,"some college","yes","no","male"
"no","no",42,"college","no","no","female"
"no","no",44,"some college","no","no","male"
"no","yes",60,"hs","no","no","male"
"no","yes",46,"hs","no","no","male"
"no","yes",46,"some college","no","yes","female"
"yes","yes",57,"hs","no","no","female"
"no","yes",60,"some college","no","no","female"
"no","yes",27,"hs","no","yes","male"
"no","no",64,"hs","no","no","female"
"no","no",34,"college","no","no","male"
"no","no",39,"some college","yes","no","female"
"no","yes",40,"master","no","no","female"
"no","yes",25,"some college","no","yes","female"
"no","yes",44,"some college","no","no","male"
"yes","no",38,"some college","yes","no","male"
"no","yes",50,"hs","no","no","female"
"no","no",32,"some college","no","no","male"
"no","no",35,"some college","yes","no","male"
"no","yes",47,"hs","no","yes","male"
"no","no",26,"hs drop out","yes","no","male"
"no","no",54,"hs","yes","no","female"
"no","no",50,"hs drop out","yes","no","male"
"no","yes",27,"hs","yes","no","female"
"yes","yes",25,"some college","no","no","female"
"no","yes",45,"college","no","no","female"
"no","no",28,"hs drop out","no","yes","male"
"no","yes",59,"hs","no","yes","male"
"no","no",52,"hs drop out","yes","yes","female"
"no","no",33,"hs","yes","no","male"
"no","no",61,"some college","yes","no","female"
"no","no",30,"hs","yes","no","female"
"no","yes",29,"college","no","no","male"
"no","yes",30,"hs","no","no","female"
"no","no",54,"college","no","no","female"
"no","yes",66,"hs","no","no","female"
"no","no",34,"hs drop out","no","no","female"
"no","yes",22,"college","no","no","male"
"no","no",53,"college","no","no","male"
"no","no",32,"college","no","no","female"
"no","no",45,"college","no","no","male"
"no","no",75,"some college","no","no","female"
"yes","no",49,"master","no","no","male"
"no","yes",63,"college","no","no","male"
"no","yes",30,"college","no","no","male"
"no","no",31,"college","no","no","female"
"no","no",49,"some college","no","yes","male"
"no","yes",30,"some college","no","no","female"
"yes","no",24,"some college","no","no","female"
"no","no",28,"hs","yes","no","female"
"no","no",50,"hs drop out","yes","yes","male"
"no","no",41,"hs drop out","yes","yes","female"
"yes","no",23,"some college","yes","yes","male"
"no","yes",27,"college","no","no","male"
"no","no",37,"master","no","no","male"
"no","no",49,"master","no","no","male"
"no","yes",26,"some college","no","no","female"
"no","no",47,"some college","no","no","male"
"no","yes",22,"some college","no","no","male"
"no","no",48,"hs drop out","yes","no","male"
"no","no",18,"some college","no","no","female"
"no","yes",51,"hs","no","no","female"
"yes","no",56,"college","no","no","male"
"no","yes",45,"some college","no","no","male"
"no","yes",24,"hs","yes","no","male"
"yes","yes",21,"some college","no","no","female"
"no","no",18,"some college","no","no","male"
"yes","yes",50,"hs","no","no","female"
"no","yes",55,"hs","no","no","female"
"no","no",28,"some college","no","yes","female"
"no","no",56,"some college","no","no","male"
"no","no",31,"college","no","no","female"
"yes","no",39,"some college","no","yes","female"
"no","yes",45,"master","no","no","male"
"no","no",25,"college","no","no","female"
"no","yes",21,"college","no","no","male"
"no","no",54,"hs drop out","no","no","male"
"no","yes",37,"college","no","no","male"
"no","yes",71,"some college","no","no","female"
"no","no",37,"hs","no","no","female"
"no","yes",24,"college","no","no","female"
"yes","no",27,"hs drop out","yes","no","male"
"no","yes",38,"college","yes","no","female"
"no","yes",49,"hs","yes","no","female"
"no","yes",25,"hs","yes","no","female"
"no","yes",31,"master","no","no","male"
"no","yes",27,"college","no","no","female"
"no","yes",20,"some college","no","no","female"
"no","yes",55,"hs drop out","no","no","female"
"no","no",59,"college","yes","no","female"
"yes","yes",38,"college","no","no","male"
"yes","yes",32,"college","yes","yes","male"
"no","yes",45,"master","no","no","male"
"no","no",43,"hs","no","no","female"
"yes","yes",20,"some college","no","no","female"
"no","yes",18,"hs drop out","no","no","male"
"no","yes",23,"some college","no","yes","male"
"no","no",22,"some college","no","yes","female"
"yes","yes",25,"hs","no","no","male"
"no","no",28,"college","no","no","female"
"no","no",24,"some college","no","no","female"
"no","yes",45,"hs","yes","no","male"
"no","yes",47,"college","no","no","male"
"yes","no",29,"hs","no","no","female"
"yes","no",32,"college","no","no","male"
"no","yes",56,"hs","no","no","female"
"yes","no",28,"some college","no","no","male"
"no","no",32,"college","no","yes","male"
"yes","no",35,"hs","no","yes","male"
"no","no",26,"college","no","no","female"
"no","no",26,"college","no","no","female"
"yes","yes",59,"hs","no","no","female"
"no","yes",34,"college","no","no","female"
"no","no",45,"master","no","no","male"
"no","yes",54,"hs","yes","no","female"
"no","no",62,"college","no","no","male"
"yes","no",67,"hs","no","no","male"
"no","yes",53,"hs drop out","no","no","female"
"no","yes",23,"college","yes","no","male"
"no","yes",19,"some college","yes","no","male"
"no","yes",36,"college","yes","no","female"
"yes","yes",26,"some college","no","no","male"
"yes","yes",23,"some college","no","no","female"
"yes","yes",22,"hs","no","no","male"
"no","yes",57,"master","no","no","male"
"no","yes",43,"master","no","no","male"
"no","no",19,"some college","no","no","female"
"yes","no",21,"some college","no","no","male"
"no","yes",24,"college","no","no","female"
"no","yes",47,"hs drop out","yes","no","male"
"no","yes",38,"master","no","no","female"
"no","yes",48,"hs","no","no","male"
"no","no",45,"some college","no","no","female"
"yes","yes",18,"hs drop out","no","no","male"
"yes","no",33,"hs","no","no","male"
"no","yes",25,"some college","no","no","female"
"yes","no",54,"hs","no","no","male"
"no","yes",35,"college","no","no","female"
"no","no",34,"some college","no","no","male"
"no","no",57,"hs drop out","no","no","male"
"no","no",53,"hs drop out","no","no","female"
"no","yes",59,"hs drop out","no","no","female"
"yes","no",55,"college","no","no","male"
"yes","no",30,"hs drop out","yes","no","male"
"no","no",34,"college","no","no","male"
"no","no",56,"hs drop out","no","no","male"
"yes","yes",39,"college","no","no","male"
"no","yes",61,"some college","no","no","female"
"no","no",23,"college","no","no","female"
"no","yes",30,"master","no","no","male"
"no","no",37,"college","no","no","male"
"no","yes",45,"some college","no","yes","female"
"yes","no",46,"some college","no","no","female"
"no","yes",19,"some college","no","no","male"
"no","yes",45,"college","no","no","female"
"no","no",42,"college","no","no","male"
"no","no",34,"some college","no","no","female"
"no","yes",32,"college","no","no","male"
"no","no",26,"some college","no","no","male"
"yes","no",28,"hs","no","no","female"
"yes","yes",58,"college","no","no","female"
"yes","no",24,"hs","yes","yes","male"
"no","yes",22,"some college","no","no","female"
"yes","yes",32,"hs","yes","no","female"
"no","no",63,"hs drop out","yes","no","male"
"no","yes",27,"some college","no","yes","female"
"yes","yes",22,"hs","no","yes","female"
"yes","yes",46,"hs","no","no","female"
"no","no",35,"some college","yes","no","female"
"no","no",31,"hs drop out","no","yes","male"
"yes","no",30,"hs","no","no","female"
"no","no",30,"some college","no","no","male"
"yes","yes",53,"hs drop out","no","yes","male"
"no","yes",41,"hs","yes","no","male"
"no","no",29,"some college","yes","no","female"
"no","yes",41,"some college","yes","no","female"
"no","no",50,"hs","no","no","male"
"no","yes",35,"master","no","no","female"
"yes","no",30,"master","no","no","female"
"no","yes",31,"college","no","yes","female"
"no","yes",42,"some college","no","no","female"
"no","yes",54,"some college","no","yes","male"
"no","no",61,"college","no","no","male"
"no","yes",31,"some college","no","no","female"
"no","yes",68,"hs","yes","no","female"
"yes","yes",38,"college","no","no","female"
"no","no",64,"some college","no","no","male"
"no","no",22,"some college","yes","no","female"
"no","yes",49,"some college","no","no","female"
"no","no",37,"master","no","no","female"
"no","yes",24,"some college","no","no","male"
"yes","yes",40,"hs drop out","no","yes","female"
"no","yes",47,"hs","no","no","male"
"no","yes",42,"hs","no","no","female"
"no","yes",40,"some college","no","no","female"
"no","yes",62,"hs","yes","no","female"
"no","no",26,"college","no","no","male"
"no","yes",33,"hs","no","no","female"
"yes","no",36,"college","no","yes","female"
"no","yes",29,"hs","no","yes","male"
"no","no",30,"hs","no","no","male"
"no","yes",30,"hs drop out","no","yes","female"
"no","no",44,"hs","yes","no","male"
"yes","no",64,"hs","no","no","female"
"no","yes",38,"some college","no","yes","female"
"yes","no",39,"some college","no","no","male"
"yes","no",51,"master","no","no","male"
"yes","no",28,"hs","no","no","female"
"yes","no",23,"hs","no","no","female"
"yes","no",25,"hs","yes","no","female"
"no","yes",33,"master","no","no","female"
"no","no",35,"college","no","no","female"
"no","no",46,"some college","no","yes","male"
"no","no",33,"hs drop out","no","yes","female"
"no","no",48,"college","no","no","female"
"no","yes",49,"college","no","no","male"
"no","yes",19,"some college","no","no","female"
"no","no",19,"hs","no","yes","male"
"yes","yes",47,"some college","no","no","male"
"no","yes",47,"some college","no","no","female"
"no","no",59,"hs","no","no","female"
"no","no",62,"hs","yes","no","female"
"no","no",25,"some college","no","no","male"
"no","yes",29,"master","no","no","female"
"no","yes",31,"hs drop out","no","no","male"
"no","yes",29,"some college","no","yes","female"
"no","no",60,"hs","no","no","female"
"no","no",37,"college","no","no","male"
"no","yes",32,"college","no","yes","male"
"no","yes",41,"college","no","no","female"
"no","no",38,"master","no","no","female"
"no","no",25,"some college","no","no","female"
"no","no",29,"hs","no","no","female"
"yes","no",31,"master","no","no","female"
"yes","yes",32,"some college","yes","no","female"
"yes","yes",51,"some college","no","no","female"
"yes","no",25,"hs drop out","no","yes","male"
"no","yes",48,"some college","yes","no","male"
"no","no",53,"master","no","no","male"
"no","yes",37,"hs","yes","no","female"
"no","no",38,"college","yes","no","male"
"no","yes",27,"master","no","no","female"
"no","yes",30,"some college","no","no","female"
"no","yes",65,"hs drop out","no","no","female"
"no","yes",35,"some college","yes","no","female"
"no","no",52,"hs","no","yes","male"
"yes","no",34,"hs drop out","no","no","male"
"no","yes",43,"hs","yes","no","male"
"no","yes",41,"some college","yes","no","female"
"yes","no",34,"hs","yes","no","male"
"no","no",61,"hs","no","no","female"
"no","yes",23,"hs","yes","no","female"
"no","yes",44,"college","no","no","female"
"no","no",18,"some college","no","no","male"
"no","no",26,"college","no","no","male"
"no","yes",26,"hs","no","no","female"
"no","yes",49,"some college","yes","no","male"
"no","yes",20,"hs drop out","no","no","female"
"no","yes",23,"hs","no","no","male"
"no","yes",46,"some college","yes","no","male"
"no","no",43,"master","no","no","female"
"yes","no",51,"college","no","no","male"
"no","yes",34,"college","no","no","female"
"no","no",45,"some college","no","no","male"
"no","no",55,"hs","no","no","male"
"no","yes",69,"some college","yes","no","female"
"no","no",35,"some college","yes","no","female"
"no","yes",37,"some college","yes","no","female"
"no","no",49,"college","no","no","female"
"no","no",23,"some college","no","no","male"
"no","no",55,"some college","no","no","male"
"no","yes",42,"master","no","no","male"
"no","no",35,"hs drop out","no","yes","male"
"no","no",54,"hs drop out","no","no","male"
"no","yes",49,"college","no","no","female"
"yes","no",39,"hs drop out","no","yes","male"
"no","no",30,"some college","yes","no","female"
"no","no",37,"hs","no","no","male"
"no","no",33,"college","no","no","female"
"no","no",28,"hs","no","no","female"
"no","no",43,"hs","no","yes","female"
"no","yes",20,"some college","no","yes","female"
"no","no",51,"hs drop out","yes","yes","male"
"yes","no",25,"some college","yes","no","female"
"no","yes",57,"master","yes","no","female"
"no","yes",30,"college","yes","no","female"
"no","no",42,"college","no","no","female"
"no","no",49,"college","no","no","male"
"no","no",30,"some college","yes","no","female"
"no","yes",26,"college","no","no","male"
"no","yes",46,"some college","no","no","male"
"no","no",33,"college","no","no","male"
"no","no",33,"master","no","no","male"
"no","yes",45,"some college","no","yes","female"
"no","no",41,"hs","yes","no","male"
"yes","yes",30,"college","no","no","male"
"no","no",62,"some college","no","no","female"
"no","no",28,"some college","no","yes","female"
"yes","yes",48,"college","no","no","female"
"yes","yes",21,"some college","yes","no","female"
"yes","no",25,"hs drop out","yes","no","female"
"no","no",37,"hs","no","no","male"
"no","yes",48,"hs","no","no","female"
"yes","yes",24,"hs","no","no","female"
"yes","no",23,"hs","no","no","female"
"no","no",39,"some college","yes","no","female"
"no","yes",27,"some college","yes","no","female"
"no","no",34,"some college","no","no","female"
"yes","no",46,"college","no","no","male"
"no","no",40,"hs drop out","no","no","female"
"yes","no",56,"hs drop out","no","no","male"
"no","yes",59,"hs","no","no","female"
"no","no",33,"hs drop out","no","yes","male"
"no","no",34,"master","no","no","male"
"yes","no",29,"some college","no","no","female"
"no","yes",42,"hs","no","no","female"
"no","no",51,"some college","no","no","female"
"no","yes",44,"master","no","no","female"
"no","yes",39,"master","no","no","female"
"no","no",20,"hs drop out","no","yes","female"
"no","no",52,"hs","yes","no","female"
"yes","yes",48,"college","no","no","male"
"yes","no",35,"master","no","no","male"
"no","yes",37,"master","no","no","male"
"no","yes",42,"college","no","no","female"
"no","no",29,"hs","no","no","male"
"no","yes",45,"hs","yes","no","female"
"no","yes",23,"hs","no","no","female"
"yes","no",39,"hs drop out","no","yes","female"
"no","yes",43,"hs","no","no","male"
"no","no",46,"some college","no","no","male"
"no","no",43,"some college","no","no","female"
"no","yes",36,"college","no","no","female"
"no","yes",41,"master","no","no","female"
"no","yes",27,"college","no","yes","male"
"no","no",44,"some college","no","no","female"
"no","no",40,"hs drop out","no","yes","male"
"yes","no",53,"hs drop out","yes","no","female"
"no","no",46,"hs","yes","no","male"
"no","no",45,"college","yes","no","female"
"no","yes",43,"hs","yes","no","female"
"yes","yes",51,"hs","no","no","female"
"no","yes",32,"master","no","no","male"
"no","yes",56,"master","no","no","female"
"no","yes",34,"some college","no","no","male"
"no","no",30,"some college","no","no","male"
"no","no",26,"hs","no","no","female"
"no","yes",58,"master","no","no","male"
"no","yes",47,"hs","no","no","female"
"no","yes",29,"some college","no","no","female"
"no","yes",27,"some college","no","no","female"
"no","no",36,"master","no","no","male"
"no","no",37,"hs","no","no","female"
"yes","no",35,"hs","no","no","male"
"no","yes",27,"hs","no","yes","female"
"no","no",59,"master","no","no","male"
"no","yes",61,"hs drop out","no","no","male"
"no","yes",51,"hs","no","no","female"
"no","yes",29,"hs","no","no","male"
"no","no",23,"college","no","no","female"
"no","yes",43,"hs","no","no","male"
"no","yes",33,"some college","yes","no","female"
"no","yes",40,"some college","yes","no","male"
"no","no",20,"hs drop out","no","yes","male"
"no","yes",27,"some college","no","no","male"
"no","yes",29,"some college","no","yes","male"
"no","no",30,"hs drop out","no","no","male"
"no","yes",29,"hs drop out","no","yes","female"
"no","yes",56,"hs","no","no","male"
"no","yes",67,"some college","yes","no","female"
"yes","no",49,"master","no","no","male"
"no","no",32,"hs","no","no","male"
"no","yes",41,"hs","yes","yes","male"
"no","no",36,"college","yes","no","female"
"yes","yes",32,"some college","no","no","male"
"no","no",53,"college","no","no","female"
"no","yes",42,"some college","no","no","male"
"no","yes",47,"some college","yes","no","male"
"no","no",36,"master","no","no","female"
"no","yes",45,"hs","no","no","male"
"no","no",25,"hs","yes","no","female"
"no","no",33,"master","no","no","male"
"no","yes",43,"hs","no","no","male"
"yes","yes",47,"hs drop out","no","yes","male"
"no","yes",21,"hs","no","yes","male"
"no","no",30,"master","no","no","male"
"no","no",29,"hs","no","no","female"
"no","no",24,"hs","no","no","female"
"yes","no",24,"hs","no","no","male"
"yes","yes",24,"hs","no","yes","male"
"yes","yes",27,"some college","no","yes","male"
"no","yes",47,"hs","yes","no","female"
"no","yes",43,"some college","no","no","female"
"no","no",58,"hs","no","no","female"
"yes","no",29,"some college","no","no","male"
"yes","no",53,"college","no","no","male"
"no","yes",45,"hs","no","no","female"
"no","no",26,"some college","no","no","male"
"yes","yes",29,"some college","no","no","male"
"yes","yes",28,"some college","no","no","female"
"no","no",30,"college","no","no","female"
"no","yes",48,"college","no","no","male"
"no","yes",43,"some college","no","no","female"
"no","yes",31,"some college","no","no","male"
"no","no",35,"hs","yes","no","male"
"no","no",34,"hs","yes","no","male"
"yes","no",29,"some college","no","no","female"
"no","no",49,"college","no","no","male"
"no","no",48,"college","no","no","female"
"no","yes",42,"hs drop out","no","yes","male"
"no","yes",28,"hs","yes","no","female"
"no","yes",41,"master","yes","no","male"
"yes","yes",50,"hs","no","no","female"
"yes","yes",51,"some college","yes","no","female"
"no","yes",27,"master","no","no","male"
"no","yes",28,"master","no","no","male"
"no","yes",32,"master","no","no","male"
"no","no",28,"some college","yes","yes","female"
"no","yes",52,"college","yes","no","female"
"yes","no",51,"hs","no","no","female"
"yes","yes",24,"some college","no","no","female"
"yes","no",33,"college","no","yes","female"
"no","yes",60,"master","no","no","male"
"no","yes",59,"college","no","yes","female"
"yes","yes",33,"hs","no","yes","female"
"no","yes",28,"hs drop out","yes","no","female"
"no","yes",52,"college","yes","no","female"
"no","yes",55,"master","no","no","male"
"no","yes",43,"some college","no","no","female"
"no","no",45,"master","no","no","female"
"no","yes",44,"master","no","no","male"
"no","yes",44,"master","no","no","female"
"no","no",33,"some college","no","yes","male"
"no","no",54,"some college","no","no","female"
"no","no",59,"master","no","no","male"
"no","yes",48,"college","no","no","male"
"yes","no",46,"master","no","no","female"
"no","no",49,"college","no","no","male"
"no","no",46,"college","no","no","female"
"no","no",42,"college","no","no","female"
"no","yes",50,"college","yes","no","female"
"no","yes",46,"some college","no","yes","male"
"no","yes",34,"college","no","no","female"
"no","yes",30,"college","yes","no","female"
"no","yes",53,"hs drop out","no","no","female"
"no","yes",49,"hs","no","no","male"
"yes","yes",47,"hs","no","no","female"
"yes","no",23,"hs","no","no","male"
"no","no",39,"college","no","no","male"
"no","no",37,"hs","yes","yes","female"
"no","no",29,"college","no","no","female"
"no","no",25,"hs drop out","no","yes","male"
"yes","no",23,"college","no","yes","female"
"no","no",41,"master","no","no","female"
"yes","no",34,"college","no","no","male"
"yes","yes",27,"some college","no","yes","male"
"no","no",30,"master","no","no","male"
"no","no",69,"master","no","no","male"
"no","no",55,"master","no","no","female"
"yes","yes",47,"hs","no","no","male"
"no","yes",65,"college","no","no","female"
"yes","yes",32,"some college","no","yes","female"
"yes","no",60,"some college","no","no","female"
"no","yes",28,"college","no","no","male"
"no","no",37,"hs","yes","no","female"
"yes","no",27,"some college","no","no","male"
"no","yes",27,"hs","no","no","male"
"no","yes",24,"hs drop out","no","yes","female"
"yes","yes",50,"college","yes","no","female"
"yes","no",24,"hs","no","yes","male"
"no","no",33,"some college","no","yes","male"
"no","no",25,"college","no","no","female"
"no","yes",64,"hs","no","no","female"
"yes","yes",51,"hs","no","no","female"
"no","yes",39,"hs","no","no","male"
"no","yes",30,"hs","no","no","female"
"no","yes",51,"hs drop out","no","no","female"
"no","yes",64,"hs","no","no","male"
"yes","yes",27,"hs","no","no","male"
"no","no",35,"hs","no","no","male"
"no","no",40,"master","no","no","male"
"yes","no",28,"hs drop out","no","yes","male"
"yes","yes",29,"college","no","no","male"
"no","yes",50,"hs drop out","no","yes","male"
"no","yes",50,"some college","no","yes","female"
"no","yes",20,"some college","no","yes","female"
"no","yes",48,"master","no","no","male"
"yes","yes",58,"hs","yes","yes","male"
"no","yes",69,"some college","no","no","female"
"yes","no",30,"hs","no","no","male"
"no","no",64,"some college","no","no","female"
"no","yes",30,"college","no","no","female"
"no","no",40,"master","no","no","male"
"no","no",42,"master","yes","no","female"
"no","yes",56,"hs","no","no","male"
"no","no",56,"hs","no","no","female"
"no","yes",51,"some college","no","yes","female"
"no","yes",46,"college","no","no","female"
"no","yes",33,"college","no","no","female"
"yes","yes",45,"some college","no","no","male"
"no","no",46,"hs","no","no","female"
"no","no",39,"college","no","no","male"
"no","yes",54,"some college","no","no","female"
"no","yes",51,"hs","no","no","male"
"no","no",20,"hs","no","no","female"
"yes","yes",30,"hs drop out","yes","no","male"
"no","no",43,"some college","no","no","male"
"no","no",38,"master","no","no","male"
"no","no",58,"some college","no","no","male"
"no","no",60,"some college","no","no","female"
"no","yes",37,"some college","no","no","female"
"yes","no",52,"hs drop out","no","no","male"
"no","no",39,"master","yes","no","female"
"no","no",36,"master","no","no","male"
"no","yes",56,"master","no","yes","male"
"no","no",45,"hs","no","no","male"
"no","no",48,"hs","no","no","female"
"no","no",26,"some college","no","no","male"
"no","no",42,"college","no","no","male"
"yes","yes",47,"hs drop out","no","no","male"
"yes","no",58,"hs drop out","no","yes","male"
"no","no",22,"college","no","yes","male"
"no","yes",38,"some college","yes","yes","female"
"no","no",59,"college","no","no","male"
"no","no",42,"hs","no","no","female"
"yes","yes",58,"college","no","no","female"
"no","yes",33,"college","no","no","female"
"no","yes",25,"some college","yes","no","female"
"no","no",37,"college","yes","no","female"
"yes","yes",37,"hs drop out","no","yes","female"
"no","no",34,"master","no","no","male"
"no","no",33,"master","no","no","female"
"no","yes",35,"college","no","no","female"
"yes","no",18,"hs","no","yes","female"
"no","yes",35,"master","no","no","male"
"no","yes",30,"master","no","no","female"
"yes","yes",31,"college","no","no","female"
"no","yes",46,"college","no","no","female"
"yes","yes",33,"college","yes","no","male"
"no","yes",38,"some college","no","yes","female"
"no","no",45,"hs","no","yes","female"
"no","yes",23,"some college","no","yes","female"
"no","no",31,"college","no","no","female"
"no","no",29,"some college","yes","no","female"
"no","yes",62,"some college","no","no","female"
"no","no",57,"college","no","no","male"
"no","yes",51,"college","no","no","female"
"yes","yes",36,"some college","yes","no","male"
"no","yes",26,"master","no","no","male"
"no","yes",34,"hs","no","yes","male"
"no","yes",45,"college","no","no","male"
"no","no",46,"hs drop out","no","yes","male"
"no","yes",21,"hs drop out","no","yes","male"
"no","yes",47,"college","yes","yes","male"
"no","yes",46,"hs","no","yes","female"
"no","yes",33,"master","no","no","female"
"yes","no",32,"hs","no","no","female"
"no","no",64,"college","no","no","male"
"no","yes",50,"hs","no","no","male"
"no","no",18,"hs drop out","no","no","male"
"yes","yes",52,"some college","yes","no","male"
"yes","no",48,"some college","yes","no","female"
"no","yes",30,"college","no","yes","female"
"no","no",50,"college","no","no","female"
"no","no",41,"master","no","no","male"
"no","yes",46,"college","no","no","male"
"no","yes",32,"college","no","no","male"
"yes","no",46,"college","no","no","female"
"yes","yes",42,"some college","no","no","female"
"no","yes",60,"master","no","no","female"
"no","yes",52,"hs drop out","no","no","male"
"yes","yes",40,"some college","no","no","female"
"no","yes",40,"some college","yes","no","male"
"no","yes",46,"hs","no","no","female"
"yes","no",50,"hs","no","no","male"
"no","yes",23,"hs","no","no","female"
"no","yes",29,"master","no","no","male"
"no","yes",29,"some college","no","no","female"
"no","yes",28,"hs","no","no","female"
"no","yes",58,"master","no","no","male"
"no","yes",30,"hs","yes","no","female"
"no","yes",22,"hs","yes","no","female"
"no","no",45,"college","no","no","male"
"no","no",39,"hs","no","no","female"
"no","yes",19,"some college","no","no","male"
"yes","yes",43,"master","no","no","male"
"no","yes",44,"hs","no","no","female"
"no","yes",46,"master","no","no","male"
"no","no",39,"college","no","no","female"
"yes","no",40,"hs","no","no","female"
"no","no",60,"hs","no","no","female"
"yes","yes",24,"some college","no","no","female"
"no","yes",64,"college","no","no","female"
"no","no",27,"some college","no","no","male"
"no","no",35,"hs","no","no","male"
"no","yes",46,"some college","no","no","male"
"no","no",50,"hs drop out","no","no","female"
"yes","no",34,"some college","no","no","male"
"yes","yes",33,"some college","no","no","female"
"yes","yes",25,"hs","no","yes","female"
"no","yes",39,"master","no","no","female"
"no","yes",31,"some college","no","no","female"
"no","yes",30,"master","no","no","male"
"no","no",28,"some college","no","no","female"
"no","no",63,"master","no","no","male"
"no","yes",30,"college","no","no","female"
"yes","yes",33,"hs","no","no","female"
"yes","yes",41,"hs drop out","no","yes","female"
"no","yes",18,"hs","no","no","female"
"no","yes",41,"college","no","no","male"
"no","no",70,"some college","no","no","male"
"no","no",64,"hs","no","no","female"
"no","yes",51,"college","yes","yes","male"
"no","yes",51,"hs","no","no","female"
"no","no",41,"master","no","no","female"
"no","yes",39,"master","no","no","female"
"no","no",23,"some college","no","yes","female"
"no","no",33,"some college","no","no","female"
"no","no",45,"some college","no","no","female"
"no","no",62,"hs","no","no","female"
"no","no",66,"college","no","no","male"
"no","yes",58,"hs","no","no","female"
"yes","no",29,"hs","no","no","female"
"no","yes",25,"hs","no","yes","female"
"yes","yes",44,"hs","no","no","female"
"no","yes",22,"hs","no","no","male"
"no","no",24,"hs","no","no","male"
"no","no",25,"some college","yes","no","female"
"no","yes",27,"college","no","yes","female"
"no","yes",23,"college","no","no","female"
"no","yes",41,"master","no","no","female"
"no","no",45,"college","no","no","male"
"no","yes",20,"hs","no","no","female"
"no","yes",49,"college","no","no","male"
"no","no",29,"college","no","no","male"
"yes","yes",29,"master","no","no","male"
"no","no",21,"some college","no","no","male"
"yes","no",39,"hs","no","no","male"
"no","no",33,"college","no","no","male"
"no","yes",33,"college","no","no","female"
"no","yes",30,"college","no","no","male"
"no","yes",59,"master","no","no","female"
"no","yes",40,"hs","no","no","female"
"no","yes",41,"some college","no","no","male"
"no","yes",36,"master","no","no","female"
"yes","yes",24,"hs","no","no","female"
"no","yes",64,"hs","no","no","female"
"no","no",54,"college","no","no","male"
"no","no",53,"hs","no","no","female"
"no","yes",48,"college","yes","no","female"
"no","yes",24,"some college","yes","no","male"
"no","yes",50,"hs","no","no","female"
"no","yes",34,"hs","no","no","female"
"no","yes",45,"hs drop out","no","no","male"
"no","yes",46,"master","no","no","female"
"yes","yes",20,"hs","no","no","female"
"no","yes",26,"college","no","no","male"
"no","yes",24,"college","no","no","female"
"no","yes",41,"some college","no","no","male"
"no","yes",38,"master","no","no","female"
"no","no",44,"college","no","no","female"
"no","no",52,"hs","no","no","female"
"no","yes",66,"college","no","no","female"
"no","no",57,"hs","no","yes","male"
"no","yes",29,"college","no","no","male"
"no","yes",28,"college","no","no","male"
"no","yes",31,"college","no","no","female"
"yes","no",40,"hs","no","no","female"
"no","yes",49,"some college","no","no","female"
"yes","no",37,"some college","no","no","male"
"yes","yes",48,"hs","no","no","female"
"yes","yes",44,"hs","no","no","male"
"yes","yes",57,"hs","no","no","female"
"no","no",48,"master","no","no","female"
"no","yes",48,"some college","no","yes","male"
"no","yes",48,"hs","no","yes","female"
"no","no",36,"some college","no","no","female"
"no","no",28,"hs","no","no","male"
"no","yes",27,"some college","no","no","female"
"no","yes",38,"hs","no","no","male"
"yes","yes",25,"hs","no","no","male"
"no","yes",64,"hs","no","no","female"
"yes","yes",47,"hs","yes","no","male"
"yes","yes",44,"hs","yes","no","female"
"no","no",27,"some college","no","no","female"
"no","no",56,"some college","no","no","female"
"no","no",43,"hs","no","no","male"
"no","yes",42,"some college","no","no","female"
"no","yes",37,"some college","no","no","female"
"no","yes",45,"master","no","yes","female"
"no","no",39,"hs","no","no","female"
"yes","no",28,"hs","no","no","female"
"no","no",54,"hs","no","no","male"
"no","yes",19,"some college","no","no","male"
"no","no",19,"some college","no","no","male"
"no","yes",63,"some college","no","no","female"
"no","no",29,"college","no","no","male"
"no","no",34,"some college","no","no","female"
"no","no",25,"some college","no","no","female"
"yes","yes",52,"hs","no","no","male"
"no","yes",51,"hs","no","no","female"
"yes","no",46,"hs","no","no","male"
"yes","yes",39,"some college","no","no","male"
"no","no",41,"master","no","no","male"
"no","yes",32,"master","no","no","male"
"no","no",48,"master","no","no","male"
"no","yes",45,"some college","no","no","female"
"no","yes",45,"college","no","no","female"
"yes","yes",35,"college","no","no","male"
"no","no",31,"college","no","no","female"
"no","yes",64,"hs drop out","no","no","male"
"no","no",59,"college","no","no","female"
"yes","no",37,"some college","no","no","female"
"no","no",61,"college","no","no","male"
"no","yes",71,"hs","no","no","female"
"no","no",44,"some college","no","no","male"
"no","yes",40,"hs","no","no","female"
"no","yes",63,"college","no","no","male"
"no","yes",46,"some college","yes","no","male"
"no","yes",46,"hs","yes","no","female"
"no","no",39,"hs","no","no","female"
"no","yes",49,"college","no","no","male"
"no","no",36,"master","no","no","male"
"no","yes",42,"master","no","no","female"
"no","yes",40,"hs","no","no","female"
"yes","yes",48,"master","no","no","female"
"no","no",20,"some college","yes","no","male"
"yes","yes",33,"hs","no","no","female"
"no","yes",57,"hs","no","no","female"
"yes","yes",22,"college","no","no","female"
"no","yes",39,"master","no","no","female"
"no","no",60,"college","no","no","female"
"no","no",25,"college","no","no","male"
"no","yes",42,"hs","no","no","female"
"no","yes",19,"some college","no","no","female"
"no","yes",33,"some college","no","yes","male"
"no","yes",32,"some college","no","yes","female"
"no","yes",34,"master","no","no","female"
"yes","yes",38,"some college","no","no","female"
"yes","yes",19,"hs","no","no","male"
"no","yes",32,"some college","yes","no","female"
"no","yes",25,"college","no","no","female"
"no","no",30,"hs","no","no","male"
"no","no",43,"college","no","no","female"
"no","yes",39,"college","no","no","male"
"no","no",34,"college","no","no","male"
"no","no",32,"master","no","no","female"
"no","yes",38,"some college","no","no","male"
"no","yes",43,"hs","no","no","male"
"no","no",45,"hs","no","no","female"
"no","no",40,"college","no","no","female"
"yes","yes",37,"college","no","no","female"
"yes","no",33,"hs","no","no","female"
"no","yes",56,"hs","no","no","male"
"no","no",44,"master","no","no","female"
"no","yes",46,"master","no","no","male"
"no","yes",42,"hs","no","no","female"
"no","yes",20,"some college","no","no","male"
"no","yes",24,"some college","no","no","female"
"yes","no",36,"some college","no","no","female"
"no","no",29,"some college","no","no","male"
"no","yes",53,"master","no","no","female"
"no","no",63,"hs","no","no","male"
"no","no",45,"hs","no","no","female"
"no","no",21,"some college","no","no","male"
"no","yes",25,"college","no","no","male"
"no","yes",23,"college","no","no","female"
"no","yes",45,"hs","no","no","female"
"no","yes",37,"master","no","no","male"
"no","yes",36,"some college","no","no","female"
"no","no",41,"hs","no","no","female"
"yes","yes",37,"master","no","no","male"
"no","yes",33,"college","no","no","female"
"no","no",52,"master","no","no","male"
"no","yes",42,"master","yes","no","female"
"no","no",49,"hs","no","yes","male"
"no","no",60,"hs drop out","no","no","male"
"no","yes",39,"some college","no","no","female"
"no","yes",38,"college","no","no","female"
"yes","no",47,"college","no","no","female"
"yes","no",20,"hs","no","no","female"
"yes","yes",34,"some college","no","no","female"
"yes","no",25,"college","no","no","female"
"no","yes",39,"hs","no","no","male"
"no","yes",51,"college","no","no","female"
"yes","no",25,"master","no","no","male"
"no","yes",39,"master","no","no","female"
"no","no",49,"master","no","no","male"
"yes","yes",37,"some college","no","no","female"
"yes","no",53,"hs","no","no","male"
"no","no",35,"some college","no","no","female"
"yes","yes",35,"hs","no","no","male"
"yes","yes",32,"hs","no","no","female"
"no","no",42,"hs","yes","no","female"
"yes","yes",78,"college","no","no","male"
"yes","yes",55,"master","no","no","male"
"yes","yes",48,"master","no","no","female"
"no","no",48,"master","no","no","male"
"no","no",47,"master","no","no","female"
"no","no",22,"master","no","no","female"
"no","yes",45,"some college","yes","no","female"
"no","yes",57,"hs","no","no","male"
"no","no",25,"some college","no","no","female"
"no","no",28,"some college","no","no","male"
"yes","yes",44,"hs","no","no","female"
"no","yes",42,"some college","yes","no","female"
"no","yes",41,"master","no","no","female"
"no","yes",52,"hs","no","no","female"
"no","yes",55,"hs","no","no","female"
"no","yes",51,"hs","no","no","male"
"no","no",49,"hs","no","no","female"
"no","yes",36,"master","no","no","male"
"no","yes",40,"master","no","no","female"
"yes","no",42,"college","no","no","male"
"no","no",23,"hs","no","no","male"
"no","no",22,"college","no","no","male"
"no","yes",24,"hs","no","no","male"
"no","no",42,"hs","no","no","male"
"no","yes",39,"hs","no","no","female"
"no","yes",54,"master","no","no","male"
"yes","yes",40,"some college","no","yes","male"
"no","yes",35,"hs","no","no","female"
"no","no",48,"some college","no","no","female"
"no","yes",69,"hs","no","no","female"
"no","no",42,"some college","no","no","female"
"no","yes",51,"college","no","no","male"
"no","no",44,"hs drop out","yes","no","female"
"yes","no",45,"hs","no","no","male"
"no","no",39,"some college","no","no","female"
"yes","no",36,"hs","no","no","male"
"no","yes",37,"college","no","no","male"
"no","yes",38,"college","no","no","female"
"no","yes",58,"master","no","no","male"
"no","yes",56,"college","no","no","female"
"yes","yes",45,"hs","no","no","female"
"no","yes",32,"some college","no","yes","male"
"no","yes",39,"hs drop out","no","no","female"
"no","no",65,"hs","no","no","male"
"no","no",34,"some college","no","no","female"
"no","no",39,"some college","no","no","female"
"yes","no",27,"hs drop out","no","no","male"
"no","yes",52,"hs","yes","no","female"
"no","yes",40,"hs","no","no","female"
"no","no",34,"some college","no","no","female"
"no","yes",66,"master","no","no","female"
"no","yes",26,"some college","no","yes","female"
"no","yes",21,"some college","no","yes","male"
"yes","yes",36,"hs","no","no","female"
"no","yes",27,"hs","no","no","male"
"yes","yes",38,"college","no","no","male"
"no","yes",30,"hs","no","no","female"
"yes","yes",30,"hs","no","no","female"
"yes","no",34,"college","no","no","male"
"yes","no",32,"master","no","no","female"
"no","yes",45,"master","yes","no","female"
"yes","no",35,"college","yes","no","male"
"yes","no",20,"some college","no","no","female"
"no","yes",30,"some college","no","no","female"
"no","yes",63,"master","no","no","male"
"no","no",27,"college","no","no","male"
"yes","yes",28,"hs","no","no","female"
"yes","no",23,"hs drop out","no","no","male"
"no","no",45,"college","no","no","male"
"yes","yes",47,"some college","no","no","female"
"no","no",24,"college","no","no","female"
"no","no",25,"some college","no","no","male"
"no","no",20,"some college","no","no","female"
"no","no",41,"college","no","no","male"
"no","no",35,"college","no","no","female"
"no","yes",50,"hs","no","no","female"
"no","no",26,"college","no","no","female"
"no","yes",38,"hs","no","no","female"
"no","no",45,"college","no","no","male"
"no","yes",40,"college","no","no","female"
"yes","no",20,"hs drop out","no","yes","female"
"yes","yes",40,"hs","no","no","male"
"yes","no",38,"hs","no","no","female"
"no","yes",45,"some college","no","no","male"
"yes","yes",36,"some college","no","no","male"
"no","no",63,"hs","no","no","female"
"no","yes",49,"master","no","no","female"
"no","no",19,"some college","no","no","female"
"no","yes",39,"hs","no","no","male"
"no","yes",33,"some college","no","no","female"
"yes","yes",36,"hs drop out","yes","no","male"
"no","yes",38,"some college","no","no","male"
"no","yes",49,"some college","no","no","male"
"no","yes",43,"some college","no","no","female"
"no","yes",77,"hs","no","no","female"
"yes","yes",35,"some college","no","no","female"
"no","no",47,"some college","yes","no","male"
"yes","yes",40,"hs drop out","no","no","male"
"no","yes",24,"some college","no","no","female"
"no","yes",45,"college","no","no","male"
"yes","yes",39,"some college","no","no","female"
"no","no",24,"hs","no","no","female"
"no","yes",55,"some college","no","no","male"
"no","yes",53,"hs","no","no","female"
"no","no",56,"hs","no","no","female"
"no","no",19,"hs","no","no","female"
"no","no",64,"hs","no","no","male"
"no","yes",44,"master","no","no","female"
"no","no",30,"college","no","no","male"
"no","yes",36,"college","no","no","female"
"no","yes",48,"master","no","no","male"
"no","yes",42,"master","no","no","female"
"no","yes",43,"master","no","no","male"
"no","yes",44,"master","no","no","female"
"no","yes",36,"hs","no","no","male"
"no","no",45,"hs","no","no","female"
"yes","no",60,"hs","no","no","female"
"no","yes",43,"master","no","no","male"
"no","yes",35,"some college","no","no","female"
"no","yes",47,"master","no","no","male"
"yes","yes",45,"hs","no","no","female"
"no","yes",29,"hs","no","no","female"
"no","no",36,"hs","no","no","male"
"yes","yes",44,"hs","no","no","female"
"no","no",38,"hs","no","no","male"
"no","yes",41,"some college","no","no","female"
"no","yes",38,"master","no","no","male"
"yes","yes",32,"hs","no","no","female"
"no","yes",45,"college","no","no","female"
"no","yes",42,"hs","no","no","female"
"no","no",21,"hs","no","no","female"
"yes","yes",28,"college","no","no","male"
"no","no",46,"master","no","no","male"
"no","yes",43,"master","no","no","female"
"no","no",39,"some college","no","no","female"
"no","no",34,"some college","no","no","male"
"yes","no",28,"hs drop out","no","no","male"
"no","no",58,"hs","no","no","female"
"no","yes",39,"some college","no","no","female"
"no","yes",47,"college","no","no","female"
"no","yes",31,"college","no","no","female"
"yes","yes",54,"some college","no","no","male"
"no","no",39,"some college","no","no","female"
"no","yes",48,"master","no","no","female"
"no","no",26,"some college","no","no","male"
"no","yes",25,"some college","no","no","female"
"no","yes",48,"some college","no","no","female"
"no","yes",29,"college","no","no","male"
"no","yes",29,"college","no","no","male"
"no","no",62,"some college","no","no","female"
"no","yes",51,"college","no","no","male"
"no","yes",49,"hs","no","no","female"
"no","yes",23,"college","no","no","male"
"yes","no",19,"some college","no","no","female"
"no","no",60,"hs","no","no","female"
"no","no",29,"some college","no","no","female"
"no","yes",38,"hs","no","no","male"
"no","yes",27,"college","no","no","male"
"yes","no",40,"some college","no","no","male"
"yes","yes",42,"some college","no","no","female"
"no","yes",30,"master","no","no","female"
"no","yes",39,"hs drop out","yes","no","female"
"no","yes",42,"master","no","no","male"
"yes","no",44,"some college","no","no","female"
"no","yes",25,"some college","no","no","female"
"yes","yes",47,"hs","no","no","male"
"no","no",36,"hs","no","no","male"
"no","no",35,"hs","no","no","female"
"no","no",42,"hs","no","no","male"
"no","no",53,"some college","yes","no","female"
"no","no",31,"hs","no","no","female"
"no","no",42,"college","no","no","male"
"no","no",24,"hs drop out","no","no","female"
"no","yes",38,"hs","no","no","female"
"yes","yes",46,"college","no","no","male"
"yes","yes",39,"master","no","no","female"
"yes","no",34,"hs","no","no","male"
"no","yes",76,"hs","no","no","female"
"no","no",39,"college","no","no","female"
"no","yes",42,"college","no","no","male"
"no","no",34,"hs","no","no","female"
"yes","no",24,"some college","no","no","female"
"no","no",21,"hs","no","no","male"
"yes","yes",52,"hs","no","no","male"
"yes","yes",25,"some college","no","no","male"
"yes","yes",24,"hs","no","no","female"
"no","yes",54,"master","no","no","male"
"yes","no",20,"some college","no","no","male"
"no","no",25,"hs","no","no","male"
"yes","yes",57,"some college","no","no","female"
"no","yes",41,"master","no","no","female"
"yes","yes",60,"hs","no","no","female"
"no","yes",53,"some college","no","no","female"
"no","yes",36,"some college","no","no","male"
"yes","no",36,"hs","no","no","female"
"no","no",42,"college","no","no","male"
"no","yes",39,"college","no","no","female"
"no","yes",58,"master","no","no","male"
"no","yes",57,"college","no","no","female"
"no","yes",29,"college","no","no","female"
"no","no",24,"hs","no","no","male"
"no","no",22,"some college","no","no","female"
"no","yes",33,"some college","no","no","male"
"yes","yes",27,"hs","no","no","female"
"no","no",49,"hs","no","no","female"
"yes","no",54,"hs","no","no","male"
"yes","yes",25,"hs","no","no","female"
"yes","yes",28,"hs","no","no","male"
"no","yes",27,"college","no","no","female"
"no","yes",34,"hs","no","no","male"
"no","yes",34,"some college","no","no","female"
"yes","yes",47,"some college","no","no","female"
"yes","yes",64,"hs drop out","no","no","female"
"yes","yes",28,"hs drop out","no","no","female"
"no","yes",35,"some college","no","no","female"
"no","yes",54,"some college","no","no","female"
"no","yes",47,"college","no","no","female"
"no","yes",30,"hs","no","no","male"
"no","yes",29,"some college","no","no","female"
"yes","yes",56,"some college","no","no","female"
"no","yes",58,"hs","no","no","male"
"no","yes",33,"college","no","no","female"
"no","yes",71,"hs drop out","no","no","female"
"no","yes",41,"hs","no","no","female"
"no","no",36,"college","no","no","female"
"no","no",26,"hs","no","no","male"
"yes","yes",36,"hs","no","no","female"
"no","no",19,"hs drop out","yes","no","male"
"no","no",36,"hs","no","no","female"
"no","yes",36,"some college","no","no","female"
"no","no",41,"some college","no","no","female"
"no","no",49,"hs","no","no","male"
"yes","yes",53,"hs","no","no","female"
"no","yes",19,"some college","no","no","female"
"no","yes",35,"some college","no","no","male"
"no","no",70,"college","no","no","male"
"no","yes",67,"college","no","no","female"
"yes","yes",24,"some college","no","no","female"
"no","no",46,"hs","no","no","male"
"no","no",54,"hs","no","no","female"
"no","yes",30,"hs","no","no","female"
"yes","no",50,"hs","no","no","male"
"yes","no",51,"hs","no","no","female"
"no","yes",22,"college","no","no","female"
"yes","no",56,"hs drop out","no","yes","female"
"no","yes",49,"hs","no","no","female"
"no","no",25,"hs","no","no","male"
"no","yes",28,"some college","no","no","male"
"no","no",29,"hs","no","no","female"
"no","yes",50,"college","no","no","female"
"no","yes",41,"hs","no","no","female"
"no","yes",44,"college","no","no","female"
"no","yes",57,"hs","no","no","female"
"no","yes",34,"some college","yes","no","male"
"no","yes",28,"master","no","no","male"
"no","yes",28,"college","no","no","female"
"no","no",47,"hs","no","no","female"
"no","yes",20,"some college","no","no","male"
"no","yes",28,"hs","no","no","male"
"no","yes",48,"hs","no","no","female"
"no","yes",21,"hs","no","no","female"
"no","yes",31,"master","no","no","female"
"yes","yes",26,"hs","no","no","male"
"yes","no",33,"hs","no","no","female"
"yes","no",30,"college","no","no","female"
"no","yes",29,"master","no","no","male"
"no","yes",29,"some college","no","no","female"
"yes","no",57,"hs","no","no","male"
"no","yes",27,"master","no","no","female"
"no","no",42,"college","no","no","female"
"no","no",60,"hs drop out","yes","no","female"
"no","yes",36,"hs","no","no","male"
"no","yes",33,"hs","no","no","female"
"yes","yes",28,"hs","no","no","male"
"yes","yes",40,"hs","no","no","female"
"yes","yes",37,"hs","no","no","male"
"yes","yes",38,"hs","no","no","female"
"no","yes",71,"some college","no","no","male"
"yes","yes",36,"some college","no","no","male"
"no","yes",43,"hs","no","no","female"
"no","yes",40,"master","no","no","male"
"no","yes",33,"master","no","no","female"
"no","yes",36,"college","no","no","male"
"no","yes",36,"hs","no","no","male"
"yes","no",32,"hs","no","no","female"
"yes","no",45,"hs","no","no","male"
"yes","yes",46,"some college","no","no","female"
"no","yes",28,"college","no","no","male"
"yes","no",38,"college","no","no","female"
"yes","no",29,"hs","no","no","female"
"no","yes",39,"college","no","no","male"
"no","yes",44,"some college","yes","no","female"
"yes","yes",28,"some college","no","no","male"
"no","yes",23,"some college","no","no","female"
"no","yes",31,"hs","no","no","male"
"no","yes",37,"college","no","no","male"
"no","no",35,"some college","no","no","female"
"no","yes",43,"master","no","no","male"
"no","no",48,"master","no","no","male"
"no","yes",58,"master","no","no","male"
"no","yes",57,"some college","no","no","female"
"no","no",29,"some college","no","no","female"
"no","no",23,"some college","no","no","female"
"no","no",18,"hs drop out","no","no","female"
"yes","yes",37,"hs","no","no","female"
"no","yes",44,"hs","yes","no","female"
"no","yes",30,"college","no","no","male"
"yes","no",67,"hs","no","no","female"
"yes","yes",31,"hs","no","no","female"
"yes","no",50,"hs","yes","no","male"
"yes","no",37,"hs","yes","no","female"
"no","yes",27,"hs","no","no","female"
"no","yes",65,"master","yes","no","male"
"no","yes",19,"hs","no","no","male"
"yes","yes",37,"some college","no","no","female"
"yes","yes",63,"hs","yes","no","female"
"no","yes",41,"some college","no","no","male"
"no","yes",21,"hs","no","no","male"
"no","yes",23,"some college","no","no","male"
"yes","no",26,"hs","no","no","male"
"yes","yes",41,"hs drop out","no","no","male"
"no","yes",39,"college","no","no","female"
"no","yes",44,"hs","no","no","male"
"no","no",31,"some college","no","no","female"
"no","yes",55,"hs","no","no","male"
"no","yes",49,"hs","no","no","female"
"yes","yes",30,"hs","no","no","male"
"no","yes",30,"some college","no","no","female"
"no","yes",33,"some college","no","no","female"
"yes","yes",39,"hs","no","no","female"
"no","yes",28,"master","no","no","female"
"no","no",32,"master","no","no","male"
"no","no",32,"college","no","no","female"
"no","yes",58,"college","no","no","male"
"no","yes",48,"college","no","no","female"
"no","yes",55,"hs","no","no","female"
"no","yes",32,"college","yes","no","female"
"no","yes",37,"hs","yes","no","male"
"no","yes",55,"hs","no","no","male"
"no","no",40,"master","no","no","male"
"no","yes",40,"master","no","no","female"
"no","yes",41,"master","no","no","female"
"no","yes",42,"master","no","no","male"
"yes","yes",40,"hs","no","no","male"
"no","no",37,"master","no","no","male"
"no","yes",39,"some college","no","no","male"
"no","yes",39,"master","no","no","female"
"yes","yes",31,"hs","no","no","male"
"no","yes",41,"some college","no","no","male"
"no","yes",35,"some college","no","no","male"
"no","yes",26,"some college","no","no","male"
"no","yes",27,"some college","no","no","female"
"yes","no",27,"college","no","no","female"
"yes","no",26,"hs","no","no","male"
"no","no",22,"some college","no","no","female"
"yes","yes",20,"some college","no","no","female"
"yes","yes",45,"hs","yes","no","female"
"no","no",63,"hs","no","no","male"
"yes","yes",36,"college","no","no","female"
"yes","yes",47,"hs","no","no","female"
"no","no",31,"some college","no","no","female"
"no","yes",52,"college","no","no","male"
"no","yes",50,"hs","no","no","female"
"no","yes",24,"master","no","no","female"
"no","yes",20,"hs","no","no","female"
"no","yes",34,"college","no","no","female"
"no","yes",46,"college","no","no","male"
"no","yes",43,"college","no","no","female"
"no","yes",32,"some college","no","no","male"
"no","no",31,"college","no","no","female"
"no","no",25,"some college","no","no","male"
"no","no",19,"some college","no","no","female"
"no","yes",54,"college","no","no","male"
"yes","yes",69,"some college","no","no","female"
"yes","yes",30,"hs","no","no","female"
"no","yes",58,"some college","no","no","female"
"no","no",32,"some college","no","no","female"
"yes","no",33,"some college","no","no","male"
"yes","yes",46,"hs drop out","no","no","female"
"no","no",35,"hs","yes","no","male"
"no","no",33,"hs","yes","no","female"
"no","yes",52,"master","no","no","female"
"no","yes",59,"some college","no","no","male"
"yes","no",24,"college","no","no","male"
"no","no",25,"hs","no","no","female"
"no","yes",34,"hs","no","no","male"
"no","yes",34,"hs","no","no","male"
"no","no",31,"hs","no","no","female"
"no","no",30,"some college","no","no","female"
"no","yes",39,"master","no","no","female"
"yes","no",43,"hs drop out","no","no","female"
"no","yes",26,"some college","no","no","male"
"yes","yes",42,"hs","no","no","male"
"no","yes",23,"college","no","no","male"
"no","yes",24,"college","no","no","female"
"no","yes",42,"master","no","no","male"
"no","yes",22,"college","no","no","male"
"no","yes",27,"some college","no","no","female"
"no","yes",42,"some college","no","no","female"
"yes","yes",35,"hs","no","no","female"
"no","yes",38,"some college","no","no","female"
"no","yes",32,"college","no","no","male"
"no","yes",28,"some college","no","no","female"
"yes","yes",30,"hs","no","no","female"
"yes","yes",36,"hs","no","no","male"
"no","yes",42,"hs drop out","no","no","female"
"yes","yes",49,"hs","no","no","female"
"no","no",38,"some college","no","no","female"
"no","no",43,"hs","no","no","female"
"no","yes",21,"some college","no","yes","male"
"no","yes",28,"college","no","no","female"
"no","no",46,"master","no","no","female"
"no","yes",42,"college","no","no","male"
"no","yes",42,"some college","no","no","female"
"no","yes",45,"master","no","no","female"
"yes","no",67,"hs","no","no","male"
"no","yes",52,"some college","no","no","female"
"no","no",44,"some college","yes","no","male"
"yes","no",46,"college","yes","no","female"
"no","yes",39,"college","no","no","male"
"no","yes",39,"college","no","no","female"
"no","no",20,"some college","no","no","female"
"yes","yes",34,"hs","no","no","male"
"yes","yes",41,"hs","no","no","female"
"no","no",59,"hs drop out","no","no","male"
"yes","yes",56,"hs","no","no","female"
"no","yes",64,"hs","yes","no","female"
"no","yes",56,"some college","no","no","female"
"yes","yes",33,"hs drop out","yes","no","male"
"yes","no",48,"some college","no","no","female"
"yes","yes",35,"hs","no","no","female"
"no","yes",61,"hs","yes","yes","female"
"yes","yes",45,"hs","yes","no","female"
"no","no",55,"hs","yes","no","male"
"no","yes",47,"some college","no","no","female"
"no","no",22,"college","no","no","male"
"no","no",27,"college","no","no","female"
"no","yes",38,"some college","no","no","female"
"yes","yes",49,"some college","no","no","female"
"no","no",38,"some college","no","no","female"
"yes","no",40,"college","no","no","male"
"no","no",60,"some college","no","no","female"
"no","no",38,"college","no","no","male"
"yes","yes",44,"master","no","no","female"
"yes","yes",29,"some college","no","no","male"
"no","yes",70,"college","no","no","female"
"no","no",69,"hs","no","no","female"
"no","yes",43,"some college","no","no","female"
"no","yes",35,"college","no","no","male"
"yes","yes",37,"hs","no","no","female"
"no","no",43,"master","no","no","female"
"no","yes",40,"master","no","no","male"
"yes","no",55,"hs drop out","no","no","female"
"no","yes",43,"master","no","no","male"
"no","yes",31,"some college","no","no","male"
"yes","yes",42,"some college","no","no","female"
"yes","yes",46,"some college","no","no","female"
"no","no",68,"some college","no","no","female"
"no","yes",38,"college","no","no","female"
"no","no",31,"college","no","no","female"
"no","yes",67,"college","no","no","male"
"no","yes",45,"some college","no","no","female"
"no","no",33,"college","no","yes","female"
"no","yes",26,"some college","no","no","male"
"no","yes",44,"some college","no","no","female"
"no","no",43,"some college","no","no","female"
"no","no",36,"college","no","no","female"
"no","no",27,"some college","no","no","female"
"yes","no",32,"hs drop out","no","yes","female"
"no","yes",45,"college","no","no","male"
"no","no",29,"some college","no","no","female"
"no","yes",55,"hs","no","no","male"
"yes","yes",28,"some college","no","no","female"
"no","yes",23,"college","no","no","female"
"no","yes",44,"some college","no","no","male"
"no","no",20,"hs drop out","no","no","female"
"no","no",62,"hs","no","no","female"
"no","no",49,"hs","no","no","male"
"no","yes",40,"college","no","no","male"
"no","yes",34,"some college","no","no","female"
"no","no",21,"some college","no","no","male"
"no","yes",43,"hs","no","no","female"
"yes","no",26,"hs","no","no","female"
"no","yes",55,"college","no","no","female"
"yes","yes",23,"some college","no","no","female"
"yes","yes",44,"hs","no","no","female"
"no","yes",32,"some college","no","no","female"
"no","no",51,"master","no","no","male"
"no","yes",57,"master","no","no","female"
"no","yes",34,"master","no","no","male"
"no","yes",32,"master","no","no","female"
"no","no",37,"master","no","no","male"
"no","yes",33,"some college","no","no","female"
"yes","no",63,"some college","no","no","female"
"no","yes",33,"master","no","no","female"
"no","yes",22,"some college","no","no","male"
"no","yes",47,"college","no","no","male"
"no","yes",52,"some college","no","no","female"
"no","yes",43,"hs","no","no","female"
"no","yes",47,"college","no","no","female"
"no","no",37,"hs","no","no","male"
"no","yes",20,"hs","no","no","female"
"no","yes",38,"college","no","no","female"
"no","yes",37,"master","no","no","male"
"no","yes",24,"some college","no","no","female"
"no","yes",50,"some college","no","no","female"
"no","no",44,"some college","no","no","female"
"no","yes",52,"hs drop out","no","no","female"
"yes","yes",55,"hs","no","no","male"
"yes","yes",30,"hs","no","no","female"
"no","yes",38,"college","no","no","male"
"no","yes",37,"college","no","no","female"
"no","no",72,"some college","no","no","male"
"no","no",37,"some college","no","no","female"
"yes","no",27,"hs drop out","no","no","male"
"yes","yes",27,"some college","no","no","female"
"no","yes",61,"hs","no","no","male"
"yes","no",40,"master","no","no","male"
"no","yes",56,"master","no","no","male"
"no","yes",31,"college","no","no","female"
"yes","yes",57,"hs","no","no","male"
"no","yes",27,"college","no","no","female"
"no","yes",28,"master","no","no","male"
"yes","no",30,"some college","no","no","female"
"no","no",27,"college","no","no","female"
"no","yes",55,"some college","no","no","female"
"no","no",47,"hs drop out","no","no","female"
"no","no",62,"master","no","no","male"
"no","yes",44,"some college","no","no","male"
"yes","no",33,"hs","no","no","female"
"yes","no",33,"hs","no","no","female"
"no","yes",33,"college","no","no","male"
"no","yes",25,"college","no","no","female"
"no","yes",43,"master","no","no","female"
"no","yes",26,"master","no","no","female"
"no","yes",26,"college","no","no","male"
"yes","yes",31,"college","no","no","male"
"no","yes",33,"some college","no","no","female"
"no","no",39,"college","no","no","male"
"yes","no",36,"hs","no","no","female"
"no","yes",32,"college","no","no","male"
"no","yes",29,"some college","no","no","female"
"no","yes",47,"hs","no","no","male"
"no","yes",44,"hs","no","no","female"
"yes","no",30,"hs","no","no","female"
"yes","no",28,"hs","no","no","male"
"no","no",21,"hs","no","no","female"
"no","yes",34,"hs","no","no","female"
"no","no",24,"college","no","no","male"
"no","yes",18,"hs drop out","no","no","female"
"no","yes",50,"hs","no","no","male"
"no","yes",48,"hs","no","no","female"
"no","yes",47,"college","no","no","male"
"yes","yes",29,"college","no","no","female"
"no","yes",30,"college","no","no","male"
"no","yes",28,"some college","no","no","female"
"no","yes",43,"master","no","no","male"
"no","yes",42,"master","no","no","female"
"no","no",46,"hs","no","no","male"
"no","yes",37,"master","no","no","female"
"no","no",43,"college","no","no","female"
"no","yes",27,"college","no","no","female"
"no","no",27,"some college","no","no","female"
"no","yes",46,"master","no","no","male"
"no","yes",45,"master","no","no","female"
"no","no",66,"hs","yes","no","male"
"no","yes",50,"college","no","no","female"
"yes","yes",22,"hs","no","no","female"
"yes","no",23,"college","no","no","male"
"no","yes",35,"some college","no","yes","male"
"no","yes",23,"college","no","no","female"
"no","yes",29,"hs","no","no","male"
"no","no",33,"some college","no","no","female"
"yes","no",51,"hs drop out","no","no","male"
"no","yes",57,"college","no","no","male"
"yes","yes",54,"some college","no","no","female"
"yes","yes",25,"some college","no","no","female"
"no","no",32,"some college","no","no","male"
"yes","no",42,"hs","no","no","female"
"yes","yes",31,"hs","no","no","female"
"no","yes",52,"some college","no","no","female"
"yes","yes",41,"college","no","no","female"
"no","no",49,"some college","no","no","male"
"yes","yes",20,"hs","no","no","male"
"no","yes",33,"college","no","no","male"
"no","yes",35,"college","no","no","female"
"no","no",19,"hs","no","no","male"
"no","no",39,"college","no","no","male"
"no","yes",28,"hs","no","no","female"
"no","yes",49,"college","no","no","female"
"no","yes",34,"some college","no","no","male"
"no","yes",23,"some college","no","no","female"
"no","no",29,"some college","no","no","female"
"no","yes",37,"master","no","no","male"
"no","yes",58,"college","no","no","female"
"no","no",32,"college","no","no","female"
"no","yes",31,"hs","no","no","male"
"no","yes",73,"hs drop out","no","no","female"
"yes","no",47,"some college","no","no","male"
"no","no",18,"hs","no","no","female"
"no","yes",28,"hs drop out","no","no","female"
"yes","no",31,"hs","no","no","female"
"yes","no",39,"hs","no","no","male"
"yes","no",35,"hs","no","no","female"
"yes","yes",34,"hs","no","no","female"
"no","yes",35,"master","no","no","male"
"yes","yes",29,"hs","no","no","female"
"no","yes",49,"hs","no","no","male"
"yes","no",37,"hs","no","no","female"
"yes","yes",57,"some college","yes","no","male"
"no","no",35,"hs","no","no","female"
"no","yes",53,"hs","no","no","male"
"no","yes",46,"master","no","no","male"
"no","yes",57,"some college","no","no","female"
"no","yes",32,"college","no","no","male"
"no","no",40,"college","no","no","female"
"no","yes",39,"some college","no","no","male"
"no","no",37,"hs","no","no","female"
"yes","no",18,"hs drop out","no","no","male"
"no","no",57,"master","no","no","male"
"no","yes",57,"college","no","no","female"
"no","yes",24,"hs","no","no","female"
"no","no",31,"some college","no","no","female"
"no","yes",26,"hs","no","no","female"
"no","yes",37,"some college","no","no","female"
"no","yes",54,"hs","no","no","male"
"yes","yes",28,"some college","no","no","female"
"yes","yes",46,"some college","no","no","female"
"no","yes",23,"college","no","no","female"
"no","yes",36,"hs","no","no","female"
"no","yes",49,"master","no","no","female"
"no","yes",46,"hs","no","no","male"
"no","yes",33,"hs","no","no","female"
"no","yes",34,"master","no","no","female"
"no","yes",35,"hs","no","no","female"
"no","yes",18,"hs drop out","no","no","female"
"no","no",18,"hs drop out","no","no","female"
"yes","no",21,"hs","no","no","female"
"yes","yes",35,"some college","no","no","male"
"no","yes",53,"some college","no","no","male"
"no","yes",50,"hs","no","no","female"
"no","yes",33,"hs","no","no","female"
"no","yes",34,"some college","no","no","female"
"no","no",35,"hs","no","no","female"
"yes","no",39,"hs","no","no","male"
"yes","no",23,"hs drop out","no","no","male"
"yes","no",53,"hs","no","no","female"
"no","yes",42,"college","no","no","female"
"yes","no",32,"hs drop out","no","no","male"
"no","no",44,"hs","no","no","female"
"yes","no",26,"hs","no","no","male"
"yes","yes",34,"hs","no","no","female"
"no","yes",32,"college","no","no","female"
"no","no",46,"college","no","no","male"
"no","no",46,"some college","no","no","female"
"no","yes",37,"hs","no","no","female"
"no","yes",48,"some college","no","no","male"
"no","yes",41,"college","no","no","female"
"no","yes",43,"hs","no","no","female"
"no","no",52,"college","no","no","male"
"no","yes",52,"some college","no","no","female"
"no","yes",22,"college","no","no","female"
"no","yes",46,"college","no","no","female"
"yes","yes",28,"some college","no","no","female"
"no","yes",32,"college","no","no","female"
"no","yes",45,"college","no","no","male"
"no","yes",40,"some college","no","no","female"
"yes","yes",41,"hs","no","no","male"
"no","yes",39,"hs","no","no","female"
"no","no",30,"master","no","no","male"
"yes","yes",59,"some college","no","no","female"
"no","yes",35,"hs","no","no","female"
"yes","yes",37,"some college","no","no","male"
"yes","yes",55,"some college","no","no","female"
"yes","no",30,"college","no","no","male"
"no","yes",48,"hs","no","no","female"
"yes","yes",24,"some college","no","no","female"
"no","no",61,"some college","no","no","female"
"yes","yes",36,"hs","no","no","female"
"no","yes",24,"hs drop out","no","no","male"
"no","yes",22,"hs","no","no","female"
"no","yes",29,"some college","no","no","male"
"no","yes",39,"master","no","no","male"
"no","no",29,"some college","no","no","female"
"no","no",29,"some college","no","no","male"
"no","yes",42,"hs","no","no","female"
"yes","yes",55,"master","no","no","male"
"no","yes",50,"some college","no","no","female"
"no","yes",31,"hs","no","no","male"
"yes","no",29,"hs drop out","no","no","male"
"no","yes",55,"hs","no","no","male"
"no","yes",51,"hs","no","no","female"
"no","no",18,"hs","no","no","female"
"no","no",24,"some college","no","no","male"
"no","yes",62,"hs","no","no","male"
"no","yes",55,"hs","no","no","female"
"no","yes",33,"college","no","no","male"
"no","no",37,"hs","no","no","male"
"no","yes",49,"hs","no","no","female"
"no","yes",38,"master","no","no","male"
"no","yes",36,"some college","no","no","female"
"no","yes",45,"hs","no","no","male"
"no","yes",22,"some college","no","no","male"
"no","yes",43,"some college","no","no","female"
"yes","no",57,"hs drop out","yes","no","male"
"yes","yes",46,"college","no","no","female"
"no","no",39,"hs","no","no","male"
"no","yes",36,"hs","no","no","female"
"no","no",38,"hs drop out","no","no","male"
"no","yes",37,"hs","no","no","female"
"no","yes",54,"hs","no","no","female"
"no","yes",26,"college","no","no","female"
"no","yes",22,"hs","no","no","female"
"no","no",45,"college","no","no","female"
"no","no",25,"hs","no","no","male"
"no","no",23,"hs","no","no","female"
"no","yes",34,"college","no","no","male"
"yes","yes",54,"some college","no","no","female"
"no","yes",44,"master","no","no","female"
"no","no",54,"hs","no","no","female"
"yes","yes",37,"some college","yes","no","female"
"no","yes",18,"some college","yes","no","female"
"no","yes",42,"college","no","no","female"
"no","yes",48,"hs","no","no","male"
"yes","yes",38,"hs","no","no","female"
"no","yes",23,"hs","no","no","female"
"yes","yes",40,"college","no","no","male"
"no","no",27,"college","no","no","female"
"yes","yes",70,"hs drop out","no","no","male"
"yes","yes",63,"hs","no","no","female"
"no","yes",25,"college","no","no","male"
"no","yes",67,"some college","no","no","female"
"yes","yes",59,"college","no","no","male"
"no","yes",34,"master","no","no","male"
"no","yes",47,"hs","no","no","female"
"no","yes",32,"some college","no","no","male"
"no","no",28,"college","no","no","male"
"no","no",62,"hs","no","no","female"
"no","yes",50,"master","no","no","male"
"no","yes",30,"hs","no","no","female"
"yes","yes",25,"hs","no","no","male"
"no","yes",27,"hs","no","no","female"
"no","yes",55,"some college","no","yes","male"
"no","no",29,"some college","no","yes","female"
"no","yes",54,"master","no","yes","female"
"no","no",24,"college","no","no","female"
"yes","no",42,"hs drop out","no","yes","female"
"yes","no",18,"hs","no","yes","male"
"no","yes",34,"college","no","no","male"
"no","no",29,"college","no","no","female"
"no","yes",44,"some college","no","no","female"
"yes","yes",56,"hs","no","yes","female"
"yes","no",42,"master","no","no","male"
"no","no",52,"hs drop out","no","yes","female"
"yes","no",34,"hs","no","no","female"
"no","yes",26,"hs","no","yes","male"
"no","no",51,"hs drop out","no","yes","male"
"no","no",19,"some college","no","no","female"
"no","yes",45,"hs drop out","no","yes","female"
"no","yes",46,"hs","no","no","female"
"no","yes",23,"some college","no","no","female"
"no","yes",20,"some college","no","no","female"
"no","yes",32,"college","no","no","female"
"yes","no",28,"hs","no","no","female"
"no","no",32,"hs","no","no","female"
"no","yes",42,"college","no","no","female"
"no","yes",41,"college","yes","no","female"
"no","yes",63,"hs","no","no","male"
"no","no",59,"hs","no","no","female"
"no","no",32,"hs","no","yes","male"
"no","yes",35,"some college","no","yes","female"
"no","no",27,"hs drop out","no","no","female"
"yes","no",29,"some college","no","no","male"
"yes","yes",41,"some college","no","no","female"
"no","yes",39,"college","no","no","male"
"no","no",35,"hs drop out","no","yes","male"
"no","yes",24,"some college","no","yes","female"
"yes","no",56,"hs","no","no","female"
"no","yes",48,"hs","no","no","female"
"no","yes",37,"some college","yes","no","female"
"no","yes",43,"master","no","no","female"
"yes","yes",46,"some college","no","no","female"
"no","no",43,"hs","no","no","female"
"no","yes",30,"hs","no","yes","female"
"no","yes",35,"some college","no","no","female"
"no","no",26,"hs","yes","no","female"
"no","no",30,"college","no","no","female"
"no","yes",41,"some college","no","yes","female"
"no","yes",33,"some college","no","no","male"
"no","no",31,"hs","no","no","female"
"no","no",44,"hs","no","no","male"
"no","no",48,"hs","no","no","female"
"yes","yes",50,"hs drop out","no","no","female"
"yes","yes",63,"master","no","no","male"
"no","yes",60,"some college","no","no","female"
"yes","no",21,"some college","no","no","female"
"no","yes",34,"hs drop out","no","no","female"
"no","no",51,"college","no","no","female"
"no","no",39,"some college","no","no","male"
"no","yes",41,"hs","no","no","female"
"no","yes",19,"hs","no","no","male"
"yes","no",30,"hs","no","no","male"
"no","yes",30,"hs","no","no","female"
"no","yes",30,"some college","no","no","male"
"no","no",25,"hs","no","no","female"
"no","yes",43,"hs","no","no","female"
"no","yes",55,"college","no","no","female"
"no","yes",49,"college","no","no","female"
"no","yes",48,"some college","no","no","female"
"no","no",44,"hs","no","no","male"
"no","yes",31,"hs drop out","no","yes","female"
"no","yes",36,"some college","no","no","male"
"no","no",33,"some college","no","no","female"
"no","no",28,"some college","no","no","male"
"no","yes",23,"college","no","no","female"
"yes","no",36,"hs","no","yes","male"
"no","no",29,"college","no","no","female"
"no","yes",35,"hs","no","no","female"
"no","yes",19,"hs","no","no","male"
"no","no",23,"some college","no","no","female"
"no","no",22,"hs","no","no","male"
"no","yes",21,"hs drop out","no","no","female"
"no","no",32,"some college","no","no","male"
"no","no",31,"hs","no","no","female"
"no","no",25,"hs drop out","no","yes","male"
"yes","yes",48,"hs drop out","no","yes","male"
"yes","yes",29,"some college","no","yes","male"
"yes","yes",57,"hs","no","no","female"
"no","no",23,"hs","no","no","female"
"yes","no",41,"some college","no","yes","female"
"yes","yes",50,"hs","no","no","female"
"no","yes",29,"some college","no","no","male"
"no","yes",33,"hs drop out","no","yes","male"
"yes","no",70,"hs","no","yes","female"
"yes","yes",46,"hs drop out","no","yes","female"
"no","yes",38,"master","no","no","male"
"no","yes",37,"master","no","no","female"
"no","yes",27,"some college","yes","no","female"
"yes","no",19,"some college","no","no","female"
"no","no",23,"some college","no","no","female"
"yes","no",29,"hs drop out","no","yes","male"
"no","no",35,"some college","no","no","male"
"no","yes",23,"hs","no","yes","male"
"no","no",41,"college","no","no","male"
"yes","yes",25,"hs drop out","no","no","female"
"yes","no",34,"hs","no","no","male"
"yes","no",33,"hs","no","no","female"
"no","no",27,"some college","no","no","female"
"no","no",21,"hs","no","no","female"
"no","yes",25,"some college","no","no","female"
"no","yes",24,"some college","no","yes","female"
"no","yes",59,"hs drop out","no","no","female"
"no","yes",32,"hs","no","yes","female"
"no","yes",29,"college","no","no","male"
"no","yes",20,"hs","no","no","female"
"no","yes",31,"hs","no","no","female"
"no","yes",49,"hs","no","no","female"
"yes","yes",24,"some college","no","no","male"
"yes","no",32,"hs drop out","no","yes","female"
"no","yes",21,"college","no","no","female"
"no","no",36,"some college","no","no","female"
"no","no",36,"some college","no","no","female"
"no","no",38,"hs","no","no","male"
"no","no",38,"some college","no","no","female"
"no","no",28,"hs","no","no","male"
"no","yes",51,"hs drop out","no","yes","female"
"no","no",56,"some college","no","no","female"
"yes","yes",42,"hs","no","no","male"
"yes","no",42,"some college","no","no","female"
"no","no",36,"college","no","no","male"
"no","no",65,"some college","no","no","female"
"no","yes",23,"hs","no","yes","female"
"no","yes",31,"college","no","no","male"
"no","no",38,"some college","no","no","male"
"no","no",35,"some college","no","no","female"
"no","no",42,"hs","no","no","male"
"no","yes",31,"hs","no","yes","female"
"no","yes",49,"some college","no","no","female"
"yes","yes",48,"some college","no","no","male"
"no","no",27,"some college","no","yes","female"
"no","no",47,"hs","no","no","female"
"no","no",30,"some college","no","no","male"
"no","yes",28,"hs","no","no","female"
"no","no",57,"some college","no","no","female"
"no","yes",45,"hs","no","no","female"
"no","yes",20,"some college","no","no","female"
"no","no",60,"hs drop out","no","yes","female"
"no","no",32,"some college","no","no","female"
"no","yes",50,"hs","no","no","male"
"no","yes",42,"hs","no","no","female"
"no","yes",42,"hs","no","no","female"
"no","yes",27,"hs","no","yes","male"
"yes","yes",27,"hs","no","no","male"
"no","no",24,"college","no","no","male"
"no","yes",46,"hs","no","no","female"
"no","yes",20,"some college","no","no","male"
"no","yes",18,"hs","no","no","female"
"no","no",49,"hs drop out","no","no","male"
"yes","no",31,"some college","no","no","male"
"yes","yes",27,"some college","no","no","female"
"no","no",24,"hs","yes","no","female"
"no","no",27,"hs","no","no","female"
"no","no",57,"hs drop out","no","yes","female"
"no","no",69,"some college","no","no","female"
"no","no",30,"some college","no","yes","female"
"yes","no",49,"hs","no","no","male"
"no","no",49,"hs","no","no","female"
"no","no",20,"some college","no","yes","female"
"no","no",53,"hs","no","no","female"
"no","no",21,"hs","yes","no","female"
"no","yes",72,"master","no","no","male"
"no","yes",54,"master","no","no","female"
"yes","yes",56,"hs drop out","yes","no","female"
"no","yes",38,"some college","no","no","female"
"no","no",23,"hs","no","no","female"
"no","yes",30,"hs drop out","no","yes","male"
"no","no",59,"hs","no","no","female"
"no","yes",29,"some college","no","yes","female"
"no","yes",54,"some college","no","no","female"
"yes","no",50,"hs","no","no","female"
"no","no",38,"some college","no","yes","male"
"no","no",39,"master","no","yes","female"
"no","yes",41,"some college","no","no","female"
"yes","no",51,"some college","no","no","male"
"yes","no",50,"some college","no","no","female"
"yes","no",23,"some college","no","no","male"
"yes","yes",36,"some college","no","yes","female"
"yes","yes",26,"hs","no","no","female"
"yes","no",22,"some college","no","no","female"
"no","no",20,"some college","no","no","male"
"yes","no",35,"hs drop out","no","no","female"
"no","yes",50,"hs","no","no","male"
"no","yes",40,"some college","no","no","female"
"no","yes",42,"some college","no","no","female"
"no","yes",38,"some college","no","no","female"
"yes","yes",36,"hs","no","no","female"
"no","no",67,"hs","no","no","male"
"no","yes",27,"college","no","no","male"
"no","yes",53,"college","no","no","female"
"no","yes",29,"college","no","no","male"
"no","yes",22,"college","no","no","female"
"no","no",78,"hs","no","no","male"
"no","no",40,"college","no","no","female"
"no","yes",31,"hs","yes","no","male"
"no","yes",26,"hs","yes","no","female"
"no","yes",49,"hs","no","yes","female"
"no","no",21,"hs","no","yes","male"
"yes","yes",24,"hs","no","no","female"
"no","yes",49,"master","no","yes","female"
"no","yes",43,"college","no","yes","male"
"no","no",25,"college","no","no","female"
"no","yes",53,"hs drop out","no","yes","male"
"no","yes",28,"hs","no","yes","male"
"no","yes",37,"hs","no","yes","female"
"no","yes",19,"some college","no","yes","female"
"no","yes",41,"hs","no","yes","male"
"yes","no",64,"hs drop out","no","no","male"
"no","yes",38,"some college","yes","no","female"
"no","yes",35,"hs","no","no","male"
"no","no",35,"college","no","no","female"
"no","yes",34,"college","no","no","male"
"no","yes",45,"some college","no","no","male"
"yes","yes",34,"hs","no","no","female"
"no","no",63,"hs","no","no","female"
"no","yes",34,"hs","no","no","male"
"no","yes",41,"college","no","no","female"
"no","yes",38,"hs","no","no","female"
"no","yes",18,"hs","no","no","male"
"yes","yes",35,"some college","no","no","female"
"no","yes",32,"some college","no","no","male"
"no","no",32,"hs","no","no","female"
"yes","yes",38,"hs","no","no","female"
"yes","no",35,"hs drop out","no","no","female"
"no","no",32,"some college","no","no","female"
"no","yes",26,"some college","yes","no","female"
"yes","no",27,"hs","no","no","female"
"no","no",37,"college","no","no","female"
"no","no",29,"master","no","no","female"
"no","yes",32,"master","no","no","male"
"no","no",32,"some college","no","no","female"
"no","yes",25,"some college","no","no","male"
"yes","yes",30,"hs drop out","no","no","female"
"yes","no",46,"hs drop out","no","no","female"
"no","no",25,"hs","no","no","female"
"no","yes",41,"some college","no","no","female"
"no","yes",48,"master","no","no","female"
"no","no",23,"college","no","no","male"
"no","no",44,"college","no","yes","male"
"yes","yes",42,"some college","no","no","male"
"no","no",36,"hs","no","no","male"
"no","yes",25,"college","no","no","male"
"no","yes",19,"some college","no","yes","female"
"no","no",58,"hs","no","no","male"
"no","yes",35,"master","no","no","male"
"no","yes",36,"college","no","no","female"
"yes","yes",32,"some college","no","yes","male"
"yes","yes",38,"hs","no","no","female"
"no","yes",56,"hs","no","no","female"
"no","no",23,"some college","no","no","male"
"yes","yes",31,"hs","no","no","female"
"no","no",20,"hs","yes","no","female"
"no","yes",40,"hs","no","yes","female"
"no","yes",41,"college","no","no","male"
"no","yes",42,"master","no","no","female"
"no","yes",57,"hs drop out","no","no","female"
"no","yes",30,"some college","no","no","female"
"no","no",70,"hs","no","no","female"
"yes","yes",18,"hs","no","yes","male"
"no","yes",41,"college","no","no","male"
"no","yes",40,"college","no","no","female"
"yes","no",48,"hs","no","no","male"
"yes","no",41,"hs","no","no","female"
"yes","no",34,"some college","no","no","male"
"yes","yes",33,"hs","no","no","female"
"yes","yes",18,"hs","no","no","female"
"no","yes",46,"hs","no","no","female"
"no","yes",51,"some college","no","yes","male"
"no","yes",46,"some college","no","yes","female"
"no","yes",49,"college","no","no","female"
"yes","no",33,"hs","no","no","female"
"no","yes",47,"some college","no","no","female"
"no","no",19,"hs","no","yes","female"
"yes","yes",60,"hs drop out","no","yes","male"
"no","yes",61,"college","yes","no","female"
"no","no",37,"hs","no","no","female"
"yes","yes",28,"some college","yes","no","female"
"no","yes",36,"hs","no","no","female"
"yes","yes",45,"hs","no","no","male"
"yes","yes",35,"some college","no","no","female"
"yes","no",20,"hs drop out","no","no","male"
"no","yes",26,"master","no","no","female"
"no","yes",37,"some college","no","no","male"
"no","yes",35,"some college","no","no","female"
"no","yes",42,"hs drop out","no","yes","female"
"no","yes",18,"hs","no","yes","male"
"no","no",32,"some college","no","yes","female"
"no","yes",46,"hs drop out","no","yes","male"
"no","no",18,"hs drop out","no","yes","female"
"yes","no",30,"some college","no","no","male"
"no","no",70,"hs drop out","no","no","male"
"yes","no",32,"hs","no","yes","female"
"yes","yes",39,"some college","no","no","male"
"no","yes",37,"hs","no","no","female"
"no","yes",27,"college","yes","no","female"
"yes","yes",33,"hs","yes","no","male"
"no","no",68,"hs drop out","no","no","female"
"no","yes",42,"hs","no","no","female"
"no","yes",36,"hs","no","no","male"
"no","no",55,"some college","no","no","female"
"no","yes",36,"master","no","no","male"
"no","no",34,"college","yes","no","male"
"yes","no",52,"some college","no","no","female"
"no","yes",33,"college","no","no","female"
"no","yes",39,"hs","no","no","female"
"yes","yes",18,"hs","no","no","male"
"yes","no",36,"some college","no","yes","male"
"no","yes",32,"hs","no","no","female"
"no","yes",34,"some college","no","no","female"
"no","no",80,"hs drop out","no","no","male"
"no","yes",56,"some college","no","no","female"
"no","no",39,"hs","no","no","female"
"no","no",33,"master","no","no","male"
"no","yes",30,"college","no","no","female"
"no","yes",41,"master","no","no","female"
"no","yes",27,"hs drop out","no","yes","male"
"no","no",28,"master","no","no","male"
"yes","no",44,"some college","no","no","male"
"no","yes",35,"master","no","no","male"
"no","no",55,"master","no","no","male"
"no","yes",33,"some college","yes","no","male"
"no","no",50,"hs drop out","no","yes","male"
"no","no",26,"hs","no","yes","male"
"yes","no",47,"some college","no","no","male"
"no","yes",41,"some college","no","no","male"
"no","yes",42,"college","no","no","female"
"no","no",30,"college","no","no","male"
"no","yes",36,"college","yes","no","female"
"yes","no",47,"hs","no","no","female"
"yes","yes",39,"hs","no","no","female"
"no","no",24,"hs","yes","no","female"
"no","yes",35,"some college","no","no","female"
"yes","yes",40,"college","no","no","female"
"no","yes",49,"master","no","no","male"
"no","yes",38,"some college","no","no","female"
"no","yes",48,"some college","no","no","female"
"no","yes",49,"college","no","no","male"
"no","yes",45,"college","no","no","female"
"no","yes",20,"some college","no","no","female"
"no","yes",36,"master","no","no","female"
"no","yes",28,"hs","no","no","female"
"no","yes",24,"college","no","no","male"
"no","yes",22,"college","no","no","male"
"no","yes",50,"college","no","no","female"
"no","no",25,"hs","no","no","male"
"yes","yes",25,"hs","no","no","female"
"no","yes",19,"hs drop out","no","yes","female"
"yes","no",24,"some college","no","no","male"
"no","no",38,"college","no","no","male"
"no","yes",38,"college","no","no","male"
"no","no",52,"hs drop out","no","no","female"
"no","no",26,"hs drop out","no","yes","male"
"yes","yes",50,"some college","no","no","female"
"yes","yes",36,"hs drop out","no","yes","male"
"no","yes",29,"hs","yes","no","male"
"no","no",39,"college","no","no","male"
"yes","yes",49,"hs","no","no","female"
"no","yes",30,"hs drop out","no","yes","female"
"yes","yes",42,"some college","no","no","male"
"yes","yes",35,"some college","no","no","female"
"no","yes",33,"some college","no","no","male"
"no","yes",74,"some college","no","no","female"
"yes","no",39,"hs drop out","no","yes","male"
"no","yes",37,"hs drop out","no","yes","female"
"no","yes",25,"hs drop out","no","yes","male"
"no","no",28,"some college","no","no","male"
"no","yes",43,"college","no","no","male"
"no","yes",31,"hs","no","no","female"
"yes","yes",22,"college","no","no","female"
"no","yes",48,"some college","no","no","female"
"yes","yes",23,"hs","no","no","female"
"no","yes",50,"some college","no","no","male"
"no","no",70,"hs drop out","no","no","female"
"no","yes",30,"college","no","no","male"
"no","yes",41,"master","no","no","male"
"no","no",44,"master","no","no","female"
"no","no",26,"college","no","no","male"
"no","yes",24,"some college","no","no","female"
"yes","yes",40,"hs","no","no","male"
"no","yes",29,"college","no","no","female"
"yes","no",26,"hs","no","no","female"
"no","yes",34,"hs","no","no","female"
"no","yes",36,"master","no","no","male"
"no","yes",33,"college","no","no","female"
"no","no",37,"hs drop out","no","yes","male"
"no","yes",30,"some college","no","no","male"
"no","no",55,"hs","no","no","male"
"yes","no",53,"hs","no","no","female"
"yes","no",71,"hs drop out","no","yes","female"
"yes","no",22,"hs","no","no","male"
"no","yes",36,"college","no","no","male"
"no","no",41,"hs","no","no","female"
"no","yes",21,"some college","yes","no","male"
"no","yes",32,"hs","no","no","male"
"no","no",37,"hs drop out","yes","no","female"
"no","no",59,"hs","no","no","female"
"yes","no",29,"hs drop out","no","no","male"
"yes","no",27,"hs","no","no","female"
"no","yes",38,"college","no","no","male"
"no","yes",36,"master","no","no","female"
"no","yes",68,"some college","no","no","female"
"no","yes",41,"college","no","yes","female"
"no","yes",54,"some college","no","no","male"
"yes","yes",29,"hs","yes","no","female"
"no","no",49,"college","no","no","male"
"no","yes",50,"some college","no","no","female"
"no","yes",38,"hs","no","no","female"
"no","yes",42,"hs drop out","no","yes","female"
"no","yes",40,"college","yes","no","female"
"no","yes",35,"college","no","no","male"
"no","yes",34,"college","no","no","female"
"yes","yes",20,"hs","no","no","female"
"yes","yes",25,"hs","no","no","male"
"yes","no",18,"hs drop out","no","no","male"
"no","no",23,"some college","no","no","female"
"yes","yes",31,"some college","yes","no","male"
"no","yes",31,"some college","yes","no","female"
"no","yes",59,"master","no","no","male"
"no","yes",43,"master","no","yes","female"
"yes","no",25,"hs","no","no","male"
"no","yes",38,"hs","no","yes","female"
"yes","yes",29,"master","no","no","female"
"no","yes",32,"hs","no","yes","male"
"no","no",47,"hs drop out","no","yes","male"
"no","yes",39,"hs","yes","no","female"
"yes","yes",42,"hs","no","no","female"
"no","yes",53,"college","no","yes","female"
"no","yes",45,"some college","no","yes","female"
"no","yes",28,"college","no","yes","female"
"no","yes",32,"some college","yes","no","female"
"no","no",26,"some college","no","no","male"
"no","yes",29,"college","no","no","female"
"no","no",42,"college","no","no","female"
"no","yes",38,"master","no","yes","female"
"no","yes",36,"college","no","no","male"
"no","yes",63,"hs drop out","yes","no","female"
"no","yes",35,"master","no","no","female"
"yes","no",39,"hs","no","no","male"
"yes","yes",40,"hs","no","no","female"
"no","yes",34,"some college","no","no","male"
"yes","yes",33,"hs drop out","no","no","female"
"yes","no",46,"hs drop out","no","yes","male"
"no","no",40,"college","no","no","male"
"no","yes",42,"college","no","no","female"
"no","yes",52,"hs","yes","no","female"
"no","yes",48,"hs","yes","no","male"
"no","yes",26,"college","no","no","male"
"yes","yes",48,"hs drop out","no","yes","male"
"no","yes",41,"college","no","no","male"
"no","no",23,"college","no","no","female"
"yes","no",29,"hs drop out","no","yes","male"
"no","yes",49,"hs","no","no","female"
"no","yes",47,"hs","no","no","female"
"no","no",48,"some college","yes","no","male"
"yes","no",42,"hs","no","no","female"
"no","no",22,"hs","no","no","male"
"yes","no",59,"hs drop out","no","no","male"
"yes","yes",29,"some college","no","no","male"
"no","no",58,"hs","yes","no","male"
"yes","yes",34,"college","no","no","male"
"no","yes",36,"hs","no","yes","female"
"no","no",37,"hs drop out","no","yes","male"
"yes","no",39,"some college","no","yes","male"
"no","yes",35,"some college","no","yes","female"
"no","yes",25,"hs drop out","yes","no","female"
"no","yes",49,"some college","no","no","female"
"no","yes",29,"hs drop out","no","no","male"
"no","yes",31,"hs","no","no","male"
"no","yes",36,"college","no","no","male"
"no","yes",24,"college","no","no","female"
"no","yes",45,"college","no","no","male"
"no","yes",46,"master","no","no","male"
"yes","no",19,"hs drop out","no","no","female"
"no","yes",47,"college","no","no","male"
"no","yes",29,"hs drop out","no","yes","male"
"no","yes",41,"some college","no","no","male"
"yes","no",64,"hs","no","no","female"
"no","yes",35,"college","no","no","female"
"no","yes",49,"some college","no","no","male"
"no","no",55,"college","no","no","male"
"no","yes",54,"college","no","no","female"
"no","yes",40,"some college","no","no","male"
"no","yes",35,"hs","no","no","female"
"no","yes",33,"some college","yes","no","female"
"no","no",26,"college","no","no","male"
"no","yes",25,"college","no","no","female"
"yes","no",43,"hs drop out","no","no","male"
"yes","yes",18,"hs drop out","no","no","female"
"no","yes",35,"college","no","no","male"
"no","yes",28,"some college","no","no","female"
"no","no",44,"hs","no","no","male"
"no","yes",32,"hs","no","yes","female"
"no","yes",38,"master","no","no","male"
"no","no",39,"master","no","no","female"
"no","yes",37,"college","no","no","male"
"no","yes",36,"master","yes","no","male"
"no","yes",33,"some college","yes","no","female"
"no","yes",32,"college","no","no","male"
"no","no",31,"college","no","no","female"
"yes","yes",59,"college","no","no","male"
"no","yes",35,"master","no","no","male"
"no","no",31,"some college","no","no","female"
"no","yes",38,"some college","no","no","female"
"no","yes",19,"hs","no","no","female"
"no","no",31,"hs","no","no","female"
"no","no",21,"hs","no","no","female"
"yes","no",21,"hs","no","no","male"
"yes","no",22,"college","no","no","female"
"no","no",59,"some college","no","no","male"
"no","yes",35,"master","no","no","female"
"yes","yes",31,"college","no","no","male"
"no","yes",43,"master","no","no","male"
"no","yes",47,"college","no","no","female"
"yes","yes",27,"some college","yes","no","male"
"yes","no",55,"hs","no","no","female"
"no","no",43,"college","no","no","female"
"no","yes",20,"some college","no","no","male"
"no","yes",48,"master","no","no","male"
"yes","yes",46,"college","no","no","female"
"no","yes",45,"master","no","no","female"
"yes","yes",52,"college","no","no","female"
"no","yes",60,"college","no","no","male"
"no","yes",59,"hs","no","no","female"
"yes","no",41,"master","no","no","male"
"no","yes",42,"some college","no","no","male"
"no","no",44,"hs","no","no","female"
"no","yes",25,"hs","no","yes","male"
"no","yes",39,"master","yes","no","male"
"no","yes",32,"college","yes","no","female"
"yes","no",44,"hs drop out","no","no","male"
"yes","no",41,"hs drop out","no","no","female"
"yes","yes",20,"hs","no","no","male"
"yes","yes",18,"hs","no","no","female"
"no","yes",25,"hs","no","yes","female"
"yes","no",38,"some college","no","no","male"
"yes","yes",38,"hs","no","no","female"
"no","no",30,"hs","yes","no","female"
"no","no",47,"hs drop out","no","yes","female"
"yes","no",49,"some college","no","no","male"
"no","yes",55,"some college","no","no","male"
"no","no",54,"college","no","no","female"
"yes","yes",38,"hs","no","no","male"
"yes","no",24,"some college","yes","no","male"
"yes","no",21,"hs drop out","no","no","female"
"no","yes",31,"some college","yes","no","male"
"no","yes",30,"some college","yes","no","female"
"yes","no",18,"hs drop out","no","no","male"
"yes","no",18,"hs","no","no","male"
"no","no",50,"some college","no","no","male"
"no","yes",30,"college","no","no","male"
"yes","no",46,"hs","no","no","female"
"no","no",22,"some college","no","no","female"
"yes","no",44,"hs drop out","no","no","male"
"no","yes",32,"college","no","no","male"
"yes","no",22,"hs drop out","no","no","male"
"no","no",41,"hs","no","yes","female"
"no","yes",39,"hs drop out","no","yes","female"
"no","no",37,"college","no","no","male"
"no","yes",33,"college","no","no","female"
"yes","no",29,"hs","no","no","female"
"no","no",52,"some college","no","no","male"
"no","no",22,"some college","no","yes","female"
"no","no",23,"hs","no","yes","male"
"no","yes",49,"master","no","no","male"
"yes","yes",42,"hs","no","no","female"
"yes","yes",43,"hs","no","no","female"
"no","yes",26,"college","no","no","female"
"no","no",28,"master","no","no","male"
"yes","yes",35,"hs","no","no","male"
"no","no",22,"some college","no","no","male"
"no","no",25,"hs","yes","no","male"
"yes","yes",34,"some college","no","no","female"
"no","yes",30,"college","no","yes","male"
"no","no",42,"master","no","no","male"
"no","yes",39,"master","no","no","female"
"no","no",33,"some college","no","no","female"
"no","yes",24,"hs drop out","no","yes","female"
"no","yes",25,"hs","no","yes","female"
"no","no",30,"hs","no","no","female"
"yes","no",32,"some college","no","no","male"
"no","no",36,"master","no","no","male"
"yes","yes",28,"hs","no","yes","male"
"no","no",39,"college","yes","no","male"
"no","no",47,"master","no","no","male"
"no","yes",41,"some college","no","no","female"
"no","yes",62,"hs","no","yes","male"
"no","yes",52,"hs drop out","no","yes","male"
"no","no",25,"college","no","no","female"
"no","yes",48,"college","no","no","male"
"no","yes",46,"some college","no","no","female"
"yes","yes",37,"hs","no","no","female"
"no","yes",23,"some college","no","yes","male"
"yes","no",28,"hs","no","no","male"
"no","yes",31,"hs","no","no","female"
"no","yes",36,"some college","no","no","female"
"no","yes",32,"master","yes","no","female"
"no","yes",20,"some college","yes","no","female"
"yes","yes",31,"master","no","yes","male"
"no","yes",54,"hs","no","no","female"
"no","no",39,"some college","no","no","female"
"no","yes",41,"hs","no","no","female"
"no","no",64,"hs","no","no","female"
"no","no",61,"hs","no","no","male"
"no","yes",58,"hs drop out","no","no","female"
"yes","yes",28,"some college","no","no","female"
"no","yes",45,"master","no","no","female"
"no","yes",22,"hs","yes","no","male"
"no","yes",25,"some college","no","no","male"
"no","no",23,"some college","no","yes","male"
"no","yes",41,"hs","no","no","female"
"no","yes",43,"some college","no","no","male"
"no","yes",43,"master","no","no","female"
"no","yes",42,"some college","no","no","male"
"no","no",40,"some college","no","no","female"
"no","yes",31,"hs","no","no","female"
"no","yes",46,"some college","no","yes","female"
"no","no",42,"hs","no","no","female"
"no","yes",21,"some college","no","no","female"
"no","no",54,"some college","no","no","male"
"no","yes",35,"master","no","no","male"
"no","yes",43,"some college","no","no","male"
"yes","yes",40,"some college","no","no","female"
"yes","yes",29,"hs","no","no","male"
"no","yes",21,"hs","no","no","male"
"no","no",38,"master","yes","no","male"
"yes","no",34,"hs","no","no","male"
"yes","yes",29,"some college","no","no","female"
"no","yes",47,"master","no","no","male"
"no","yes",25,"some college","no","no","male"
"no","yes",66,"college","no","no","male"
"no","yes",45,"hs","no","no","male"
"no","yes",43,"hs","no","no","female"
"no","yes",28,"college","no","no","female"
"no","yes",36,"hs","no","no","male"
"no","yes",34,"some college","no","no","female"
"no","yes",32,"some college","no","no","male"
"no","yes",24,"some college","no","no","female"
"no","yes",31,"college","yes","no","female"
"no","yes",38,"hs","no","yes","female"
"yes","yes",27,"hs","no","no","female"
"no","no",38,"some college","yes","no","male"
"no","yes",60,"hs","no","no","female"
"no","yes",20,"some college","no","no","female"
"yes","yes",25,"some college","yes","no","female"
"no","yes",30,"some college","no","no","male"
"no","yes",32,"hs","no","no","female"
"no","yes",34,"college","no","no","male"
"yes","yes",37,"some college","no","no","male"
"no","no",25,"some college","no","no","male"
"yes","no",39,"hs drop out","no","no","male"
"yes","yes",19,"some college","no","no","female"
"no","yes",64,"hs","yes","no","female"
"no","yes",45,"college","no","no","female"
"no","yes",46,"master","no","no","male"
"yes","yes",43,"some college","no","no","female"
"no","yes",21,"some college","no","yes","male"
"no","yes",46,"some college","no","no","male"
"no","yes",43,"some college","no","no","female"
"no","yes",34,"college","no","no","female"
"no","no",50,"some college","no","no","male"
"no","yes",50,"hs","no","no","female"
"yes","yes",43,"college","no","no","male"
"yes","yes",32,"some college","no","no","female"
"no","yes",36,"some college","yes","no","female"
"yes","no",40,"college","no","no","female"
"no","yes",49,"some college","no","no","female"
"no","yes",51,"master","no","no","male"
"no","yes",30,"college","no","no","female"
"no","yes",31,"college","no","no","male"
"no","yes",33,"hs","no","no","female"
"no","yes",26,"some college","no","no","male"
"no","no",50,"hs drop out","no","yes","female"
"yes","no",47,"hs","no","no","female"
"no","yes",27,"hs","no","yes","male"
"no","yes",28,"college","no","no","male"
"yes","yes",36,"hs","no","no","female"
"yes","yes",45,"master","no","no","male"
"yes","yes",41,"college","no","no","female"
"no","yes",34,"master","no","no","male"
"yes","no",18,"hs drop out","no","no","female"
"no","no",22,"hs","yes","no","male"
"no","yes",23,"some college","no","yes","male"
"no","no",20,"hs","no","no","female"
"yes","yes",23,"some college","no","no","male"
"yes","no",44,"hs","no","no","male"
"no","no",46,"hs","no","no","female"
"no","yes",43,"master","no","no","male"
"no","yes",38,"college","no","yes","male"
"yes","yes",41,"some college","yes","no","female"
"no","yes",33,"college","no","no","male"
"no","yes",33,"college","no","no","female"
"no","no",33,"master","no","no","male"
"yes","yes",30,"some college","no","no","female"
"no","yes",41,"hs","no","no","male"
"no","yes",39,"some college","no","no","female"
"yes","no",49,"hs drop out","no","no","female"
"no","yes",22,"some college","no","no","female"
"no","yes",28,"some college","no","no","male"
"no","yes",37,"some college","yes","no","female"
"no","yes",55,"hs drop out","no","no","female"
"no","no",47,"some college","no","no","male"
"no","no",23,"hs drop out","no","yes","male"
"yes","yes",24,"some college","no","no","male"
"yes","yes",53,"some college","no","no","male"
"yes","yes",50,"hs","no","no","female"
"no","yes",48,"master","no","no","male"
"no","yes",47,"college","no","no","female"
"no","no",45,"college","yes","no","male"
"yes","yes",28,"some college","yes","no","female"
"no","yes",23,"hs","yes","no","female"
"yes","yes",24,"hs","yes","no","male"
"no","no",21,"some college","no","no","male"
"no","no",22,"some college","no","no","male"
"no","no",42,"some college","no","no","female"
"no","yes",34,"master","no","no","male"
"no","yes",28,"some college","no","no","male"
"no","yes",30,"college","no","no","female"
"no","no",56,"college","no","no","male"
"no","yes",53,"college","no","no","female"
"no","yes",60,"some college","no","no","female"
"yes","no",35,"some college","no","no","female"
"yes","no",27,"master","no","no","male"
"no","yes",35,"hs","no","no","male"
"no","no",67,"hs drop out","no","no","male"
"no","no",33,"hs","no","no","male"
"no","yes",39,"college","no","no","female"
"no","yes",21,"some college","no","no","male"
"no","yes",54,"hs","no","no","female"
"no","no",35,"some college","no","no","male"
"no","yes",30,"hs","no","no","female"
"no","no",34,"hs","no","yes","female"
"no","no",19,"hs","no","no","male"
"no","no",19,"hs","no","no","female"
"yes","yes",47,"college","no","no","female"
"yes","yes",18,"hs","no","no","male"
"no","no",18,"hs","yes","no","male"
"no","yes",28,"hs","no","no","male"
"no","yes",28,"college","no","no","female"
"no","yes",56,"hs drop out","yes","no","male"
"no","yes",30,"hs","no","no","female"
"no","no",30,"master","no","no","female"
"no","yes",45,"hs","no","no","female"
"no","yes",27,"hs","yes","no","male"
"no","no",29,"hs drop out","no","yes","female"
"no","yes",20,"some college","yes","no","female"
"no","no",33,"college","no","no","male"
"no","no",61,"some college","no","no","female"
"no","yes",23,"hs","no","no","male"
"yes","yes",26,"hs","no","no","female"
"no","yes",46,"some college","no","no","female"
"no","yes",54,"hs drop out","no","no","male"
"no","yes",27,"some college","no","no","male"
"no","no",26,"some college","no","yes","female"
"yes","no",37,"hs","yes","no","female"
"no","yes",34,"hs","no","no","female"
"no","no",65,"college","no","no","female"
"yes","no",63,"some college","no","no","female"
"yes","yes",38,"master","no","no","female"
"no","yes",23,"some college","no","no","female"
"yes","yes",23,"college","no","no","female"
"no","no",57,"some college","yes","no","female"
"yes","no",29,"hs","yes","no","male"
"yes","yes",19,"hs drop out","yes","no","female"
"yes","no",22,"hs drop out","no","no","male"
"yes","yes",25,"some college","yes","no","female"
"no","yes",24,"college","no","no","male"
"no","yes",23,"college","no","no","female"
"no","yes",38,"some college","no","no","female"
"no","yes",40,"college","no","no","male"
"no","yes",31,"hs","no","no","female"
"no","no",53,"college","no","no","female"
"no","no",50,"college","no","no","male"
"yes","yes",34,"some college","yes","no","male"
"yes","yes",55,"some college","no","no","male"
"no","no",30,"college","no","no","female"
"no","no",74,"hs","no","no","male"
"no","yes",51,"hs","no","no","female"
"no","no",18,"hs drop out","no","yes","male"
"no","no",23,"hs drop out","no","yes","male"
"yes","no",32,"some college","no","no","male"
"no","yes",36,"master","no","no","male"
"no","yes",32,"hs","no","no","female"
"yes","yes",47,"hs","no","no","female"
"yes","yes",45,"hs","no","no","male"
"no","no",44,"hs drop out","no","no","female"
"no","yes",41,"college","no","no","male"
"no","yes",33,"some college","no","no","male"
"no","yes",48,"college","no","no","female"
"yes","yes",31,"some college","no","no","male"
"yes","yes",36,"college","yes","no","male"
"no","yes",41,"some college","yes","no","female"
"no","no",20,"some college","no","no","female"
"no","yes",35,"master","no","no","male"
"no","yes",34,"college","no","no","female"
"yes","no",34,"hs","yes","no","male"
"yes","yes",38,"hs","yes","no","female"
"no","yes",29,"college","no","no","male"
"no","no",26,"college","no","no","female"
"yes","no",50,"hs","no","no","female"
"no","yes",20,"hs","no","no","female"
"no","yes",21,"hs","no","no","female"
"no","yes",28,"college","no","no","male"
"no","yes",26,"college","no","no","female"
"no","yes",34,"hs","no","no","male"
"no","yes",34,"hs","no","no","female"
"yes","yes",58,"master","no","no","male"
"no","yes",57,"college","no","no","female"
"yes","yes",22,"some college","no","no","male"
"yes","no",22,"some college","no","no","female"
"yes","yes",32,"some college","no","no","male"
"yes","no",23,"hs","no","no","female"
"yes","yes",50,"hs drop out","no","no","female"
"no","no",28,"master","no","no","male"
"no","yes",28,"college","no","no","female"
"no","yes",26,"college","no","no","male"
"no","yes",34,"college","no","no","female"
"no","yes",35,"college","no","no","male"
"no","no",38,"master","yes","no","male"
"no","no",45,"hs","no","no","male"
"no","no",44,"some college","no","no","female"
"yes","yes",44,"hs","no","no","female"
"no","yes",42,"some college","yes","no","female"
"no","yes",42,"master","no","no","female"
"yes","yes",28,"college","no","yes","female"
"no","no",24,"hs","no","yes","female"
"yes","yes",42,"some college","no","no","female"
"no","no",31,"hs","no","yes","female"
"no","yes",43,"college","no","no","male"
"yes","no",34,"hs drop out","yes","no","male"
"no","yes",38,"master","no","no","male"
"no","yes",36,"master","no","no","female"
"yes","yes",48,"hs","no","no","female"
"no","yes",31,"hs","yes","no","female"
"no","yes",25,"college","no","no","female"
"no","no",60,"some college","no","no","female"
"no","yes",36,"some college","yes","no","male"
"no","no",32,"hs","yes","no","male"
"yes","yes",33,"some college","yes","no","female"
"yes","no",32,"hs","no","no","male"
"no","yes",30,"hs drop out","no","no","male"
"no","yes",34,"college","no","no","male"
"yes","yes",38,"hs drop out","no","yes","female"
"no","yes",57,"some college","no","no","female"
"no","no",34,"master","no","no","male"
"no","yes",30,"some college","no","no","female"
"no","yes",24,"college","no","no","male"
"no","no",36,"some college","no","no","male"
"yes","no",29,"college","no","no","female"
"no","yes",44,"college","no","no","female"
"no","yes",20,"some college","no","no","male"
"no","yes",46,"hs drop out","no","no","female"
"no","no",21,"hs drop out","no","no","male"
"no","yes",30,"college","no","no","female"
"no","yes",44,"hs","no","no","female"
"yes","yes",46,"hs","yes","no","male"
"no","no",38,"college","no","no","female"
"no","yes",38,"some college","no","no","female"
"yes","no",53,"hs","no","no","male"
"no","yes",52,"hs","no","no","female"
"yes","no",29,"hs","no","yes","male"
"no","no",22,"hs drop out","yes","no","male"
"no","no",43,"some college","no","no","male"
"no","yes",38,"college","no","no","female"
"no","no",33,"hs","no","no","female"
"no","no",26,"some college","no","no","male"
"yes","no",29,"hs drop out","no","yes","female"
"yes","yes",48,"some college","no","no","male"
"no","yes",44,"college","no","no","female"
"yes","no",37,"some college","no","no","female"
"yes","no",39,"hs drop out","no","yes","male"
"no","no",29,"hs","no","no","male"
"no","no",49,"college","no","yes","female"
"no","yes",49,"some college","no","no","male"
"no","yes",40,"some college","no","no","female"
"no","no",58,"hs","no","no","female"
"no","yes",37,"some college","no","no","male"
"no","yes",49,"college","no","no","male"
"yes","yes",33,"some college","no","no","female"
"yes","yes",35,"some college","no","no","male"
"yes","no",26,"some college","yes","no","male"
"no","no",21,"some college","no","no","male"
"no","yes",45,"master","no","no","male"
"yes","no",33,"hs drop out","no","no","male"
"yes","no",33,"hs","no","no","female"
"no","yes",52,"some college","no","no","female"
"no","yes",45,"some college","no","no","female"
"no","no",28,"hs","yes","no","male"
"no","yes",25,"college","no","no","male"
"no","yes",34,"college","no","no","female"
"no","yes",54,"college","no","no","female"
"no","no",65,"some college","no","no","male"
"no","yes",28,"some college","no","no","male"
"no","no",22,"some college","no","no","male"
"no","no",43,"college","no","no","male"
"no","yes",42,"college","no","no","female"
"no","yes",36,"some college","no","no","male"
"no","yes",27,"hs","no","no","female"
"no","yes",47,"some college","no","no","female"
"no","yes",27,"college","no","no","female"
"no","yes",35,"some college","no","no","female"
"yes","yes",34,"hs","no","no","female"
"yes","no",33,"some college","no","no","female"
"no","yes",38,"hs","yes","no","female"
"no","no",39,"hs","no","no","male"
"no","yes",25,"some college","no","no","female"
"yes","no",27,"college","no","no","female"
"yes","yes",45,"hs","no","no","male"
"yes","yes",41,"hs","no","no","female"
"no","yes",31,"some college","yes","no","female"
"yes","no",38,"hs","yes","no","female"
"yes","no",36,"hs drop out","no","yes","male"
"no","yes",51,"some college","no","yes","male"
"no","yes",53,"college","no","no","female"
"yes","yes",26,"hs","no","no","female"
"no","no",26,"master","no","no","male"
"no","yes",29,"college","no","no","female"
"no","yes",51,"some college","no","no","female"
"no","yes",25,"some college","no","no","female"
"yes","yes",39,"some college","no","no","female"
"no","yes",25,"hs","no","no","female"
"no","yes",57,"some college","no","no","male"
"no","yes",39,"some college","no","no","female"
"no","yes",18,"some college","no","no","male"
"no","yes",21,"some college","no","no","male"
"no","yes",51,"hs","no","no","male"
"no","yes",53,"some college","no","no","female"
"no","no",41,"some college","no","no","male"
"no","yes",39,"hs","no","no","female"
"no","yes",29,"college","no","no","male"
"no","yes",30,"hs","no","no","female"
"no","yes",40,"hs","no","yes","female"
"no","yes",32,"college","no","no","male"
"yes","yes",44,"some college","no","no","male"
"no","no",50,"hs","no","no","female"
"no","no",33,"hs","no","no","male"
"no","yes",45,"some college","no","no","female"
"no","yes",29,"college","no","no","male"
"yes","yes",31,"hs","no","no","male"
"no","yes",38,"hs","no","no","female"
"no","no",31,"hs","no","no","male"
"no","yes",60,"some college","no","no","male"
"no","yes",58,"some college","no","no","female"
"yes","no",55,"hs drop out","no","no","male"
"yes","no",47,"some college","no","no","female"
"yes","yes",32,"college","no","no","male"
"no","yes",36,"some college","no","no","female"
"yes","yes",34,"college","no","yes","female"
"yes","yes",56,"hs","yes","no","female"
"yes","no",34,"hs","no","no","male"
"no","yes",32,"college","no","no","female"
"no","yes",64,"some college","no","no","male"
"no","no",37,"college","no","no","female"
"no","yes",24,"hs","no","no","female"
"no","no",32,"some college","no","no","male"
"no","yes",30,"hs","no","no","female"
"yes","no",29,"hs","no","no","female"
"yes","no",23,"hs","no","no","female"
"yes","no",23,"hs drop out","no","yes","male"
"no","yes",41,"hs","no","no","female"
"no","yes",21,"some college","no","no","female"
"yes","yes",45,"college","no","no","female"
"no","no",30,"college","yes","no","male"
"yes","yes",59,"hs","no","no","female"
"no","yes",78,"some college","no","no","female"
"no","yes",42,"master","no","no","female"
"yes","yes",21,"hs drop out","no","no","male"
"no","yes",42,"college","no","no","male"
"no","no",46,"hs","no","no","female"
"no","no",18,"hs","no","no","male"
"no","yes",41,"college","no","no","female"
"no","no",61,"hs drop out","no","yes","male"
"no","no",44,"hs","no","no","female"
"no","yes",42,"college","no","no","male"
"yes","no",37,"some college","no","no","male"
"no","no",37,"college","no","yes","male"
"yes","no",52,"hs","no","no","female"
"no","yes",31,"college","yes","no","female"
"yes","no",40,"college","no","no","male"
"no","no",30,"college","no","no","female"
"no","yes",31,"college","no","no","male"
"yes","yes",45,"hs","no","no","female"
"no","no",35,"some college","no","no","male"
"no","yes",41,"some college","no","no","female"
"no","yes",29,"hs","no","no","male"
"no","yes",38,"some college","no","no","female"
"no","no",41,"hs","no","no","female"
"no","yes",26,"hs drop out","no","yes","female"
"no","yes",31,"some college","no","no","male"
"no","yes",43,"college","no","no","male"
"no","yes",18,"hs drop out","no","no","male"
"no","yes",68,"some college","no","no","female"
"yes","yes",35,"hs","no","no","male"
"no","yes",34,"college","no","no","male"
"no","yes",28,"some college","no","no","female"
"no","no",36,"hs","no","no","male"
"no","yes",26,"hs","no","yes","female"
"no","yes",59,"hs","no","no","female"
"no","yes",39,"hs","yes","no","female"
"yes","no",52,"college","no","no","male"
"no","yes",33,"hs","no","yes","female"
"yes","yes",34,"some college","yes","no","female"
"yes","no",45,"hs","no","no","female"
"no","yes",41,"hs","yes","no","female"
"yes","yes",37,"master","no","no","male"
"no","yes",27,"master","no","no","female"
"no","yes",41,"master","no","no","male"
"no","no",45,"hs","no","no","male"
"no","yes",44,"hs","no","no","female"
"no","yes",23,"college","no","no","female"
"no","yes",34,"some college","no","no","male"
"no","yes",37,"some college","no","yes","male"
"no","yes",33,"hs","no","no","female"
"yes","yes",39,"college","no","no","female"
"no","yes",28,"some college","no","no","female"
"yes","no",24,"college","no","no","female"
"no","yes",30,"hs","no","no","female"
"yes","no",46,"some college","no","no","male"
"no","yes",40,"hs","no","no","female"
"no","yes",67,"some college","no","no","female"
"no","yes",48,"college","no","no","female"
"yes","yes",34,"some college","yes","no","female"
"no","yes",64,"hs","no","no","female"
"no","no",51,"hs","no","yes","female"
"yes","yes",40,"hs","no","no","male"
"no","yes",36,"some college","no","no","female"
"yes","no",29,"hs","no","no","female"
"no","yes",33,"some college","no","no","female"
"no","yes",53,"college","no","no","female"
"yes","no",68,"some college","no","no","male"
"no","yes",32,"college","no","no","male"
"no","yes",31,"some college","no","no","male"
"no","no",41,"master","no","no","male"
"no","no",39,"master","no","no","female"
"no","yes",36,"some college","no","no","male"
"no","yes",35,"college","no","no","female"
"no","yes",57,"some college","no","no","male"
"no","yes",45,"hs","no","no","female"
"no","no",54,"hs","no","no","female"
"no","yes",56,"college","no","no","male"
"no","no",34,"some college","yes","no","female"
"no","yes",21,"hs drop out","no","yes","female"
"no","yes",79,"master","no","no","male"
"no","yes",25,"some college","no","yes","male"
"no","yes",24,"some college","no","yes","female"
"no","no",38,"hs drop out","no","yes","male"
"yes","no",48,"hs","no","no","female"
"no","no",36,"college","no","no","male"
"no","yes",43,"some college","yes","no","male"
"no","yes",39,"hs","no","yes","male"
"yes","yes",29,"hs","yes","no","male"
"no","yes",43,"some college","no","no","female"
"no","yes",39,"hs","no","yes","female"
"no","no",50,"hs","no","yes","female"
"no","no",20,"hs","no","yes","female"
"no","no",18,"hs","no","yes","female"
"no","yes",39,"hs","no","yes","female"
"no","yes",21,"hs","no","yes","female"
"yes","no",33,"some college","no","yes","female"
"no","yes",45,"some college","no","no","male"
"no","yes",61,"hs","no","no","female"
"no","yes",22,"some college","no","yes","male"
"yes","yes",35,"some college","no","yes","male"
"yes","yes",43,"some college","no","yes","female"
"no","yes",33,"college","no","no","female"
"no","no",49,"some college","no","no","female"
"yes","yes",34,"hs","no","yes","female"
"no","no",60,"hs drop out","no","yes","male"
"no","no",22,"hs","no","yes","female"
"no","no",22,"hs","no","yes","female"
"no","no",18,"hs drop out","no","yes","male"
"no","yes",50,"some college","no","yes","male"
"yes","no",39,"hs","no","no","female"
"no","no",45,"some college","no","no","male"
"no","yes",24,"hs","no","no","female"
"no","yes",37,"hs","no","yes","male"
"no","no",23,"hs","no","yes","female"
"yes","yes",39,"some college","no","yes","female"
"no","yes",37,"hs","no","no","female"
"no","no",26,"hs drop out","no","yes","male"
"yes","yes",34,"college","no","yes","female"
"no","yes",41,"hs drop out","no","yes","female"
"yes","no",39,"hs","no","yes","male"
"yes","yes",38,"hs","no","yes","female"
"no","yes",36,"some college","no","yes","female"
"no","yes",45,"college","no","no","male"
"no","yes",49,"some college","no","no","female"
"no","yes",23,"some college","yes","no","female"
"no","no",60,"hs drop out","no","no","female"
"yes","yes",37,"some college","no","no","male"
"no","yes",30,"some college","no","yes","female"
"no","yes",34,"college","no","no","female"
"yes","no",45,"hs drop out","no","no","female"
"no","yes",27,"some college","no","no","male"
"no","yes",32,"college","no","yes","female"
"no","no",41,"some college","no","yes","female"
"no","no",38,"some college","no","yes","male"
"no","yes",25,"hs","no","yes","male"
"no","yes",38,"some college","no","no","female"
"yes","yes",36,"some college","yes","no","male"
"no","no",36,"hs","no","no","female"
"no","no",46,"hs","no","yes","female"
"yes","yes",24,"some college","no","yes","male"
"no","yes",68,"hs","yes","no","female"
"no","yes",46,"college","no","no","male"
"no","yes",42,"master","no","no","female"
"no","yes",58,"some college","no","yes","male"
"no","yes",25,"hs","no","yes","male"
"no","no",24,"hs","no","no","female"
"yes","yes",24,"hs drop out","no","yes","male"
"no","yes",26,"hs","no","yes","female"
"no","no",44,"hs drop out","no","yes","male"
"no","no",37,"hs drop out","no","no","female"
"no","yes",34,"college","no","no","female"
"no","yes",32,"some college","yes","no","female"
"no","yes",57,"some college","no","no","male"
"no","yes",31,"master","no","no","female"
"no","yes",42,"some college","yes","no","female"
"no","yes",44,"some college","no","yes","male"
"no","no",49,"hs drop out","no","yes","female"
"no","no",25,"some college","no","yes","male"
"yes","no",36,"some college","no","yes","female"
"no","yes",40,"some college","no","no","male"
"no","no",43,"hs","no","no","female"
"no","yes",57,"hs","no","no","male"
"no","yes",54,"master","no","no","male"
"no","yes",48,"college","no","no","female"
"no","no",41,"hs","no","yes","female"
"yes","no",32,"hs","no","no","female"
"no","yes",54,"some college","no","yes","female"
"no","no",51,"some college","no","yes","male"
"no","yes",28,"college","no","no","female"
"no","no",54,"hs drop out","no","yes","female"
"no","yes",71,"hs","no","no","male"
"yes","no",39,"hs","no","no","male"
"no","yes",39,"hs","no","no","female"
"no","yes",76,"hs drop out","yes","no","male"
"no","yes",44,"master","no","yes","female"
"no","yes",49,"hs","no","no","female"
"no","yes",44,"some college","no","no","male"
"yes","no",33,"hs","no","no","female"
"yes","yes",45,"master","no","no","female"
"no","yes",34,"some college","no","yes","male"
"yes","no",41,"hs","no","yes","male"
"no","yes",27,"some college","no","yes","male"
"no","no",25,"college","no","yes","female"
"no","yes",78,"hs drop out","no","no","female"
"no","no",28,"hs","no","no","female"
"no","yes",50,"college","no","yes","male"
"no","yes",48,"some college","no","yes","female"
"no","yes",33,"hs drop out","no","yes","male"
"yes","yes",26,"some college","no","no","male"
"no","yes",65,"hs","no","no","female"
"no","yes",40,"hs","no","yes","female"
"no","yes",24,"hs","no","yes","female"
"yes","yes",56,"hs drop out","no","no","female"
"no","yes",33,"some college","no","yes","female"
"no","no",74,"some college","no","no","female"
"no","no",22,"some college","no","yes","female"
"no","yes",36,"some college","no","no","male"
"yes","yes",30,"hs drop out","no","yes","female"
"no","no",21,"hs","no","no","male"
"no","no",24,"hs","no","no","female"
"no","yes",35,"hs","no","yes","male"
"no","yes",26,"college","no","no","male"
"no","no",33,"hs drop out","no","yes","female"
"no","no",39,"hs","no","yes","female"
"yes","yes",30,"hs","no","yes","female"
"no","yes",37,"college","no","yes","male"
"no","no",44,"hs","no","yes","male"
"no","yes",35,"hs","no","no","female"
"no","no",22,"hs","no","yes","female"
"no","yes",67,"some college","no","no","female"
"no","no",52,"some college","no","yes","male"
"yes","no",18,"hs","no","yes","female"
"yes","no",27,"hs","no","yes","female"
"no","no",45,"hs","no","no","female"
"yes","no",63,"some college","no","no","male"
"yes","no",60,"some college","no","no","female"
"no","no",20,"hs drop out","no","yes","male"
"no","yes",45,"hs drop out","no","yes","female"
"yes","yes",20,"hs drop out","no","yes","female"
"no","yes",27,"college","no","no","female"
"yes","yes",25,"hs drop out","no","yes","male"
"yes","no",22,"hs","no","no","male"
"yes","yes",25,"hs","no","no","female"
"yes","yes",40,"hs","no","no","female"
"yes","no",28,"hs","no","no","female"
"yes","no",50,"college","no","no","male"
"no","yes",24,"college","no","no","female"
"no","yes",48,"college","no","no","male"
"no","yes",52,"master","no","no","female"
"yes","yes",22,"some college","no","no","female"
"no","no",32,"college","no","no","female"
"no","yes",47,"hs drop out","no","no","female"
"no","yes",47,"master","no","no","male"
"no","yes",21,"some college","no","no","female"
"yes","yes",32,"hs drop out","yes","no","male"
"yes","yes",51,"hs","no","no","female"
"no","yes",22,"hs","no","no","female"
"no","no",25,"hs","no","no","female"
"yes","yes",27,"hs drop out","no","yes","female"
"no","yes",24,"hs","yes","no","female"
"no","no",37,"college","no","no","female"
"no","no",44,"college","yes","no","male"
"no","yes",37,"master","yes","no","female"
"no","yes",34,"hs","no","no","female"
"no","yes",37,"college","no","no","female"
"no","yes",63,"master","no","no","male"
"no","yes",64,"some college","no","no","female"
"no","no",21,"hs","no","no","female"
"no","yes",25,"hs drop out","no","yes","male"
"no","yes",28,"some college","no","no","female"
"no","no",42,"hs","no","yes","female"
"yes","yes",48,"some college","no","no","male"
"no","yes",44,"some college","no","no","female"
"yes","yes",23,"hs","no","yes","female"
"yes","no",31,"hs drop out","no","yes","male"
"yes","no",30,"hs","no","yes","female"
"no","yes",50,"hs drop out","no","yes","male"
"no","yes",47,"hs drop out","no","yes","female"
"no","yes",64,"college","no","no","female"
"no","no",26,"some college","no","yes","female"
"no","no",27,"some college","no","yes","male"
"no","yes",36,"hs","no","no","female"
"no","yes",42,"college","no","no","female"
"no","yes",23,"some college","no","no","female"
"yes","no",27,"hs","no","no","male"
"no","yes",22,"some college","no","no","female"
"no","yes",29,"master","no","no","female"
"no","yes",31,"college","no","yes","female"
"yes","no",41,"some college","no","no","female"
"yes","no",34,"college","no","no","male"
"no","yes",27,"some college","yes","no","male"
"no","no",44,"master","no","no","female"
"yes","no",31,"hs","yes","no","male"
"no","yes",68,"master","no","no","female"
"no","yes",24,"college","no","no","female"
"no","yes",36,"college","no","no","male"
"no","no",37,"master","no","no","female"
"no","yes",37,"college","no","no","male"
"yes","no",28,"hs drop out","no","no","female"
"yes","yes",45,"hs drop out","no","no","female"
"no","yes",40,"hs","no","no","female"
"no","yes",33,"hs","no","yes","female"
"yes","yes",45,"some college","no","no","female"
"no","yes",44,"some college","no","no","male"
"yes","yes",35,"hs drop out","no","yes","female"
"yes","yes",51,"hs drop out","no","no","female"
"yes","yes",62,"hs","no","no","female"
"no","yes",24,"some college","yes","no","male"
"no","yes",22,"hs","yes","no","female"
"yes","no",30,"college","no","no","male"
"yes","no",41,"hs drop out","no","yes","male"
"no","no",19,"hs","no","yes","female"
"no","yes",51,"college","no","no","male"
"no","yes",52,"college","no","no","female"
"no","yes",30,"hs","no","no","male"
"no","yes",27,"hs","no","no","female"
"no","yes",23,"college","no","no","female"
"no","yes",41,"some college","no","no","female"
"no","yes",30,"hs","yes","no","female"
"no","yes",28,"college","no","no","female"
"no","yes",30,"hs","yes","no","female"
"no","yes",29,"master","no","no","male"
"no","yes",27,"college","no","no","female"
"yes","yes",50,"college","no","no","female"
"no","yes",33,"some college","no","no","male"
"no","yes",21,"some college","no","no","female"
"no","yes",22,"college","no","no","male"
"no","yes",43,"hs drop out","no","no","female"
"no","yes",29,"some college","no","yes","female"
"no","yes",28,"some college","no","yes","male"
"no","yes",42,"hs","no","no","female"
"no","yes",42,"college","no","no","female"
"no","yes",28,"college","no","no","male"
"no","yes",27,"college","no","no","female"
"yes","yes",19,"hs","no","no","male"
"no","yes",24,"hs","no","no","male"
"no","yes",22,"some college","no","no","female"
"no","yes",20,"some college","no","no","female"
"no","yes",36,"hs","no","no","female"
"no","no",38,"some college","yes","no","male"
"no","no",39,"college","no","yes","male"
"no","no",39,"hs drop out","no","no","female"
"yes","yes",36,"some college","no","no","male"
"yes","no",20,"some college","no","no","female"
"no","no",43,"master","no","no","male"
"no","yes",45,"college","yes","no","male"
"no","no",45,"hs","yes","no","female"
"yes","yes",38,"some college","no","no","male"
"no","no",26,"some college","no","no","female"
"no","no",28,"some college","no","yes","male"
"no","no",26,"some college","no","no","female"
"no","yes",60,"master","no","no","female"
"no","yes",20,"hs","no","yes","female"
"no","yes",22,"some college","no","yes","male"
"no","no",47,"master","no","no","male"
"no","yes",43,"master","no","no","female"
"no","no",27,"hs","no","yes","female"
"no","no",30,"some college","no","yes","female"
"no","yes",46,"some college","no","no","male"
"no","yes",44,"some college","no","no","female"
"no","no",50,"some college","no","no","female"
"no","yes",38,"master","no","no","female"
"no","no",39,"hs drop out","no","yes","male"
"no","yes",36,"hs","no","yes","female"
"yes","no",44,"hs","no","yes","male"
"yes","yes",42,"hs drop out","no","yes","female"
"no","yes",43,"some college","no","yes","male"
"yes","yes",39,"hs","no","yes","female"
"no","yes",19,"hs","no","yes","female"
"yes","no",35,"hs","no","no","female"
"no","yes",23,"some college","no","yes","female"
"no","yes",25,"some college","no","yes","male"
"no","yes",22,"some college","no","yes","female"
"no","yes",58,"hs drop out","no","yes","female"
"no","yes",43,"college","no","no","female"
"no","yes",18,"hs drop out","no","yes","female"
"no","yes",51,"some college","no","no","male"
"no","no",54,"hs","no","no","female"
"yes","yes",28,"hs","no","no","female"
"no","yes",24,"college","no","no","male"
"no","no",24,"some college","no","no","female"
"yes","yes",47,"some college","no","no","female"
"yes","yes",37,"hs drop out","no","yes","male"
"yes","yes",38,"hs drop out","no","yes","male"
"no","yes",23,"hs","no","yes","male"
"no","yes",46,"master","no","no","female"
"no","yes",21,"hs","no","yes","male"
"yes","yes",74,"hs","no","no","male"
"yes","yes",69,"hs","no","no","female"
"yes","yes",44,"some college","no","no","male"
"no","yes",36,"college","no","no","female"
"no","no",35,"college","no","no","male"
"no","yes",35,"master","no","no","female"
"yes","no",29,"some college","no","no","female"
"no","no",38,"hs","no","yes","female"
"yes","no",47,"hs","no","no","male"
"yes","yes",58,"some college","no","no","male"
"no","yes",55,"some college","no","no","female"
"no","yes",41,"some college","no","yes","female"
"no","yes",20,"some college","no","yes","male"
"yes","yes",44,"hs drop out","no","yes","female"
"no","yes",18,"hs","no","yes","female"
"no","no",24,"hs","no","yes","female"
"yes","yes",35,"college","no","yes","male"
"no","yes",53,"hs","no","yes","male"
"no","yes",22,"college","no","no","female"
"no","yes",60,"hs","no","yes","female"
"yes","no",24,"some college","no","yes","male"
"no","yes",24,"hs drop out","no","yes","female"
"yes","no",39,"master","no","yes","female"
"no","no",49,"master","no","no","female"
"no","no",43,"hs","no","no","female"
"yes","no",43,"hs drop out","no","yes","male"
"no","no",50,"master","no","no","male"
"no","yes",22,"some college","no","yes","female"
"yes","no",25,"some college","no","yes","male"
"no","no",24,"hs","no","yes","male"
"yes","yes",24,"some college","no","yes","female"
"no","yes",29,"hs","no","no","female"
"no","yes",34,"hs","no","yes","female"
"no","yes",29,"hs","no","yes","female"
"no","yes",24,"hs","no","yes","male"
"yes","yes",40,"hs","no","yes","male"
"no","yes",43,"some college","no","yes","male"
"no","no",38,"master","no","no","female"
"no","yes",34,"college","no","no","male"
"no","yes",42,"some college","no","yes","female"
"no","yes",54,"master","no","no","male"
"no","yes",51,"master","no","no","female"
"no","no",33,"some college","no","yes","female"
"yes","no",48,"hs drop out","no","yes","female"
"no","yes",19,"hs","no","yes","male"
"yes","no",36,"hs drop out","no","yes","female"
"no","yes",18,"hs","no","yes","female"
"no","yes",57,"hs drop out","no","yes","female"
"no","yes",36,"college","no","yes","male"
"yes","yes",46,"hs","no","yes","male"
"no","yes",35,"some college","no","yes","male"
"no","yes",60,"master","no","yes","male"
"no","yes",22,"some college","no","yes","female"
"yes","no",44,"hs drop out","no","yes","male"
"no","yes",47,"hs","yes","no","female"
"no","no",62,"hs","no","no","female"
"no","yes",56,"hs","no","no","male"
"no","no",39,"some college","no","no","male"
"yes","no",37,"hs","no","no","female"
"yes","yes",36,"master","no","no","female"
"no","yes",48,"hs","yes","no","female"
"no","no",34,"hs","yes","no","female"
"no","no",26,"college","no","no","male"
"no","no",43,"some college","no","no","female"
"no","no",27,"hs","no","no","female"
"no","yes",42,"college","yes","no","female"
"no","yes",22,"some college","yes","no","male"
"yes","no",23,"some college","no","no","male"
"yes","no",21,"some college","no","no","female"
"yes","yes",45,"hs drop out","no","no","female"
"yes","no",37,"hs","no","no","female"
"no","yes",45,"hs","no","no","male"
"no","yes",33,"some college","no","yes","female"
"no","yes",52,"hs","no","no","female"
"yes","no",53,"college","no","no","male"
"no","no",41,"some college","no","no","male"
"no","no",18,"hs","no","no","female"
"no","yes",41,"some college","no","no","male"
"yes","no",62,"some college","no","no","male"
"no","no",38,"college","no","no","male"
"yes","yes",39,"some college","no","no","female"
"no","no",31,"some college","no","yes","female"
"yes","no",42,"hs","no","no","female"
"no","yes",40,"college","no","yes","female"
"no","no",42,"hs","no","yes","male"
"no","no",35,"hs","no","no","female"
"yes","no",23,"some college","no","no","male"
"no","no",34,"hs","no","no","male"
"no","yes",32,"hs","no","no","female"
"no","no",40,"hs","no","yes","female"
"no","yes",38,"hs","no","no","male"
"no","no",36,"hs","no","yes","female"
"no","yes",34,"master","no","no","female"
"no","yes",40,"hs","no","yes","female"
"no","no",32,"hs","no","yes","female"
"no","yes",53,"master","no","no","male"
"no","yes",42,"some college","no","no","female"
"no","yes",28,"some college","no","yes","male"
"no","yes",34,"college","no","yes","female"
"yes","no",48,"some college","no","no","male"
"no","yes",24,"hs","no","yes","female"
"yes","yes",44,"hs drop out","no","yes","female"
"no","no",40,"college","no","no","female"
"no","no",51,"hs","no","no","male"
"yes","no",24,"hs","no","no","male"
"yes","no",43,"some college","no","no","male"
"no","no",47,"hs drop out","no","yes","female"
"no","yes",24,"hs","no","no","female"
"no","yes",27,"college","yes","no","female"
"no","no",44,"college","no","yes","male"
"no","yes",44,"hs","no","yes","female"
"yes","no",19,"some college","no","yes","male"
"no","no",24,"hs","no","yes","female"
"no","yes",48,"some college","no","yes","female"
"no","yes",28,"some college","no","yes","female"
"no","yes",42,"some college","no","yes","female"
"no","yes",40,"college","no","yes","female"
"no","yes",20,"hs","no","no","male"
"no","no",48,"hs drop out","no","yes","female"
"no","yes",58,"hs","no","yes","female"
"no","yes",28,"some college","no","yes","male"
"yes","no",46,"master","no","yes","male"
"no","yes",45,"college","no","no","male"
"no","no",36,"hs","no","no","female"
"yes","no",37,"college","no","yes","male"
"no","yes",36,"hs","no","yes","female"
"yes","no",31,"hs","no","no","male"
"no","yes",48,"master","no","no","male"
"no","yes",45,"master","no","no","female"
"no","yes",43,"hs drop out","no","yes","female"
"no","no",24,"some college","no","yes","female"
"no","yes",22,"some college","no","yes","male"
"no","yes",19,"some college","no","yes","female"
"yes","no",29,"hs","no","yes","male"
"no","no",47,"hs drop out","no","yes","female"
"yes","no",66,"hs drop out","no","yes","female"
"no","yes",49,"college","no","yes","female"
"no","no",54,"some college","no","yes","male"
"no","yes",21,"some college","no","no","female"
"no","yes",30,"college","no","no","female"
"no","yes",19,"hs","no","yes","female"
"no","no",54,"hs","no","no","male"
"no","no",48,"hs","no","no","female"
"no","yes",36,"hs drop out","no","yes","female"
"no","yes",44,"master","no","no","female"
"no","yes",53,"hs drop out","no","yes","male"
"no","yes",19,"hs drop out","no","yes","male"
"no","yes",44,"hs","no","yes","female"
"no","yes",33,"hs","no","yes","female"
"no","yes",30,"college","no","yes","male"
"no","yes",49,"some college","no","yes","female"
"no","yes",29,"college","no","yes","male"
"no","yes",27,"hs","no","yes","female"
"no","yes",39,"hs","no","no","male"
"yes","no",26,"some college","no","yes","male"
"no","no",40,"some college","no","no","male"
"no","no",45,"college","no","no","male"
"no","yes",54,"master","no","no","female"
"no","yes",39,"college","no","no","male"
"no","yes",32,"college","no","no","female"
"no","no",29,"hs","no","yes","female"
"no","yes",29,"some college","no","yes","male"
"no","yes",33,"some college","no","yes","female"
"yes","yes",29,"hs","no","yes","male"
"no","yes",28,"college","no","no","male"
"no","yes",27,"some college","no","no","female"
"yes","yes",61,"hs","no","no","female"
"no","yes",61,"some college","no","no","male"
"yes","yes",21,"hs drop out","yes","no","female"
"no","yes",45,"master","no","no","male"
"no","yes",37,"college","no","no","female"
"yes","yes",27,"hs","yes","no","male"
"yes","no",29,"college","no","no","female"
"no","yes",43,"hs","no","no","female"
"no","no",40,"hs","no","yes","female"
"no","yes",24,"hs","yes","no","female"
"no","no",47,"hs","no","no","female"
"no","yes",50,"hs","no","no","female"
"yes","yes",46,"master","no","no","male"
"no","yes",38,"hs","no","no","female"
"no","yes",32,"some college","no","yes","female"
"no","yes",61,"some college","no","no","female"
"no","yes",53,"master","no","no","female"
"yes","no",34,"hs","no","no","female"
"no","yes",47,"college","no","no","male"
"no","yes",45,"college","no","no","female"
"yes","yes",28,"hs","no","yes","male"
"no","yes",54,"hs","no","no","female"
"yes","no",35,"hs","no","no","male"
"no","no",38,"hs drop out","no","no","female"
"no","yes",45,"some college","no","no","female"
"no","yes",21,"some college","no","no","male"
"no","yes",41,"hs","no","no","female"
"yes","no",31,"some college","no","no","female"
"no","yes",46,"hs","no","no","female"
"no","yes",34,"some college","no","no","female"
"no","yes",54,"college","no","no","female"
"yes","yes",40,"hs","no","no","female"
"no","yes",34,"some college","no","yes","female"
"no","no",33,"hs","yes","no","female"
"yes","no",28,"some college","yes","yes","female"
"no","no",27,"some college","no","yes","female"
"no","no",55,"college","no","no","male"
"yes","yes",40,"hs","no","no","female"
"no","no",44,"college","no","no","female"
"no","no",18,"hs","no","no","female"
"yes","yes",48,"hs","no","no","male"
"yes","yes",44,"hs","no","no","female"
"no","no",20,"some college","no","no","female"
"no","yes",51,"college","no","no","male"
"no","yes",71,"hs","no","no","female"
"yes","no",55,"some college","no","no","male"
"yes","yes",43,"college","no","no","female"
"no","yes",32,"some college","no","no","male"
"no","yes",31,"hs","no","no","female"
"no","no",27,"hs","no","no","female"
"no","yes",50,"college","yes","no","female"
"yes","yes",31,"some college","no","no","female"
"no","yes",19,"some college","no","no","male"
"yes","yes",24,"hs","no","no","male"
"no","yes",55,"college","no","no","male"
"no","yes",53,"some college","no","no","female"
"no","no",38,"hs","no","no","male"
"no","no",43,"hs","no","no","female"
"no","no",23,"hs","no","no","male"
"no","yes",30,"some college","no","no","male"
"no","yes",36,"some college","yes","no","male"
"no","yes",41,"master","yes","no","female"
"yes","yes",27,"some college","no","no","female"
"no","yes",40,"some college","no","no","female"
"no","yes",39,"hs","no","no","female"
"yes","yes",44,"hs","no","no","male"
"no","yes",25,"hs","no","no","female"
"yes","yes",57,"hs","no","no","male"
"yes","no",50,"college","no","no","male"
"yes","no",24,"hs drop out","no","no","male"
"no","yes",41,"hs","no","no","female"
"yes","no",41,"hs","no","no","male"
"yes","no",38,"hs","no","no","female"
"no","yes",41,"hs","no","no","male"
"no","no",40,"master","no","no","female"
"no","yes",34,"hs","no","no","female"
"yes","no",31,"master","no","no","female"
"no","yes",35,"college","no","no","male"
"no","yes",53,"hs","no","no","male"
"no","yes",51,"hs","no","no","female"
"no","yes",32,"some college","no","no","male"
"no","yes",31,"some college","no","no","female"
"no","yes",32,"hs","no","no","male"
"no","no",54,"hs","no","no","female"
"no","no",31,"hs","no","no","female"
"no","yes",21,"hs","no","no","female"
"yes","yes",43,"some college","no","no","female"
"yes","no",35,"some college","no","no","male"
"yes","no",38,"hs","no","no","male"
"no","yes",39,"some college","no","no","female"
"no","no",30,"hs","no","no","male"
"no","yes",29,"college","no","no","female"
"no","yes",67,"hs","no","no","male"
"no","yes",28,"college","no","no","female"
"no","yes",48,"college","no","no","male"
"no","yes",46,"hs","no","no","female"
"no","yes",35,"college","no","no","male"
"yes","yes",46,"master","no","no","male"
"yes","yes",41,"hs","no","no","female"
"no","no",41,"hs","no","no","male"
"no","yes",48,"hs","no","no","female"
"no","no",36,"hs","no","no","male"
"no","no",37,"hs","no","no","female"
"no","yes",24,"hs","no","no","female"
"no","yes",28,"hs","no","no","male"
"no","yes",32,"hs","no","no","female"
"yes","yes",46,"hs","no","no","male"
"yes","yes",35,"hs","no","no","female"
"no","yes",21,"hs","no","no","male"
"no","yes",46,"hs","no","no","female"
"yes","no",45,"college","no","no","male"
"no","yes",39,"some college","no","no","male"
"no","yes",43,"hs","no","no","female"
"no","no",19,"some college","no","no","male"
"no","no",34,"college","no","no","male"
"no","yes",36,"college","no","no","male"
"no","yes",29,"college","no","no","female"
"yes","yes",32,"hs","no","no","female"
"no","no",41,"hs","no","no","female"
"no","yes",30,"hs","no","no","female"
"no","no",56,"hs drop out","no","no","male"
"no","no",29,"master","no","no","male"
"no","no",53,"hs","no","no","female"
"yes","yes",35,"hs","no","no","male"
"no","no",35,"hs","no","no","female"
"no","yes",40,"college","no","no","male"
"no","yes",39,"hs","no","no","female"
"no","yes",18,"hs","no","no","male"
"no","yes",23,"hs","no","no","male"
"yes","yes",23,"some college","no","no","female"
"no","yes",56,"hs","no","no","female"
"yes","yes",24,"some college","no","yes","male"
"no","no",35,"hs drop out","no","no","male"
"no","no",34,"hs","no","no","female"
"no","yes",32,"master","no","no","male"
"no","yes",34,"college","no","no","female"
"no","yes",61,"hs drop out","no","no","female"
"no","no",31,"hs","no","no","female"
"no","yes",33,"hs","no","no","male"
"no","yes",50,"master","no","no","female"
"no","yes",27,"hs","no","no","female"
"no","no",53,"some college","no","no","female"
"no","yes",25,"hs","no","no","female"
"no","no",26,"hs","no","no","male"
"no","no",32,"hs","no","no","male"
"no","no",43,"master","no","no","male"
"no","no",41,"master","no","no","female"
"yes","yes",20,"hs drop out","no","no","male"
"no","yes",41,"hs","no","no","female"
"no","yes",31,"some college","no","no","female"
"no","no",48,"hs drop out","no","no","female"
"no","no",54,"hs","no","no","female"
"no","no",18,"hs","no","no","female"
"no","no",42,"some college","no","no","female"
"no","yes",19,"some college","no","no","female"
"no","no",57,"hs","no","no","male"
"no","no",57,"hs","no","no","female"
"yes","no",35,"hs","no","no","male"
"no","yes",51,"hs","no","no","female"
"no","yes",26,"hs drop out","no","no","male"
"no","yes",50,"some college","no","no","female"
"no","no",27,"hs","no","no","female"
"no","no",33,"some college","no","no","female"
"yes","yes",37,"hs drop out","no","no","female"
"no","yes",26,"hs","no","no","female"
"yes","yes",40,"some college","no","no","female"
"no","no",28,"hs","no","no","female"
"no","no",31,"some college","no","no","male"
"no","yes",30,"hs","no","no","female"
"yes","no",34,"hs","no","no","female"
"no","yes",62,"hs","no","no","female"
"no","yes",49,"hs","no","no","female"
"no","no",26,"some college","no","no","male"
"no","no",25,"college","no","no","female"
"no","no",53,"hs","no","no","male"
"yes","no",32,"hs","no","no","male"
"no","no",29,"hs","no","no","male"
"yes","yes",42,"some college","no","no","female"
"no","yes",63,"hs drop out","no","no","female"
"yes","no",47,"some college","no","no","female"
"no","no",29,"hs","no","no","male"
"yes","yes",50,"hs","no","no","female"
"yes","yes",38,"hs","no","no","male"
"yes","yes",36,"hs","no","no","female"
"yes","yes",47,"hs","no","no","male"
"yes","yes",43,"some college","no","no","female"
"no","yes",20,"some college","no","no","male"
"no","yes",41,"master","no","no","male"
"no","yes",35,"some college","no","no","female"
"yes","yes",26,"some college","no","no","male"
"yes","no",25,"some college","no","no","female"
"yes","yes",32,"some college","no","no","male"
"no","no",30,"some college","no","no","female"
"no","yes",45,"college","no","no","male"
"no","no",44,"college","no","no","female"
"no","yes",28,"college","no","no","female"
"no","yes",63,"hs","no","no","female"
"no","no",28,"hs","no","no","male"
"no","yes",37,"master","yes","yes","female"
"yes","no",39,"college","yes","yes","male"
"no","no",26,"college","no","no","male"
"no","yes",62,"hs drop out","no","no","male"
"no","no",26,"hs","no","no","female"
"no","yes",40,"hs","no","no","female"
"no","yes",66,"hs drop out","no","no","female"
"no","yes",28,"hs","no","no","female"
"yes","yes",36,"hs","no","no","female"
"yes","no",29,"college","no","no","female"
"yes","no",39,"hs","no","no","male"
"no","no",58,"hs","no","no","male"
"no","no",53,"hs","no","no","female"
"no","yes",55,"hs","no","no","female"
"no","yes",31,"college","no","no","female"
"no","no",33,"some college","no","no","female"
"yes","no",30,"hs","no","no","female"
"no","yes",61,"hs","no","no","male"
"no","yes",57,"hs","no","no","female"
"yes","yes",46,"hs drop out","no","no","female"
"no","no",68,"hs","no","no","male"
"no","no",28,"hs","no","no","male"
"yes","yes",52,"some college","no","no","male"
"no","no",39,"hs","no","no","female"
"yes","yes",54,"hs drop out","no","no","male"
"no","yes",33,"hs","no","no","female"
"no","yes",25,"college","no","no","male"
"no","yes",61,"hs","no","no","male"
"no","yes",39,"hs","no","no","male"
"no","yes",38,"hs","no","no","female"
"yes","no",19,"hs","no","no","female"
"yes","yes",28,"hs drop out","no","yes","male"
"yes","yes",66,"hs","no","no","female"
"no","no",67,"hs","no","no","male"
"no","yes",28,"some college","no","no","female"
"no","yes",64,"hs","no","no","female"
"no","yes",40,"hs","no","no","female"
"no","no",55,"hs","no","no","female"
"yes","yes",41,"hs drop out","no","no","female"
"no","yes",50,"master","no","no","female"
"no","no",25,"hs","no","no","male"
"no","yes",32,"college","no","no","female"
"no","yes",26,"hs","no","no","female"
"yes","no",24,"hs","no","no","male"
"no","no",23,"hs","no","no","female"
"yes","no",18,"hs","no","no","male"
"yes","no",53,"hs drop out","no","no","male"
"no","yes",50,"hs","no","no","female"
"no","no",36,"some college","no","no","male"
"yes","no",27,"hs drop out","no","no","male"
"yes","yes",29,"hs","no","no","female"
"no","yes",47,"hs","no","no","male"
"no","yes",46,"hs","no","no","female"
"yes","no",18,"hs","no","no","female"
"no","no",31,"some college","no","no","male"
"no","yes",25,"hs","no","no","female"
"no","no",47,"hs","no","no","female"
"yes","no",48,"hs","no","no","male"
"yes","yes",45,"hs","no","no","male"
"no","no",45,"hs","no","no","female"
"no","yes",41,"master","no","no","female"
"no","yes",62,"hs","no","no","female"
"no","yes",46,"some college","no","no","female"
"yes","yes",45,"some college","no","no","male"
"no","yes",22,"some college","no","no","female"
"no","yes",26,"hs","no","no","male"
"no","yes",40,"master","no","no","male"
"yes","yes",46,"master","no","no","female"
"no","yes",58,"master","no","no","male"
"no","no",21,"hs","no","no","female"
"yes","no",34,"some college","no","no","female"
"no","yes",56,"hs","no","no","female"
"yes","yes",31,"some college","no","no","male"
"no","yes",44,"hs","no","no","male"
"yes","yes",33,"hs drop out","no","no","male"
"no","yes",43,"hs","no","no","female"
"no","yes",47,"hs","no","no","female"
"no","yes",56,"college","no","no","male"
"no","no",47,"hs","no","no","male"
"no","yes",46,"some college","no","no","male"
"no","no",23,"college","no","no","female"
"yes","no",27,"hs drop out","no","no","male"
"yes","no",25,"hs","no","no","female"
"no","no",65,"hs","no","no","female"
"no","yes",41,"master","no","no","male"
"yes","no",58,"hs","no","no","female"
"no","no",32,"college","no","no","male"
"yes","yes",30,"college","no","no","female"
"no","no",28,"some college","no","no","male"
"no","no",28,"hs","no","no","male"
"yes","yes",35,"hs","no","no","female"
"yes","no",49,"college","no","no","male"
"yes","yes",42,"some college","no","no","female"
"no","yes",52,"master","no","no","male"
"no","yes",40,"hs","no","no","female"
"yes","no",38,"hs","no","no","male"
"yes","no",66,"hs","no","no","female"
"no","no",36,"hs","no","no","female"
"no","yes",27,"college","no","no","male"
"no","no",27,"college","no","no","female"
"no","yes",49,"some college","no","no","male"
"no","yes",43,"master","no","no","male"
"no","yes",37,"hs","no","no","female"
"yes","yes",65,"some college","no","no","female"
"no","no",60,"hs","no","no","female"
"yes","yes",29,"hs","no","no","male"
"no","no",24,"hs","no","no","male"
"no","no",22,"hs","no","no","female"
"yes","yes",24,"hs drop out","no","no","female"
"yes","no",24,"hs","no","no","male"
"no","yes",42,"hs","no","no","female"
"no","yes",67,"hs","no","no","female"
"yes","no",48,"hs","no","no","male"
"yes","yes",47,"hs","no","no","female"
"yes","no",22,"hs","no","no","male"
"yes","no",27,"hs drop out","no","no","male"
"no","yes",28,"hs","no","no","female"
"no","yes",36,"master","no","no","female"
"no","no",59,"master","no","no","male"
"no","no",54,"hs","no","no","male"
"no","no",51,"hs","no","no","female"
"no","yes",24,"college","no","no","male"
"yes","no",24,"some college","no","no","male"
"yes","no",19,"hs","no","no","female"
"no","no",39,"hs","no","no","male"
"no","no",34,"hs","no","no","female"
"no","no",32,"some college","no","no","male"
"yes","yes",28,"hs","no","no","female"
"no","yes",45,"hs","no","no","male"
"no","yes",38,"hs","no","no","female"
"no","no",63,"hs","no","no","female"
"no","yes",30,"master","no","no","male"
"yes","yes",50,"hs","no","no","female"
"no","yes",41,"some college","no","no","male"
"no","no",41,"college","no","no","female"
"no","yes",37,"master","no","no","female"
"yes","no",47,"hs","no","no","male"
"no","no",50,"hs","no","no","male"
"no","yes",47,"master","no","no","female"
"no","yes",37,"some college","no","no","male"
"yes","yes",23,"hs","no","no","male"
"no","no",34,"hs","no","no","female"
"no","yes",32,"master","no","no","female"
"no","no",32,"hs","no","no","female"
"no","yes",26,"hs","no","no","male"
"no","no",24,"master","no","no","female"
"no","no",35,"hs","no","no","male"
"no","no",26,"some college","no","no","female"
"no","no",49,"hs","no","no","male"
"no","no",58,"hs drop out","no","no","female"
"no","yes",42,"hs","yes","no","female"
"no","yes",49,"some college","no","no","female"
"no","yes",28,"master","no","no","male"
"no","yes",27,"master","no","no","female"
"no","no",24,"hs drop out","yes","no","male"
"no","no",27,"hs drop out","yes","no","female"
"no","no",69,"hs drop out","no","no","male"
"no","no",49,"hs","no","no","female"
"no","yes",60,"some college","no","no","female"
"no","yes",53,"hs","no","no","male"
"no","no",45,"hs","no","no","male"
"no","yes",62,"some college","no","no","female"
"no","yes",25,"hs","no","no","male"
"no","yes",38,"hs","no","no","female"
"yes","yes",48,"hs","no","no","female"
"no","no",20,"hs","no","no","female"
"no","yes",32,"hs","yes","no","female"
"yes","no",51,"hs","no","no","female"
"no","yes",31,"college","no","no","male"
"no","yes",45,"master","no","no","male"
"no","no",42,"some college","no","no","female"
"no","yes",24,"college","no","no","male"
"no","yes",42,"college","no","no","male"
"yes","yes",33,"some college","no","no","female"
"no","yes",26,"college","no","no","female"
"no","yes",36,"master","yes","no","male"
"no","no",26,"hs","no","no","female"
"no","yes",30,"some college","no","no","male"
"no","yes",30,"some college","no","no","female"
"yes","yes",36,"hs drop out","no","no","female"
"no","yes",43,"some college","no","no","male"
"no","yes",40,"hs","no","no","female"
"yes","yes",37,"some college","no","no","female"
"yes","yes",46,"college","yes","no","female"
"no","yes",59,"college","no","no","male"
"no","yes",49,"college","no","no","male"
"yes","no",43,"hs drop out","no","no","male"
"no","yes",34,"master","no","no","female"
"no","yes",51,"college","no","no","male"
"no","yes",48,"college","no","no","female"
"no","yes",45,"hs","no","no","female"
"no","no",46,"college","no","no","male"
"no","yes",45,"some college","no","no","female"
"no","no",33,"hs drop out","no","no","male"
"no","yes",34,"college","no","no","male"
"no","yes",28,"master","no","no","male"
"yes","no",62,"college","no","no","male"
"no","yes",34,"some college","no","no","female"
"no","yes",31,"hs","no","no","male"
"yes","no",52,"college","no","no","male"
"no","yes",51,"master","no","no","male"
"no","yes",48,"college","no","no","female"
"no","no",18,"hs","no","no","female"
"no","yes",53,"master","no","no","male"
"yes","yes",49,"master","no","no","female"
"no","yes",42,"some college","no","no","male"
"no","yes",43,"some college","no","no","female"
"yes","yes",57,"master","no","no","female"
"no","no",66,"hs","no","no","female"
"yes","no",32,"hs","no","no","female"
"no","yes",56,"hs drop out","no","no","male"
"no","no",47,"master","no","no","male"
"yes","yes",32,"some college","no","no","male"
"no","yes",29,"college","no","no","female"
"yes","yes",37,"hs","yes","no","male"
"no","no",28,"hs","no","no","male"
"no","yes",22,"hs","no","no","female"
"yes","no",44,"hs","no","no","male"
"yes","yes",42,"some college","no","no","female"
"no","no",57,"hs","no","no","male"
"yes","no",30,"hs","no","no","female"
"yes","no",74,"hs drop out","no","no","female"
"no","yes",37,"hs","no","no","female"
"no","yes",61,"master","no","no","female"
"no","no",39,"college","yes","no","female"
"no","no",63,"college","no","no","male"
"yes","yes",29,"college","no","no","female"
"no","no",39,"hs drop out","no","no","male"
"no","no",69,"some college","yes","no","female"
"yes","yes",32,"hs","no","no","female"
"yes","yes",38,"hs","no","no","male"
"yes","yes",36,"hs","no","no","female"
"no","yes",26,"college","no","no","female"
"no","yes",62,"college","no","no","male"
"no","no",60,"college","no","no","female"
"no","no",31,"master","no","no","male"
"no","yes",36,"hs","no","no","female"
"no","no",33,"college","no","no","male"
"no","yes",44,"college","no","no","female"
"no","yes",50,"college","no","no","female"
"no","no",41,"master","no","no","male"
"yes","no",55,"hs","no","no","male"
"no","no",53,"hs","no","no","female"
"no","yes",25,"hs drop out","no","no","female"
"no","no",37,"hs","no","no","male"
"yes","yes",34,"master","no","no","male"
"no","no",30,"hs","yes","no","female"
"no","yes",42,"master","no","no","female"
"no","yes",24,"hs","yes","no","female"
"no","yes",27,"hs","no","no","female"
"no","yes",39,"master","no","no","female"
"no","yes",44,"college","no","no","male"
"yes","no",53,"hs drop out","no","no","male"
"no","yes",45,"hs","no","no","male"
"yes","yes",44,"some college","no","no","female"
"no","yes",58,"some college","no","no","female"
"no","yes",45,"hs","no","no","female"
"no","no",21,"some college","no","no","female"
"no","yes",50,"hs","no","no","female"
"yes","yes",30,"hs","no","no","male"
"no","yes",52,"hs","yes","no","female"
"no","no",42,"some college","yes","no","male"
"no","yes",31,"some college","yes","no","male"
"no","no",39,"some college","no","no","female"
"yes","yes",43,"master","no","no","female"
"no","yes",48,"hs","no","no","female"
"yes","no",62,"hs","no","no","female"
"no","no",35,"some college","no","no","male"
"no","yes",35,"some college","no","no","female"
"no","yes",38,"master","no","no","female"
"no","yes",30,"some college","yes","no","female"
"yes","no",38,"hs","no","no","male"
"no","yes",36,"college","no","no","female"
"no","no",22,"some college","yes","no","male"
"no","no",26,"hs","no","no","female"
"no","no",27,"some college","no","no","male"
"no","yes",39,"hs","no","no","female"
"yes","yes",53,"hs","no","no","female"
"yes","yes",39,"some college","yes","no","female"
"yes","no",28,"hs","yes","no","female"
"yes","yes",40,"some college","no","no","male"
"no","yes",43,"college","no","no","male"
"no","no",53,"master","no","no","male"
"yes","no",24,"hs","no","no","female"
"yes","yes",49,"some college","no","no","male"
"yes","yes",48,"hs","no","no","female"
"yes","yes",19,"hs","no","no","female"
"no","yes",47,"college","no","no","male"
"yes","no",53,"hs","no","no","female"
"no","yes",60,"college","no","no","male"
"no","yes",35,"master","no","no","male"
"yes","no",40,"college","no","no","female"
"no","no",46,"hs drop out","no","no","female"
"yes","yes",35,"hs drop out","no","no","male"
"no","yes",36,"hs","no","no","female"
"no","yes",59,"master","no","no","female"
"no","yes",45,"hs","no","no","female"
"no","yes",66,"hs","no","no","female"
"no","yes",41,"some college","no","no","female"
"no","no",65,"master","no","no","male"
"no","yes",61,"master","no","no","female"
"no","no",61,"college","no","no","male"
"no","yes",44,"hs","yes","no","female"
"no","no",67,"hs drop out","no","no","male"
"no","yes",36,"college","no","no","female"
"no","yes",32,"college","no","no","male"
"no","yes",50,"master","no","no","female"
"yes","no",21,"hs","no","no","female"
"no","yes",49,"some college","no","no","female"
"no","no",23,"some college","no","no","female"
"no","yes",29,"master","no","no","female"
"no","yes",29,"master","no","no","male"
"no","yes",32,"college","yes","no","female"
"no","yes",45,"hs","no","no","female"
"no","no",18,"hs","no","no","male"
"yes","no",23,"hs","no","no","female"
"no","yes",43,"hs","no","no","female"
"no","yes",39,"hs","no","no","female"
"no","yes",26,"hs","no","no","male"
"no","yes",29,"hs","no","no","female"
"no","no",26,"hs","no","no","male"
"no","yes",30,"hs","no","no","female"
"no","no",62,"some college","no","no","male"
"no","no",57,"hs","no","no","female"
"no","yes",49,"master","no","no","male"
"no","yes",47,"college","no","no","female"
"no","yes",35,"college","yes","no","male"
"no","yes",36,"hs","yes","no","female"
"no","no",30,"college","yes","no","male"
"no","no",28,"hs","no","no","female"
"no","no",32,"master","no","no","female"
"no","yes",34,"hs","no","no","male"
"no","yes",34,"some college","no","no","female"
"yes","yes",32,"hs","no","no","female"
"no","yes",23,"some college","no","no","female"
"no","yes",30,"hs","no","no","female"
"yes","yes",54,"hs","no","yes","female"
"no","yes",36,"hs","no","no","male"
"no","yes",37,"some college","no","no","female"
"no","yes",54,"some college","no","no","male"
"no","yes",55,"hs","no","no","female"
"no","no",36,"some college","no","no","female"
"no","no",46,"hs","yes","no","male"
"no","yes",40,"hs drop out","yes","no","female"
"no","yes",56,"some college","no","no","female"
"yes","yes",23,"hs","no","no","female"
"no","no",66,"some college","no","no","female"
"yes","no",27,"master","no","no","male"
"no","no",44,"some college","no","no","male"
"no","no",24,"hs","no","no","male"
"yes","yes",34,"hs","no","no","female"
"no","no",57,"hs","no","no","female"
"yes","no",25,"hs","no","no","male"
"no","no",27,"college","no","no","male"
"no","yes",29,"college","no","no","female"
"no","no",49,"college","no","no","male"
"no","no",39,"some college","no","no","female"
"no","yes",26,"college","no","no","male"
"no","yes",63,"some college","no","no","female"
"no","no",57,"hs","no","no","male"
"no","no",21,"hs drop out","yes","no","female"
"no","no",29,"hs drop out","no","no","female"
"no","yes",29,"some college","no","no","female"
"no","no",34,"hs","no","no","male"
"no","yes",59,"hs","no","no","female"
"no","yes",44,"some college","yes","no","female"
"no","yes",37,"college","no","no","female"
"no","yes",55,"college","no","no","male"
"yes","yes",44,"hs","no","no","female"
"yes","yes",49,"hs","no","no","female"
"yes","yes",53,"some college","no","no","female"
"yes","yes",20,"hs","no","yes","male"
"no","yes",36,"master","no","no","male"
"no","yes",33,"master","no","no","female"
"no","yes",42,"master","no","no","male"
"no","yes",41,"master","no","no","female"
"no","yes",33,"college","yes","no","female"
"no","no",35,"some college","no","no","female"
"yes","yes",30,"hs","no","no","female"
"no","no",60,"hs","no","no","male"
"no","no",35,"hs","no","no","male"
"yes","yes",31,"hs","no","no","female"
"no","no",27,"some college","no","no","male"
"yes","yes",24,"college","no","no","female"
"no","yes",49,"some college","no","no","male"
"no","yes",24,"college","no","no","male"
"no","yes",38,"hs","yes","no","male"
"no","yes",62,"some college","no","no","female"
"yes","yes",50,"hs","yes","no","female"
"yes","yes",50,"hs","no","no","female"
"yes","yes",38,"master","no","no","female"
"no","yes",72,"hs","no","no","female"
"no","yes",47,"some college","no","no","female"
"no","yes",27,"some college","no","no","male"
"no","yes",30,"college","no","no","female"
"yes","yes",40,"college","yes","no","female"
"no","yes",28,"hs","yes","no","male"
"no","no",44,"hs","no","no","male"
"no","yes",22,"college","no","no","female"
"no","no",39,"master","no","no","male"
"no","yes",39,"master","no","no","female"
"no","yes",52,"master","no","no","male"
"no","no",25,"master","no","no","male"
"no","no",68,"hs","yes","no","female"
"no","no",38,"some college","no","no","male"
"no","yes",37,"college","no","no","female"
"no","yes",24,"college","no","no","female"
"yes","no",30,"some college","no","no","male"
"no","no",27,"hs","no","no","female"
"no","no",29,"some college","yes","no","female"
"no","no",26,"hs","no","no","male"
"no","yes",39,"college","no","no","female"
"yes","yes",64,"hs","no","no","male"
"no","yes",29,"master","no","no","male"
"no","yes",31,"college","no","no","female"
"no","yes",57,"hs","no","no","female"
"no","yes",27,"hs","no","no","male"
"no","yes",61,"hs drop out","no","no","female"
"no","no",22,"hs drop out","no","no","male"
"no","yes",27,"hs","no","no","female"
"no","yes",58,"hs","no","no","female"
"no","yes",38,"some college","no","no","male"
"yes","no",37,"some college","no","no","female"
"no","yes",50,"hs","yes","no","female"
"yes","no",32,"hs","no","no","male"
"no","no",28,"hs","no","no","female"
"no","yes",26,"college","no","no","male"
"no","no",42,"hs","yes","no","female"
"no","yes",34,"hs","yes","no","male"
"no","no",36,"hs","yes","no","female"
"yes","yes",40,"college","no","no","female"
"no","yes",37,"some college","no","no","male"
"no","no",40,"master","no","no","male"
"yes","no",39,"college","no","no","female"
"no","yes",35,"some college","yes","no","female"
"no","yes",40,"master","no","no","male"
"yes","no",59,"hs","no","no","female"
"yes","no",26,"hs","no","no","male"
"yes","yes",26,"hs","no","no","female"
"no","yes",63,"hs","no","no","female"
"no","yes",35,"master","no","no","female"
"no","yes",21,"hs","no","no","female"
"no","yes",37,"hs","yes","no","female"
"no","no",38,"college","no","no","male"
"yes","yes",51,"hs","no","no","female"
"no","yes",45,"college","no","no","male"
"no","no",42,"master","no","no","female"
"yes","yes",42,"some college","yes","no","female"
"yes","yes",61,"hs drop out","yes","no","female"
"yes","no",46,"hs","no","no","male"
"no","yes",50,"master","no","no","female"
"no","no",43,"hs","no","no","female"
"no","yes",47,"hs","no","no","male"
"no","no",58,"hs drop out","no","no","female"
"no","no",33,"college","no","no","male"
"no","yes",31,"master","no","no","female"
"no","no",44,"master","no","no","male"
"no","yes",49,"master","no","no","female"
"no","no",19,"some college","no","no","female"
"no","yes",54,"hs","no","no","female"
"no","yes",32,"college","no","yes","female"
"no","yes",45,"hs","yes","no","female"
"no","yes",56,"college","no","no","male"
"yes","no",42,"some college","no","no","male"
"no","yes",49,"some college","no","no","male"
"no","no",50,"some college","no","no","female"
"no","yes",23,"college","no","no","female"
"yes","no",33,"hs","no","no","male"
"no","no",43,"some college","no","no","female"
"no","yes",28,"hs drop out","no","no","female"
"yes","no",25,"some college","no","no","female"
"no","yes",41,"master","no","no","female"
"no","yes",33,"some college","no","no","female"
"no","yes",22,"some college","no","no","male"
"yes","no",41,"hs","no","no","male"
"yes","no",22,"some college","no","no","male"
"no","no",55,"hs drop out","no","no","male"
"no","yes",34,"hs","no","no","male"
"no","no",32,"some college","no","no","female"
"no","yes",78,"master","no","no","male"
"no","yes",36,"some college","no","no","female"
"yes","yes",32,"hs drop out","no","no","female"
"no","no",61,"hs","no","no","female"
"no","yes",48,"college","no","no","male"
"no","yes",45,"master","no","no","male"
"no","no",51,"master","no","no","female"
"no","no",42,"master","no","no","male"
"no","yes",40,"some college","no","no","female"
"no","yes",41,"college","no","no","male"
"no","yes",33,"some college","no","no","female"
"no","yes",44,"some college","no","no","male"
"yes","no",24,"some college","no","no","female"
"no","yes",41,"master","no","no","male"
"no","no",36,"hs","no","no","male"
"yes","yes",31,"college","no","no","female"
"no","yes",44,"hs","yes","no","male"
"no","yes",40,"master","no","no","male"
"yes","no",25,"hs","no","no","male"
"no","no",49,"master","no","no","female"
"no","yes",24,"college","no","no","female"
"no","no",37,"college","no","no","male"
"yes","no",47,"hs","no","no","female"
"no","no",59,"hs","no","no","female"
"no","yes",36,"hs drop out","yes","no","female"
"no","yes",48,"some college","no","no","male"
"no","yes",48,"hs","no","no","female"
"no","yes",41,"hs","no","no","female"
"yes","no",19,"hs","no","no","male"
"no","yes",28,"master","no","no","male"
"no","yes",27,"master","no","no","female"
"no","no",33,"master","no","no","male"
"no","no",62,"hs","no","no","female"
"no","yes",36,"college","no","no","male"
"no","no",58,"hs","no","no","female"
"no","yes",24,"some college","yes","no","female"
"no","no",24,"college","no","no","male"
"no","yes",24,"college","no","yes","female"
"no","no",56,"hs","no","no","female"
"no","yes",49,"college","no","no","female"
"no","yes",32,"some college","no","no","female"
"no","yes",30,"some college","no","no","male"
"yes","yes",27,"some college","no","no","male"
"no","no",37,"hs drop out","no","no","male"
"no","no",32,"hs","no","no","male"
"yes","no",21,"some college","no","no","female"
"yes","no",48,"hs","no","no","female"
"yes","no",31,"hs","no","no","male"
"no","no",31,"some college","no","no","female"
"no","no",21,"hs","no","no","female"
"no","yes",28,"hs","no","no","female"
"no","no",34,"college","no","no","female"
"no","yes",38,"some college","no","no","female"
"no","yes",31,"college","no","no","female"
"no","no",54,"hs","no","no","male"
"no","no",53,"hs","no","no","female"
"no","yes",45,"college","no","no","female"
"no","yes",22,"college","no","no","female"
"no","no",53,"master","no","no","male"
"no","yes",29,"college","no","no","male"
"no","yes",45,"college","no","no","female"
"no","yes",30,"hs","no","no","male"
"no","no",37,"hs","no","no","male"
"no","yes",37,"some college","no","no","female"
"yes","no",71,"college","no","no","male"
"yes","no",20,"hs drop out","no","no","male"
"no","yes",18,"hs drop out","no","no","male"
"no","yes",28,"some college","no","no","female"
"no","yes",45,"college","no","no","male"
"yes","yes",53,"hs","yes","no","female"
"no","no",27,"hs","no","no","female"
"no","yes",47,"college","no","no","male"
"no","yes",34,"some college","no","no","female"
"no","yes",27,"college","no","no","male"
"no","no",22,"master","no","no","male"
"no","yes",25,"hs","no","no","female"
"yes","no",51,"college","no","no","female"
"no","no",20,"some college","no","no","female"
"no","no",41,"hs","no","no","female"
"no","no",28,"college","no","no","male"
"yes","yes",27,"college","no","no","female"
"yes","no",39,"hs","yes","no","male"
"yes","no",34,"hs","no","no","male"
"no","no",24,"hs","yes","no","female"
"yes","no",55,"hs","no","no","female"
"no","no",35,"hs","no","no","male"
"no","yes",35,"hs","no","no","female"
"no","yes",45,"college","no","no","male"
"no","yes",42,"hs","no","no","female"
"no","yes",55,"college","no","no","female"
"yes","yes",36,"hs","no","no","female"
"no","yes",43,"master","no","no","male"
"no","no",40,"some college","no","no","female"
"yes","yes",40,"college","no","no","female"
"no","no",59,"hs","no","no","male"
"no","no",56,"hs","no","no","female"
"no","yes",39,"college","no","no","female"
"no","yes",29,"some college","no","no","female"
"no","no",38,"hs","no","no","female"
"no","no",19,"hs","no","no","female"
"no","yes",24,"college","no","no","female"
"yes","yes",37,"college","no","no","male"
"yes","yes",50,"some college","no","no","female"
"no","no",53,"master","no","no","female"
"no","no",29,"hs","no","no","male"
"yes","yes",42,"hs","no","no","male"
"no","no",61,"hs","no","no","male"
"no","yes",51,"master","no","no","female"
"no","yes",60,"hs","no","no","female"
"yes","no",21,"hs","no","no","female"
"no","no",23,"college","no","no","female"
"no","yes",27,"some college","no","no","male"
"yes","no",36,"hs","no","no","female"
"no","yes",54,"college","no","no","female"
"no","yes",36,"college","no","no","female"
"no","yes",67,"college","no","no","female"
"no","yes",46,"college","no","no","female"
"yes","no",41,"hs","no","no","female"
"no","yes",36,"hs","no","no","female"
"yes","no",42,"some college","no","no","male"
"no","yes",39,"college","no","no","female"
"no","no",38,"master","no","no","male"
"no","no",34,"college","no","no","female"
"no","no",39,"master","no","no","female"
"yes","no",45,"college","no","no","male"
"no","no",43,"hs","no","no","female"
"yes","no",57,"college","no","no","male"
"no","yes",69,"hs","no","no","female"
"yes","yes",58,"hs drop out","no","no","female"
"no","no",39,"some college","no","no","female"
"yes","no",46,"hs","no","no","male"
"yes","no",43,"hs","no","no","female"
"no","yes",45,"hs","no","no","female"
"no","yes",44,"college","no","no","male"
"no","no",42,"hs","no","no","female"
"no","yes",52,"hs","no","no","female"
"no","yes",38,"master","no","no","female"
"yes","no",62,"hs drop out","yes","no","male"
"no","yes",29,"hs","no","no","female"
"no","no",33,"hs","no","no","male"
"no","no",32,"hs","no","no","female"
"no","no",29,"hs","no","no","female"
"no","no",28,"college","no","no","male"
"no","no",24,"hs","no","no","male"
"no","yes",66,"college","no","no","female"
"no","yes",28,"master","no","no","male"
"no","no",65,"college","no","no","male"
"no","yes",23,"college","no","no","female"
"no","no",46,"some college","no","no","male"
"no","yes",43,"hs","no","no","female"
"no","no",47,"master","no","no","male"
"yes","no",26,"some college","no","no","female"
"yes","no",45,"hs","no","no","female"
"no","yes",21,"hs","no","no","female"
"no","no",20,"hs","no","no","female"
"yes","no",30,"some college","no","no","female"
"no","yes",54,"college","no","no","female"
"no","yes",24,"college","no","no","female"
"no","no",28,"some college","no","no","male"
"no","no",68,"master","no","no","male"
"no","yes",64,"master","no","no","female"
"no","yes",29,"master","no","no","female"
"no","yes",37,"master","no","no","female"
"no","no",43,"master","no","no","male"
"no","yes",40,"college","no","no","male"
"no","yes",37,"college","no","no","female"
"no","no",69,"some college","yes","no","female"
"yes","yes",23,"hs","no","no","female"
"no","no",38,"college","no","no","male"
"no","no",33,"some college","no","no","male"
"no","yes",41,"master","no","no","male"
"no","no",30,"college","no","no","female"
"no","no",28,"college","no","no","female"
"yes","no",35,"hs","no","no","female"
"no","no",20,"hs","no","no","male"
"no","no",51,"hs drop out","no","no","male"
"no","yes",19,"some college","no","no","male"
"no","no",30,"some college","no","no","female"
"no","no",37,"master","no","no","male"
"no","yes",36,"some college","no","no","female"
"yes","no",57,"hs","no","no","female"
"yes","no",38,"master","no","no","female"
"no","no",37,"hs","no","no","female"
"no","no",18,"hs drop out","no","no","male"
"yes","no",21,"hs","no","no","female"
"no","yes",57,"hs","no","no","female"
"yes","no",34,"hs","no","no","female"
"yes","yes",50,"some college","no","no","female"
"no","no",20,"some college","no","no","female"
"yes","no",40,"hs","no","no","female"
"no","no",58,"hs","no","no","male"
"no","yes",63,"hs","no","no","female"
"yes","yes",25,"some college","no","no","female"
"no","yes",53,"master","no","no","male"
"no","yes",29,"some college","no","no","female"
"no","yes",32,"hs","no","no","female"
"yes","yes",36,"college","no","no","male"
"yes","no",36,"some college","no","no","female"
"yes","yes",63,"hs","no","no","female"
"yes","yes",36,"hs drop out","no","no","female"
"yes","no",36,"hs","no","no","male"
"no","yes",57,"hs","no","no","female"
"yes","yes",34,"hs","yes","no","male"
"no","no",42,"college","no","no","male"
"yes","yes",36,"some college","no","no","male"
"no","no",63,"hs","no","no","female"
"yes","no",36,"hs","no","no","male"
"no","yes",57,"hs","no","no","female"
"no","yes",39,"master","no","no","male"
"no","yes",71,"hs","no","no","female"
"yes","yes",42,"hs","no","no","female"
"no","no",22,"some college","no","no","female"
"no","yes",62,"college","no","no","male"
"no","yes",35,"college","no","no","female"
"yes","no",21,"some college","no","no","male"
"no","no",21,"some college","no","no","male"
"no","yes",49,"hs","no","no","female"
"no","yes",21,"some college","no","no","female"
"no","yes",50,"college","no","no","female"
"no","yes",47,"hs","no","no","female"
"yes","yes",48,"college","no","no","female"
"yes","yes",44,"college","no","no","female"
"no","yes",61,"hs","no","no","female"
"no","no",36,"hs","no","no","male"
"no","yes",34,"hs","no","no","female"
"no","yes",31,"college","no","no","male"
"no","yes",59,"hs","yes","no","female"
"no","yes",26,"some college","yes","no","female"
"no","yes",26,"some college","no","no","female"
"no","no",50,"hs","no","no","female"
"no","yes",25,"hs","no","no","female"
"no","yes",42,"hs","no","no","female"
"no","no",38,"hs","no","no","female"
"yes","yes",37,"some college","no","no","male"
"no","no",47,"hs","no","no","male"
"no","yes",43,"some college","no","no","female"
"no","yes",30,"master","no","no","female"
"no","yes",27,"hs","no","no","male"
"yes","yes",29,"some college","no","no","female"
"yes","yes",32,"some college","no","no","male"
"no","no",39,"college","no","no","male"
"no","yes",42,"master","no","no","male"
"no","yes",61,"hs","no","no","female"
"no","yes",38,"hs","no","no","male"
"no","yes",35,"college","no","no","male"
"no","yes",34,"college","no","no","female"
"yes","no",43,"hs drop out","no","no","female"
"yes","no",33,"hs","no","no","male"
"no","no",43,"hs","no","no","female"
"no","no",43,"some college","no","no","male"
"no","yes",26,"some college","no","no","male"
"no","no",35,"master","no","no","male"
"no","yes",29,"college","no","no","female"
"yes","yes",37,"hs","no","no","male"
"no","yes",47,"college","no","no","female"
"yes","no",51,"master","yes","no","female"
"no","no",29,"some college","yes","no","female"
"no","yes",24,"college","no","no","male"
"yes","no",46,"hs","yes","no","male"
"yes","no",55,"hs","yes","no","male"
"yes","yes",31,"hs","no","no","female"
"no","yes",41,"college","no","no","female"
"no","no",33,"master","no","no","female"
"no","yes",37,"some college","no","no","male"
"yes","no",40,"some college","no","no","female"
"no","no",31,"college","no","no","male"
"no","yes",30,"some college","no","no","female"
"no","yes",44,"master","no","no","male"
"no","yes",40,"master","no","no","female"
"no","no",57,"hs","no","no","male"
"no","no",54,"hs","no","no","female"
"no","no",20,"some college","no","no","female"
"yes","yes",40,"hs","no","no","female"
"yes","yes",27,"hs","no","no","male"
"no","yes",38,"college","no","no","male"
"yes","no",25,"hs drop out","no","no","female"
"no","no",75,"hs","no","no","male"
"no","yes",52,"master","no","no","female"
"no","yes",30,"master","no","no","male"
"no","yes",57,"hs","no","no","female"
"yes","no",26,"hs","no","no","female"
"yes","no",47,"hs","no","no","male"
"yes","yes",35,"some college","no","no","female"
"no","no",39,"some college","no","no","female"
"no","no",36,"hs","no","no","male"
"no","yes",33,"hs","no","no","female"
"no","yes",36,"hs drop out","no","no","female"
"no","no",24,"hs","no","no","male"
"yes","yes",47,"college","no","no","female"
"no","yes",44,"some college","no","no","female"
"no","no",48,"master","no","no","male"
"yes","yes",20,"some college","no","no","male"
"no","no",38,"hs","no","no","male"
"no","yes",36,"hs","no","no","female"
"no","yes",47,"hs","no","no","male"
"no","yes",53,"hs","no","no","male"
"yes","no",50,"hs","no","no","female"
"yes","yes",62,"hs drop out","yes","no","female"
"yes","no",39,"hs","no","no","female"
"yes","yes",27,"hs","no","no","male"
"no","yes",29,"master","no","no","male"
"no","no",21,"some college","no","no","male"
"no","no",32,"some college","no","no","male"
"yes","no",42,"some college","no","no","male"
"yes","no",27,"college","no","no","female"
"yes","yes",29,"master","no","no","female"
"no","yes",39,"some college","no","no","female"
"no","no",55,"hs","no","no","male"
"no","no",41,"some college","no","no","female"
"no","yes",26,"some college","no","no","male"
"no","yes",36,"college","no","no","male"
"no","no",64,"hs","no","no","female"
"no","yes",44,"college","no","no","male"
"no","yes",45,"hs","no","no","female"
"no","yes",19,"some college","no","no","female"
"no","no",56,"some college","no","no","male"
"no","yes",42,"some college","no","no","male"
"no","yes",42,"hs","no","no","female"
"no","no",45,"master","yes","no","female"
"no","no",35,"master","no","no","male"
"no","no",36,"some college","no","no","female"
"no","yes",33,"hs","no","no","female"
"no","yes",29,"college","no","no","female"
"no","yes",41,"master","no","no","male"
"yes","yes",33,"some college","yes","no","female"
"no","yes",45,"master","no","no","female"
"no","no",35,"college","no","no","female"
"no","yes",40,"hs","no","no","female"
"no","no",27,"college","yes","no","male"
"no","no",39,"hs","no","no","female"
"no","yes",29,"some college","no","no","male"
"no","no",43,"master","no","no","male"
"no","yes",51,"hs","no","no","female"
"no","yes",38,"hs","no","no","male"
"no","yes",26,"some college","no","no","female"
"yes","yes",54,"hs drop out","no","no","male"
"no","yes",50,"hs","no","no","female"
"yes","no",20,"some college","no","no","male"
"no","yes",24,"hs","no","no","male"
"yes","yes",27,"some college","no","no","female"
"no","no",62,"hs","no","no","female"
"no","yes",36,"master","no","no","female"
"no","yes",37,"college","no","no","male"
"no","yes",38,"master","no","no","female"
"no","no",57,"hs","no","no","male"
"no","yes",31,"hs","no","no","male"
"no","no",34,"hs","no","no","female"
"no","yes",24,"college","no","no","male"
"no","yes",25,"master","no","no","female"
"yes","no",35,"some college","no","no","female"
"no","yes",53,"master","no","no","male"
"no","yes",45,"hs","no","no","female"
"no","no",24,"college","no","no","male"
"no","yes",23,"college","no","no","female"
"yes","no",54,"hs","no","no","male"
"no","no",38,"college","no","no","female"
"no","yes",37,"college","no","no","female"
"yes","no",39,"hs","no","no","male"
"no","yes",39,"college","no","yes","female"
"yes","no",40,"college","no","no","male"
"no","yes",54,"college","no","no","male"
"no","no",52,"college","no","no","female"
"yes","no",53,"hs drop out","no","no","male"
"no","yes",26,"college","no","no","female"
"no","yes",39,"hs","no","no","female"
"yes","yes",40,"some college","no","no","female"
"yes","yes",37,"college","no","no","female"
"no","yes",35,"master","no","no","male"
"no","no",52,"hs","no","no","male"
"no","no",26,"hs","no","no","female"
"yes","yes",31,"hs","no","no","female"
"no","no",51,"hs","no","no","male"
"yes","yes",61,"some college","no","no","female"
"no","yes",33,"master","no","no","male"
"no","no",53,"hs","no","no","male"
"no","no",52,"hs","no","no","female"
"no","yes",40,"some college","no","no","female"
"no","no",29,"some college","yes","no","female"
"no","no",39,"hs","no","no","female"
"no","yes",38,"college","no","no","female"
"no","no",52,"some college","no","no","male"
"yes","no",34,"hs drop out","no","no","female"
"no","no",25,"hs","no","no","male"
"no","no",45,"hs","no","no","female"
"no","no",51,"some college","no","no","female"
"no","yes",32,"hs","no","no","female"
"no","no",38,"hs","no","no","female"
"no","no",19,"hs","no","no","male"
"no","no",47,"hs","no","no","male"
"yes","no",28,"hs","no","no","female"
"yes","yes",58,"some college","no","no","female"
"yes","yes",50,"hs","no","no","female"
"no","yes",50,"master","no","no","male"
"no","yes",41,"master","no","no","female"
"no","no",25,"college","no","no","male"
"no","yes",59,"master","no","no","male"
"yes","no",48,"hs","no","no","male"
"no","yes",45,"hs","no","no","female"
"yes","no",22,"hs","no","no","male"
"no","yes",35,"some college","yes","no","female"
"no","no",23,"some college","no","no","female"
"no","yes",45,"master","no","no","female"
"no","no",55,"master","no","no","female"
"no","yes",33,"hs","no","no","male"
"yes","yes",29,"hs","no","no","male"
"no","no",38,"master","no","no","female"
"no","no",60,"hs","no","no","male"
"no","no",55,"hs","no","no","female"
"no","no",23,"hs","no","no","female"
"no","yes",45,"some college","no","no","male"
"no","yes",43,"some college","no","no","female"
"yes","no",22,"hs","no","no","female"
"no","yes",20,"some college","no","no","female"
"no","yes",52,"hs","no","no","female"
"no","yes",48,"hs","no","no","male"
"no","yes",60,"hs","no","no","female"
"yes","no",32,"hs","no","no","male"
"yes","no",32,"hs","no","no","female"
"no","no",35,"some college","no","yes","male"
"no","yes",20,"hs","no","no","male"
"no","yes",48,"some college","no","no","female"
"yes","no",46,"some college","no","no","male"
"no","no",48,"hs","no","no","female"
"yes","yes",54,"hs drop out","no","no","female"
"no","no",45,"hs","no","no","female"
"no","no",24,"college","no","no","male"
"yes","yes",47,"hs","no","no","female"
"yes","yes",26,"hs","no","no","female"
"yes","yes",38,"some college","no","no","female"
"yes","yes",26,"hs","no","no","female"
"no","yes",47,"hs","no","no","male"
"yes","no",45,"hs","no","no","female"
"no","no",42,"some college","no","no","male"
"no","yes",45,"hs","no","no","female"
"yes","yes",59,"hs drop out","no","no","male"
"yes","yes",33,"some college","no","no","male"
"no","yes",42,"some college","no","no","male"
"no","yes",43,"college","no","no","female"
"no","no",26,"hs","no","no","male"
"yes","no",27,"some college","no","no","male"
"no","yes",40,"hs","no","no","male"
"no","yes",39,"hs","no","no","female"
"no","no",38,"college","no","no","male"
"no","no",41,"hs","no","no","female"
"yes","yes",33,"hs","no","no","male"
"no","no",47,"hs","no","no","male"
"yes","yes",42,"hs","no","no","male"
"no","no",41,"hs","no","no","female"
"no","no",63,"hs","no","no","male"
"no","no",56,"hs","no","no","female"
"yes","yes",47,"some college","no","no","female"
"no","yes",33,"some college","no","no","male"
"yes","yes",56,"hs","no","no","female"
"no","no",25,"hs","no","no","female"
"no","yes",58,"hs drop out","no","no","male"
"no","yes",37,"some college","no","no","male"
"yes","yes",19,"some college","no","no","female"
"no","yes",66,"hs","no","no","female"
"no","no",30,"hs","no","no","male"
"yes","no",34,"hs drop out","no","no","male"
"no","yes",51,"hs","no","no","female"
"no","no",21,"some college","no","no","female"
"no","yes",25,"master","no","no","female"
"no","yes",27,"master","no","no","male"
"no","no",44,"college","no","no","male"
"yes","no",48,"hs","no","no","male"
"yes","yes",58,"hs drop out","no","no","male"
"yes","yes",20,"hs","no","no","male"
"no","yes",57,"hs","no","no","male"
"no","yes",56,"hs","no","no","female"
"no","yes",49,"master","no","no","male"
"no","no",59,"some college","no","no","male"
"no","yes",22,"some college","no","no","male"
"no","yes",60,"hs drop out","no","no","female"
"no","yes",50,"master","no","no","male"
"no","yes",36,"some college","no","no","male"
"no","yes",38,"hs","no","no","female"
"no","yes",25,"some college","no","no","female"
"yes","yes",40,"hs","no","no","male"
"yes","yes",36,"hs","no","no","female"
"no","no",33,"hs","no","no","female"
"no","yes",41,"hs","no","no","female"
"no","no",45,"some college","no","no","male"
"no","yes",26,"hs","no","no","female"
"no","yes",24,"some college","no","no","female"
"yes","yes",61,"hs","no","no","male"
"no","no",43,"college","no","no","female"
"yes","no",40,"some college","no","no","male"
"no","no",52,"hs","no","no","male"
"no","yes",47,"hs","no","no","female"
"no","no",41,"college","no","no","male"
"no","no",30,"master","no","no","female"
"no","yes",34,"college","no","no","female"
"no","no",44,"college","no","no","male"
"no","yes",40,"some college","no","no","female"
"no","yes",56,"master","no","no","male"
"no","yes",46,"college","no","no","male"
"yes","no",25,"hs drop out","no","no","male"
"no","yes",25,"hs drop out","no","no","female"
"no","no",56,"hs","no","no","female"
"no","yes",45,"master","no","no","male"
"no","no",67,"hs","no","no","female"
"no","yes",57,"hs","no","no","female"
"no","yes",41,"some college","no","no","female"
"yes","yes",21,"some college","no","no","male"
"no","yes",21,"hs","no","no","male"
"no","yes",21,"some college","no","no","female"
"no","no",29,"some college","no","no","male"
"no","yes",38,"some college","no","no","male"
"no","no",37,"college","no","no","male"
"no","yes",28,"hs","no","no","female"
"no","yes",45,"college","no","no","female"
"no","yes",63,"some college","no","no","female"
"no","yes",49,"hs","no","no","female"
"yes","yes",55,"hs","no","no","female"
"no","yes",22,"college","no","no","female"
"no","yes",55,"hs","no","no","female"
"no","yes",57,"hs","no","no","female"
"no","yes",36,"hs","no","no","female"
"no","no",47,"hs drop out","no","no","male"
"no","no",25,"hs","no","no","male"
"no","yes",34,"some college","no","no","male"
"no","yes",40,"some college","yes","no","female"
"no","yes",48,"hs","no","no","female"
"no","no",24,"some college","no","no","male"
"no","yes",53,"some college","no","no","male"
"no","yes",50,"hs","no","no","female"
"no","yes",51,"hs","no","no","female"
"no","no",21,"some college","no","no","female"
"yes","no",43,"some college","no","no","male"
"no","yes",58,"hs drop out","no","no","female"
"no","no",54,"hs","no","no","female"
"no","no",41,"college","no","no","male"
"no","no",37,"college","no","no","female"
"yes","no",31,"hs","no","no","male"
"no","yes",56,"hs","no","no","female"
"no","yes",43,"hs","no","no","female"
"yes","yes",55,"hs drop out","no","no","male"
"yes","yes",27,"some college","no","no","male"
"no","yes",39,"college","no","no","female"
"yes","no",45,"hs drop out","no","no","female"
"yes","yes",34,"hs","no","no","female"
"no","yes",46,"master","no","no","female"
"no","no",44,"hs","no","no","female"
"no","yes",50,"hs","no","no","female"
"no","yes",55,"some college","no","no","female"
"no","no",32,"some college","no","no","female"
"yes","no",26,"master","no","no","male"
"no","yes",54,"hs","no","no","female"
"no","no",45,"master","no","no","male"
"yes","yes",27,"hs","no","no","female"
"no","yes",60,"hs","no","no","female"
"no","no",23,"hs","no","no","male"
"no","yes",27,"hs","no","no","female"
"no","yes",31,"master","no","no","male"
"yes","yes",41,"some college","no","no","male"
"no","no",36,"master","no","no","male"
"no","no",68,"some college","no","no","male"
"yes","no",36,"some college","no","no","female"
"no","yes",27,"some college","no","no","male"
"yes","no",25,"hs","no","no","male"
"no","yes",25,"some college","no","no","male"
"no","yes",54,"some college","no","no","female"
"no","yes",40,"hs","no","no","male"
"no","yes",38,"college","no","no","female"
"no","no",42,"hs","no","no","male"
"no","yes",41,"hs","no","no","female"
"no","yes",43,"master","no","no","male"
"no","yes",38,"college","no","no","female"
"no","no",40,"college","no","no","male"
"no","yes",48,"hs","no","no","male"
"no","yes",42,"hs","no","no","female"
"no","yes",40,"hs","no","no","female"
"no","yes",21,"hs","no","no","female"
"no","yes",30,"hs","no","no","male"
"no","no",33,"some college","no","no","female"
"no","yes",29,"master","no","no","female"
"yes","yes",22,"hs","no","no","male"
"no","yes",19,"some college","no","no","female"
"yes","yes",25,"hs","no","no","female"
"no","no",27,"hs","no","no","male"
"no","no",22,"hs","no","no","female"
"no","yes",44,"some college","no","no","female"
"no","yes",52,"master","no","no","female"
"no","yes",47,"college","no","no","male"
"no","no",23,"college","no","no","male"
"no","yes",51,"hs","no","no","female"
"yes","yes",60,"hs drop out","no","no","female"
"no","no",29,"hs","no","no","male"
"yes","no",53,"hs","no","no","female"
"yes","yes",23,"hs","no","no","female"
"no","no",26,"hs","no","no","female"
"no","yes",24,"hs","no","no","female"
"no","no",58,"hs","no","no","male"
"yes","no",55,"hs","no","no","female"
"no","no",22,"college","no","no","male"
"no","yes",39,"college","no","no","male"
"no","yes",32,"hs drop out","no","no","female"
"yes","yes",28,"hs","no","yes","male"
"no","yes",44,"master","no","no","male"
"no","yes",43,"some college","no","no","female"
"no","no",41,"some college","no","no","male"
"no","yes",39,"college","no","no","female"
"no","no",29,"hs","no","no","male"
"no","no",34,"hs","no","no","female"
"no","yes",49,"college","no","no","male"
"no","yes",40,"hs","yes","no","male"
"yes","yes",44,"hs drop out","no","no","female"
"no","no",26,"hs drop out","no","no","male"
"yes","no",28,"hs","no","no","male"
"yes","yes",29,"hs","no","no","female"
"no","yes",28,"college","no","no","male"
"no","yes",26,"some college","no","no","female"
"no","yes",31,"hs","no","no","female"
"no","yes",27,"college","no","no","female"
"no","yes",25,"hs","no","no","male"
"no","yes",54,"master","no","no","male"
"no","yes",52,"master","no","no","female"
"yes","no",30,"hs","no","no","female"
"no","no",40,"hs","no","no","male"
"yes","yes",42,"hs","yes","no","male"
"no","yes",31,"master","no","no","female"
"yes","yes",50,"hs","no","no","male"
"no","yes",18,"hs drop out","no","no","male"
"yes","yes",48,"hs","no","no","male"
"no","no",55,"hs drop out","no","no","male"
"no","yes",40,"hs","no","no","female"
"yes","no",39,"college","no","no","male"
"yes","yes",34,"some college","no","no","female"
"no","no",34,"college","no","no","male"
"no","yes",32,"college","no","no","female"
"no","no",42,"some college","no","no","male"
"no","yes",31,"college","no","no","male"
"no","yes",20,"hs","no","no","male"
"no","yes",20,"hs","no","no","female"
"no","yes",45,"college","no","no","male"
"no","yes",19,"some college","no","no","female"
"no","yes",23,"hs","yes","no","female"
"no","yes",31,"college","no","no","male"
"no","yes",30,"college","no","no","female"
"no","yes",32,"college","no","no","male"
"no","yes",34,"college","no","no","female"
"yes","yes",46,"hs drop out","yes","no","female"
"yes","no",31,"hs drop out","no","no","male"
"no","yes",33,"hs drop out","no","no","male"
"yes","no",31,"hs","no","no","female"
"yes","no",48,"hs","yes","no","female"
"no","no",26,"hs","no","no","female"
"no","yes",40,"master","yes","no","male"
"no","yes",35,"some college","yes","no","female"
"no","yes",31,"hs","yes","no","female"
"no","no",38,"hs","no","no","female"
"yes","yes",31,"some college","no","no","male"
"no","yes",30,"college","no","no","male"
"no","yes",30,"college","no","no","female"
"no","yes",32,"college","no","no","male"
"no","no",31,"hs","no","no","female"
"no","yes",28,"some college","no","no","female"
"no","yes",36,"hs drop out","no","no","female"
"yes","yes",38,"hs drop out","no","no","male"
"yes","yes",29,"hs","no","no","female"
"no","yes",40,"college","no","no","female"
"no","no",45,"hs","no","no","female"
"no","yes",53,"hs","no","no","male"
"no","yes",41,"hs","no","no","female"
"yes","yes",57,"master","no","no","male"
"no","yes",32,"hs","no","no","female"
"yes","yes",26,"hs","no","no","female"
"no","no",45,"some college","no","no","male"
"no","yes",44,"hs","no","no","female"
"no","yes",37,"master","no","no","male"
"no","yes",35,"college","no","no","female"
"yes","no",46,"hs drop out","yes","no","female"
"no","yes",42,"college","no","no","female"
"no","no",52,"hs drop out","no","no","male"
"yes","yes",49,"hs drop out","no","no","female"
"yes","yes",47,"hs drop out","no","no","female"
"no","no",29,"some college","no","no","female"
"yes","yes",24,"hs","no","no","female"
"no","yes",27,"college","no","no","female"
"yes","yes",52,"some college","no","no","male"
"no","yes",51,"some college","no","no","female"
"no","yes",60,"hs drop out","no","no","female"
"no","yes",59,"hs","no","no","male"
"yes","yes",54,"hs","no","no","female"
"no","no",42,"college","no","no","female"
"no","yes",40,"some college","no","no","female"
"yes","yes",52,"some college","no","no","female"
"yes","yes",46,"hs","no","no","male"
"no","yes",46,"college","no","no","female"
"no","no",52,"hs","no","no","female"
"no","yes",56,"hs drop out","no","no","female"
"no","yes",36,"some college","no","no","female"
"no","yes",27,"some college","no","no","female"
"no","yes",34,"hs","no","no","female"
"yes","yes",38,"hs","no","no","male"
"yes","yes",37,"hs","no","no","female"
"no","no",57,"college","no","no","female"
"no","yes",36,"college","no","no","female"
"yes","no",35,"hs","no","no","female"
"no","yes",26,"hs","yes","no","female"
"no","no",56,"master","no","no","male"
"no","no",53,"some college","no","no","female"
"yes","no",28,"hs","no","no","female"
"no","yes",53,"hs","no","no","female"
"yes","yes",26,"hs","no","no","female"
"yes","no",30,"hs","no","no","male"
"no","yes",47,"master","no","no","female"
"no","yes",46,"hs","no","no","male"
"no","no",43,"hs","no","no","male"
"no","no",40,"hs","no","no","female"
"no","yes",32,"hs","no","no","female"
"no","yes",44,"hs","no","no","male"
"no","no",56,"hs","no","no","female"
"yes","yes",45,"master","no","no","male"
"no","yes",45,"college","no","no","female"
"no","no",39,"hs","no","no","male"
"no","yes",52,"some college","no","no","female"
"no","no",24,"some college","no","no","female"
"yes","no",32,"hs","no","no","female"
"yes","no",37,"hs","no","no","male"
"no","yes",28,"hs","no","no","female"
"yes","no",47,"hs","no","no","male"
"no","no",54,"hs","no","no","female"
"no","yes",20,"some college","no","no","male"
"no","yes",37,"college","no","no","female"
"no","yes",66,"hs","no","no","female"
"no","no",34,"hs","no","no","male"
"no","yes",55,"hs","no","no","female"
"no","yes",32,"college","no","no","female"
"yes","no",36,"hs","no","no","male"
"yes","yes",40,"hs","no","no","female"
"yes","no",52,"hs","no","no","male"
"no","yes",27,"hs","no","no","male"
"no","yes",29,"college","no","no","female"
"yes","yes",44,"hs","no","no","female"
"no","yes",53,"some college","no","no","male"
"no","yes",47,"master","no","no","female"
"no","yes",55,"master","no","no","female"
"yes","no",49,"hs","no","no","female"
"yes","yes",44,"hs","no","no","female"
"no","yes",42,"college","no","no","male"
"no","yes",40,"college","no","no","female"
"no","no",20,"hs drop out","no","no","male"
"yes","yes",35,"hs","no","no","female"
"no","yes",34,"college","no","yes","female"
"no","yes",40,"some college","no","no","female"
"no","no",44,"hs","no","no","female"
"no","no",32,"hs drop out","no","no","male"
"no","no",30,"hs drop out","no","no","female"
"no","no",71,"hs drop out","no","no","male"
"no","no",37,"hs","no","no","male"
"no","yes",37,"hs drop out","yes","no","male"
"no","no",48,"college","no","no","male"
"no","yes",45,"college","no","no","female"
"no","no",33,"master","no","no","female"
"no","yes",44,"hs","yes","no","male"
"yes","no",22,"some college","no","yes","female"
"no","no",78,"hs","no","no","male"
"no","no",71,"hs drop out","no","no","female"
"no","yes",48,"hs","no","no","male"
"no","yes",34,"college","no","no","female"
"no","yes",68,"hs","no","no","male"
"no","yes",38,"some college","no","no","male"
"no","no",18,"hs drop out","no","no","male"
"yes","no",30,"hs drop out","no","no","male"
"no","yes",24,"some college","no","no","female"
"no","no",52,"hs","no","no","female"
"no","yes",72,"hs","no","no","female"
"no","yes",56,"some college","no","no","male"
"yes","no",20,"hs drop out","no","no","male"
"yes","no",18,"hs drop out","no","no","female"
"no","yes",27,"hs","no","no","female"
"yes","yes",28,"hs","no","no","female"
"no","yes",38,"hs drop out","no","no","male"
"no","yes",37,"hs","no","no","female"
"yes","no",28,"some college","no","no","male"
"no","no",28,"some college","no","no","female"
"no","yes",28,"hs","no","yes","female"
"no","yes",55,"master","no","no","male"
"no","yes",55,"master","no","no","female"
"no","no",34,"some college","no","no","female"
"yes","yes",43,"hs drop out","no","no","female"
"yes","yes",25,"some college","no","no","female"
"no","yes",43,"master","no","no","male"
"no","yes",49,"hs","no","no","male"
"no","yes",29,"hs","yes","no","female"
"no","yes",59,"hs","no","no","female"
"no","no",28,"hs","no","no","male"
"no","yes",29,"hs","no","no","female"
"yes","no",40,"some college","no","no","male"
"no","yes",26,"some college","no","no","female"
"no","yes",28,"hs","no","no","male"
"no","yes",22,"hs","no","no","female"
"no","yes",66,"hs drop out","no","no","female"
"no","no",46,"some college","no","no","female"
"no","no",26,"hs","no","no","female"
"no","yes",31,"hs","no","no","male"
"no","yes",28,"hs","no","no","female"
"no","yes",48,"hs drop out","no","no","male"
"no","yes",26,"hs","yes","no","male"
"yes","no",43,"college","no","no","male"
"no","yes",33,"hs","no","no","male"
"no","no",29,"hs","no","no","female"
"no","no",51,"some college","no","no","male"
"yes","no",25,"hs","no","no","female"
"yes","no",44,"some college","no","no","female"
"no","no",34,"hs","no","no","female"
"no","yes",37,"hs","no","no","male"
"no","yes",35,"hs","no","no","female"
"no","yes",32,"college","no","no","female"
"no","no",29,"hs","no","no","female"
"no","no",62,"hs","no","no","male"
"yes","yes",57,"hs","no","no","female"
"no","yes",52,"hs drop out","no","no","male"
"no","yes",50,"hs","no","no","female"
"no","yes",56,"hs drop out","no","no","male"
"yes","yes",32,"hs","no","no","female"
"no","no",53,"hs","no","no","male"
"no","yes",19,"some college","no","no","female"
"no","no",28,"hs","no","no","male"
"no","yes",43,"hs","no","no","female"
"no","no",30,"hs","no","no","male"
"no","yes",29,"some college","no","no","male"
"no","yes",25,"hs","no","no","female"
"no","no",60,"hs","no","no","female"
"no","yes",61,"hs","no","no","female"
"no","no",27,"college","no","no","male"
"no","no",20,"some college","no","no","female"
"no","yes",27,"hs drop out","no","no","female"
"no","no",46,"college","no","no","male"
"no","yes",47,"college","no","no","female"
"no","yes",73,"hs","no","no","male"
"no","yes",29,"hs","no","no","male"
"no","no",40,"master","no","no","male"
"no","yes",37,"some college","no","no","female"
"no","no",35,"hs","no","no","male"
"yes","yes",36,"hs","no","no","female"
"no","no",42,"master","no","no","female"
"yes","no",30,"hs drop out","no","no","male"
"no","yes",54,"master","no","no","male"
"yes","yes",26,"college","no","no","male"
"no","yes",40,"some college","no","no","female"
"yes","no",29,"college","no","no","female"
"no","yes",43,"hs","no","no","female"
"yes","yes",21,"some college","no","no","female"
"no","no",30,"master","no","no","male"
"no","no",52,"hs","no","no","female"
"yes","no",53,"hs","no","no","female"
"yes","no",48,"hs","no","no","male"
"no","no",39,"hs","no","no","female"
"no","yes",53,"master","no","no","female"
"no","no",39,"college","no","no","male"
"yes","no",34,"hs","no","no","male"
"yes","no",35,"hs drop out","no","no","male"
"yes","no",25,"hs","no","no","female"
"no","yes",25,"some college","no","no","female"
"no","no",40,"college","no","no","male"
"no","yes",40,"some college","no","no","female"
"no","no",38,"hs","no","no","male"
"no","yes",36,"some college","no","no","male"
"no","yes",42,"master","no","no","female"
"no","yes",48,"some college","no","no","male"
"no","yes",24,"hs","no","no","male"
"no","no",33,"hs","no","no","female"
"yes","yes",22,"hs","no","no","male"
"no","yes",27,"college","no","no","female"
"no","no",38,"college","no","no","male"
"no","yes",34,"some college","no","no","female"
"no","no",28,"some college","no","no","male"
"yes","no",26,"some college","no","no","female"
"yes","no",34,"hs","yes","no","male"
"no","no",41,"master","no","no","male"
"no","no",36,"college","no","no","female"
"no","yes",38,"some college","no","no","female"
"no","no",56,"hs","no","no","female"
"yes","yes",52,"some college","no","no","female"
"no","yes",48,"hs","no","no","male"
"no","yes",43,"master","no","no","male"
"no","no",32,"hs","no","no","female"
"no","yes",35,"master","no","no","male"
"no","yes",36,"master","no","no","female"
"no","yes",33,"hs","no","no","female"
"no","yes",32,"some college","no","no","female"
"no","yes",56,"hs","no","no","female"
"no","yes",34,"some college","no","no","female"
"no","yes",32,"college","no","no","male"
"no","yes",24,"college","no","no","female"
"no","yes",30,"some college","no","no","male"
"no","yes",28,"hs drop out","no","no","female"
"no","yes",48,"hs","no","no","female"
"no","yes",44,"hs","no","no","male"
"no","yes",43,"hs","no","no","female"
"no","no",22,"some college","no","no","female"
"no","yes",45,"hs","no","no","female"
"no","no",29,"hs drop out","no","no","male"
"no","no",31,"hs","no","no","male"
"yes","no",57,"hs","no","no","male"
"yes","yes",34,"hs","no","no","male"
"yes","yes",34,"some college","no","no","female"
"no","yes",46,"some college","no","no","male"
"no","yes",44,"hs","no","no","female"
"no","yes",61,"hs","no","no","female"
"yes","no",42,"hs","no","no","male"
"no","yes",38,"hs","no","no","female"
"no","no",29,"hs","no","no","male"
"no","no",27,"hs drop out","no","no","female"
"no","yes",32,"college","no","no","female"
"no","yes",42,"some college","no","no","female"
"yes","no",28,"hs","no","no","male"
"yes","yes",33,"hs","no","no","female"
"no","yes",35,"hs","no","no","male"
"no","yes",57,"hs","no","no","male"
"no","no",58,"hs","no","no","female"
"no","yes",53,"hs","no","no","female"
"no","yes",57,"hs","no","no","female"
"no","yes",57,"hs","no","no","male"
"no","no",33,"hs","no","no","female"
"no","yes",43,"master","no","no","female"
"yes","yes",32,"hs","no","no","male"
"yes","no",42,"hs","no","no","female"
"no","no",37,"hs","no","no","male"
"no","yes",60,"college","no","no","male"
"no","yes",34,"some college","no","no","female"
"yes","no",26,"hs","no","no","male"
"no","no",43,"some college","no","no","male"
"yes","no",54,"hs","no","no","male"
"yes","no",23,"hs","no","no","male"
"no","no",55,"hs","no","no","male"
"no","no",48,"some college","no","no","male"
"yes","yes",25,"hs","no","no","female"
"yes","no",55,"hs","no","no","male"
"yes","yes",52,"hs","no","no","female"
"no","yes",54,"hs","no","no","female"
"no","yes",44,"some college","no","no","male"
"no","no",38,"some college","no","no","female"
"no","no",18,"hs drop out","no","no","male"
"no","no",70,"master","no","no","male"
"no","yes",46,"hs","no","no","female"
"yes","no",29,"hs","no","no","female"
"no","yes",31,"hs","no","no","male"
"no","yes",54,"hs drop out","no","no","male"
"no","no",50,"some college","no","no","female"
"no","yes",42,"hs","no","no","female"
"no","yes",75,"some college","no","no","male"
"no","no",39,"some college","no","no","female"
"yes","yes",29,"master","no","no","female"
"yes","yes",59,"hs","no","no","female"
"no","no",43,"some college","no","no","male"
"no","yes",46,"some college","no","no","female"
"yes","no",43,"some college","no","no","female"
"yes","yes",33,"hs","no","no","female"
"no","yes",38,"some college","no","no","female"
"yes","yes",31,"hs","no","no","female"
"no","yes",52,"some college","no","no","male"
"yes","no",30,"hs drop out","no","no","male"
"no","no",59,"hs","no","no","female"
"no","yes",63,"hs","no","no","female"
"no","no",31,"hs","no","no","male"
"no","yes",23,"hs","no","no","female"
"no","no",47,"hs","no","no","female"
"no","yes",30,"hs","no","no","female"
"no","yes",34,"master","no","no","male"
"no","yes",38,"hs","no","no","male"
"yes","no",30,"some college","no","no","female"
"no","yes",61,"hs","no","no","male"
"no","no",34,"hs","no","no","male"
"no","yes",37,"some college","no","no","female"
"no","yes",55,"master","no","no","male"
"no","yes",54,"some college","no","no","female"
"no","yes",45,"hs","no","no","male"
"yes","yes",40,"some college","no","no","male"
"yes","no",33,"hs","no","no","female"
"no","no",22,"some college","no","no","female"
"no","yes",50,"college","no","no","male"
"no","yes",20,"hs","no","no","male"
"no","no",33,"some college","no","no","female"
"yes","no",36,"hs","no","no","female"
"yes","yes",36,"hs","no","no","male"
"no","yes",36,"some college","no","no","female"
"no","yes",51,"master","no","no","female"
"yes","yes",44,"master","no","no","female"
"yes","yes",21,"some college","no","no","female"
"no","yes",48,"hs","no","no","female"
"yes","yes",38,"hs","no","no","male"
"yes","yes",37,"some college","no","no","male"
"yes","no",30,"hs","no","no","female"
"no","no",43,"some college","no","no","male"
"no","no",44,"some college","no","no","female"
"yes","no",22,"some college","no","no","female"
"yes","yes",22,"some college","no","no","male"
"no","yes",25,"hs","no","no","female"
"no","no",45,"college","no","no","female"
"no","no",52,"hs","no","no","male"
"yes","yes",19,"hs","no","no","female"
"yes","no",30,"hs","no","no","male"
"no","yes",30,"some college","no","no","female"
"no","no",49,"master","no","no","male"
"no","no",66,"hs drop out","no","no","female"
"no","no",20,"some college","no","no","female"
"no","yes",52,"hs","no","no","female"
"yes","yes",24,"hs drop out","no","no","male"
"yes","yes",22,"hs","no","no","female"
"yes","no",28,"college","no","no","male"
"no","no",57,"hs drop out","no","no","male"
"yes","yes",53,"hs drop out","no","no","female"
"no","yes",21,"hs","no","no","female"
"no","no",58,"some college","no","no","female"
"no","no",32,"hs","no","no","female"
"yes","no",55,"hs","no","no","female"
"no","yes",37,"master","no","no","female"
"yes","no",43,"some college","no","no","male"
"no","no",40,"hs","no","no","female"
"yes","yes",31,"hs","no","no","male"
"yes","no",26,"hs","no","no","female"
"yes","yes",19,"hs drop out","no","no","male"
"yes","no",29,"some college","no","no","male"
"no","no",45,"hs","no","no","male"
"yes","no",43,"hs","no","no","female"
"no","no",43,"hs","no","no","female"
"no","no",45,"hs","no","no","male"
"no","yes",45,"master","no","no","female"
"no","no",51,"hs","no","no","female"
"yes","no",34,"hs","no","no","male"
"no","yes",44,"hs drop out","no","no","male"
"yes","no",40,"hs drop out","no","no","female"
"yes","no",27,"hs","no","no","male"
"no","yes",25,"hs","no","no","male"
"no","yes",37,"college","no","no","male"
"no","no",46,"some college","no","no","female"
"no","no",21,"some college","no","no","female"
"no","no",44,"hs","no","no","female"
"no","no",20,"some college","no","no","female"
"no","yes",64,"hs","no","no","female"
"no","no",51,"some college","no","no","female"
"no","yes",53,"college","no","no","female"
"no","yes",45,"hs","no","no","female"
"no","yes",20,"hs","no","no","female"
"no","no",55,"some college","no","no","male"
"no","yes",49,"college","no","no","female"
"no","no",21,"some college","no","no","male"
"yes","yes",46,"hs","no","no","male"
"yes","yes",34,"hs","no","no","female"
"no","yes",40,"hs","no","no","male"
"no","yes",33,"hs","no","no","female"
"yes","no",48,"hs drop out","no","no","male"
"yes","no",42,"hs drop out","no","no","female"
"no","no",35,"hs drop out","no","no","male"
"no","yes",31,"some college","no","no","female"
"no","yes",43,"some college","no","no","male"
"no","yes",41,"some college","no","no","female"
"no","no",45,"hs","no","no","male"
"no","no",38,"hs","no","no","female"
"no","no",42,"hs","no","no","female"
"no","yes",48,"some college","no","no","female"
"no","yes",23,"some college","no","no","female"
"yes","no",73,"hs","no","no","male"
"yes","yes",56,"hs","no","no","male"
"no","yes",42,"hs","no","no","female"
"no","no",22,"some college","no","no","female"
"no","no",32,"hs drop out","no","yes","male"
"no","no",31,"hs","no","no","female"
"no","yes",39,"some college","no","no","female"
"yes","no",27,"hs","no","no","female"
"yes","no",49,"hs","no","no","female"
"no","yes",47,"college","no","no","male"
"no","yes",46,"college","no","no","female"
"no","yes",46,"hs","no","no","male"
"no","yes",45,"hs","no","no","female"
"no","yes",43,"master","no","no","female"
"no","yes",60,"some college","no","no","female"
"no","yes",55,"hs","no","no","female"
"no","yes",18,"some college","no","no","female"
"yes","no",29,"some college","no","no","male"
"no","yes",51,"hs","no","no","female"
"no","no",25,"some college","no","no","male"
"no","yes",27,"college","no","no","male"
"yes","no",24,"some college","no","no","female"
"no","yes",37,"some college","no","no","male"
"no","yes",40,"some college","no","no","female"
"no","yes",27,"college","no","no","female"
"no","no",69,"hs","no","no","male"
"no","no",24,"college","no","no","male"
"no","yes",53,"hs","no","no","female"
"no","no",59,"hs drop out","no","no","male"
"no","yes",59,"hs","no","no","female"
"no","yes",20,"some college","no","no","female"
"no","yes",22,"hs","no","no","male"
"yes","no",22,"hs","no","no","male"
"no","yes",36,"master","no","no","male"
"no","yes",49,"some college","no","no","female"
"yes","yes",33,"some college","no","no","male"
"no","yes",37,"hs","no","no","female"
"yes","no",41,"some college","no","no","male"
"no","no",36,"hs","no","no","female"
"no","yes",59,"some college","no","no","male"
"no","no",53,"hs","no","no","male"
"no","yes",51,"hs","no","no","female"
"no","yes",43,"college","no","no","male"
"no","no",18,"hs","no","no","male"
"no","no",39,"hs","no","no","male"
"no","yes",52,"hs drop out","no","no","female"
"yes","no",33,"hs","no","no","male"
"yes","yes",54,"hs drop out","no","no","female"
"yes","no",49,"some college","no","no","male"
"yes","no",29,"hs","no","no","female"
"no","no",51,"hs","no","no","male"
"no","yes",46,"hs","no","no","female"
"no","yes",48,"hs","no","no","male"
"yes","no",46,"hs","no","no","female"
"no","yes",19,"hs","no","no","male"
"no","no",40,"some college","no","no","male"
"no","yes",40,"college","no","no","female"
"yes","yes",34,"hs drop out","no","no","male"
"yes","yes",27,"some college","no","no","female"
"no","yes",31,"some college","no","no","female"
"no","yes",60,"hs","no","no","male"
"no","yes",43,"hs","no","no","female"
"no","no",20,"some college","no","no","male"
"no","no",30,"hs","no","no","female"
"no","yes",33,"some college","no","no","female"
"yes","yes",28,"some college","no","no","female"
"yes","yes",61,"master","no","no","male"
"yes","no",41,"hs","no","no","female"
"no","no",64,"hs","no","no","female"
"no","no",39,"college","no","no","male"
"no","no",44,"hs","no","no","female"
"no","yes",40,"hs","no","no","female"
"yes","no",28,"college","no","no","male"
"yes","yes",40,"hs","no","no","male"
"yes","yes",33,"hs","no","no","female"
"no","yes",27,"hs","no","no","male"
"yes","yes",28,"hs","no","no","female"
"no","no",32,"some college","no","no","female"
"no","yes",22,"some college","no","no","male"
"no","no",21,"some college","no","no","male"
"no","no",21,"some college","no","no","male"
"no","no",40,"some college","no","no","male"
"no","no",40,"hs","yes","no","male"
"no","no",38,"hs","no","no","male"
"yes","no",35,"hs drop out","no","no","female"
"yes","yes",38,"college","no","no","male"
"yes","no",19,"some college","no","no","female"
"no","no",34,"hs","no","no","female"
"no","yes",59,"master","no","no","female"
"no","no",32,"college","no","no","female"
"yes","no",55,"some college","no","no","male"
"no","no",41,"hs","no","no","female"
"yes","no",42,"college","no","no","male"
"no","no",33,"some college","no","no","male"
"yes","no",47,"hs","no","no","female"
"no","no",29,"hs","no","no","female"
"yes","yes",26,"hs","no","no","female"
"yes","no",60,"hs","no","no","female"
"no","yes",48,"hs","no","no","male"
"no","no",21,"hs","no","no","female"
"no","yes",44,"college","no","no","female"
"no","no",33,"some college","no","no","female"
"yes","no",30,"hs drop out","no","no","male"
"no","no",30,"hs","no","no","female"
"no","no",46,"hs drop out","no","no","female"
"yes","no",35,"hs","no","no","female"
"no","yes",32,"hs","no","no","female"
"yes","yes",32,"hs drop out","no","no","female"
"no","no",28,"college","no","no","male"
"yes","no",35,"some college","no","no","male"
"yes","no",37,"some college","no","no","female"
"no","yes",49,"hs drop out","no","no","female"
"no","yes",34,"hs","no","no","female"
"no","yes",44,"master","no","no","male"
"no","no",43,"college","no","no","female"
"yes","yes",61,"hs","no","no","female"
"yes","yes",26,"college","no","no","female"
"no","yes",37,"hs","no","no","female"
"yes","no",37,"hs","no","no","male"
"no","no",36,"hs","no","no","female"
"no","yes",18,"hs","no","no","female"
"no","yes",43,"hs","no","no","male"
"no","yes",42,"college","no","no","female"
"no","yes",32,"some college","no","no","female"
"no","yes",45,"master","no","no","male"
"no","no",36,"hs","no","no","male"
"no","no",31,"some college","no","no","male"
"no","yes",28,"hs","no","no","female"
"no","yes",45,"master","no","no","female"
"yes","no",74,"some college","no","no","male"
"yes","no",72,"hs","no","no","female"
"no","yes",56,"hs drop out","no","no","male"
"no","yes",47,"some college","no","no","female"
"no","yes",50,"hs","no","no","female"
"no","yes",53,"college","no","no","male"
"no","yes",28,"college","no","no","female"
"no","no",61,"master","no","no","male"
"no","no",60,"master","no","no","female"
"no","yes",50,"hs","no","no","male"
"yes","yes",48,"hs","no","no","female"
"no","yes",50,"master","no","no","male"
"yes","yes",49,"some college","no","no","female"
"no","no",36,"college","no","no","male"
"no","no",33,"some college","no","no","female"
"yes","no",33,"some college","yes","no","female"
"no","no",27,"some college","no","no","male"
"no","yes",25,"college","no","no","female"
"no","no",48,"college","no","no","male"
"no","yes",50,"some college","no","no","female"
"yes","yes",45,"some college","no","no","male"
"yes","yes",45,"hs","no","no","female"
"yes","yes",38,"some college","yes","no","female"
"yes","no",50,"some college","no","no","female"
"no","yes",21,"some college","no","no","male"
"yes","no",40,"some college","yes","no","female"
"yes","yes",68,"college","yes","no","female"
"no","yes",64,"some college","yes","no","female"
"yes","yes",26,"college","no","no","male"
"no","no",36,"master","no","no","female"
"no","yes",56,"some college","no","no","female"
"no","yes",56,"college","no","no","female"
"no","no",49,"master","yes","no","male"
"no","yes",45,"college","no","no","male"
"no","yes",43,"master","no","yes","female"
"yes","yes",49,"some college","no","no","male"
"no","yes",52,"master","no","no","male"
"no","yes",26,"college","no","no","female"
"no","yes",61,"hs drop out","no","no","male"
"no","no",39,"hs","no","no","female"
"no","no",48,"college","no","yes","male"
"no","no",36,"hs","yes","no","male"
"yes","yes",39,"hs drop out","no","yes","male"
"yes","no",20,"hs","no","no","female"
"yes","no",59,"hs","no","no","female"
"no","no",33,"hs","no","no","female"
"no","no",27,"college","no","no","male"
"no","yes",29,"master","no","no","male"
"no","no",25,"college","no","no","female"
"no","yes",31,"hs","no","no","male"
"no","no",45,"hs drop out","no","no","female"
"no","no",23,"college","no","no","male"
"no","yes",20,"some college","no","no","female"
"no","yes",73,"hs","no","no","female"
"no","yes",21,"hs","no","no","female"
"no","no",19,"some college","no","no","female"
"no","yes",54,"some college","no","no","female"
"no","yes",24,"some college","no","no","male"
"no","yes",60,"hs","no","no","female"
"no","yes",48,"master","no","yes","female"
"yes","yes",61,"some college","no","no","female"
"no","yes",64,"hs","no","no","female"
"no","yes",43,"some college","no","no","male"
"no","no",37,"college","no","no","female"
"no","yes",42,"some college","yes","no","female"
"yes","no",50,"some college","no","no","female"
"yes","no",45,"hs","no","no","male"
"no","yes",43,"some college","no","no","female"
"no","yes",47,"hs","yes","no","female"
"no","no",57,"some college","no","no","male"
"no","no",40,"some college","no","no","female"
"no","yes",46,"master","no","no","female"
"no","yes",35,"college","no","yes","female"
"yes","no",30,"some college","no","no","male"
"yes","yes",47,"hs drop out","no","yes","male"
"no","yes",49,"some college","no","no","female"
"yes","no",38,"some college","no","no","female"
"no","no",48,"hs drop out","no","yes","male"
"no","no",43,"hs drop out","no","no","female"
"yes","no",54,"hs drop out","no","no","male"
"no","no",50,"hs","no","no","female"
"no","no",53,"some college","no","no","female"
"no","no",52,"hs","no","no","male"
"no","no",43,"hs","no","no","female"
"no","yes",53,"some college","no","no","male"
"yes","no",31,"hs","yes","no","male"
"yes","no",66,"hs drop out","yes","no","male"
"no","yes",51,"hs drop out","yes","no","male"
"yes","yes",44,"some college","no","no","male"
"no","no",31,"college","no","no","male"
"no","yes",39,"master","no","no","female"
"no","no",21,"hs drop out","no","no","male"
"no","no",73,"hs","no","no","female"
"no","yes",29,"master","yes","no","male"
"no","no",26,"college","yes","no","male"
"no","no",26,"hs","no","yes","male"
"no","yes",27,"master","no","no","male"
"no","yes",37,"hs drop out","no","yes","female"
"yes","no",24,"hs","yes","no","female"
"no","no",44,"hs drop out","no","yes","male"
"no","yes",35,"some college","no","no","female"
"no","no",28,"some college","no","no","male"
"no","yes",33,"some college","no","no","female"
"yes","no",37,"some college","no","no","male"
"no","yes",39,"some college","no","no","female"
"no","yes",20,"hs","no","no","female"
"no","yes",51,"hs","no","no","male"
"yes","no",26,"hs drop out","no","no","male"
"no","yes",37,"college","no","no","male"
"no","yes",37,"some college","no","no","female"
"no","yes",28,"master","no","no","female"
"no","no",63,"college","no","no","female"
"no","no",37,"hs","no","no","male"
"no","yes",22,"college","no","no","male"
"no","yes",51,"hs","no","no","female"
"no","yes",24,"some college","no","no","female"
"no","no",34,"some college","no","no","female"
"no","yes",32,"college","no","no","male"
"no","yes",69,"hs drop out","no","no","female"
"no","no",40,"some college","no","no","female"
"no","yes",45,"hs drop out","no","yes","male"
"no","yes",26,"some college","no","no","female"
"yes","yes",24,"some college","no","no","male"
"yes","yes",27,"college","no","no","female"
"no","yes",35,"master","no","no","male"
"yes","no",54,"hs","no","no","female"
"yes","yes",49,"some college","no","no","female"
"yes","no",37,"master","no","no","female"
"yes","yes",53,"hs","no","no","female"
"yes","yes",20,"some college","no","no","female"
"no","yes",23,"hs","no","no","female"
"yes","yes",49,"hs","no","no","female"
"no","no",61,"hs drop out","no","yes","female"
"no","yes",35,"some college","no","no","male"
"yes","no",47,"hs drop out","no","no","female"
"no","yes",40,"some college","no","no","female"
"no","yes",20,"some college","no","no","female"
"no","yes",40,"some college","no","no","female"
"no","yes",55,"college","no","no","male"
"no","yes",54,"college","no","no","male"
"no","no",51,"hs drop out","yes","no","female"
"no","no",24,"hs","yes","no","female"
"yes","yes",73,"hs drop out","no","no","female"
"no","no",28,"hs","no","no","female"
"no","no",46,"hs","no","yes","male"
"no","no",24,"hs","no","no","male"
"no","yes",26,"hs","no","no","female"
"no","no",44,"hs","yes","no","male"
"yes","yes",35,"some college","yes","no","female"
"no","yes",26,"some college","no","yes","male"
"no","no",52,"master","no","no","female"
"no","yes",55,"master","no","no","male"
"no","no",21,"some college","no","no","female"
"yes","yes",48,"college","no","no","female"
"no","yes",65,"hs","yes","no","female"
"no","no",27,"college","no","yes","female"
"yes","no",58,"hs drop out","no","no","female"
"yes","yes",38,"hs","yes","no","male"
"yes","no",29,"master","no","no","female"
"no","yes",29,"hs drop out","no","yes","male"
"no","no",52,"hs","no","no","male"
"yes","yes",50,"hs","no","no","female"
"no","no",68,"hs","no","no","male"
"no","no",22,"some college","no","no","male"
"no","yes",57,"college","no","no","female"
"no","yes",31,"college","no","no","male"
"no","no",24,"college","no","no","female"
"no","no",26,"college","no","no","male"
"yes","yes",37,"some college","no","no","male"
"no","no",49,"some college","no","no","female"
"yes","yes",39,"hs drop out","yes","no","female"
"no","no",32,"college","no","no","male"
"no","no",30,"college","no","yes","female"
"yes","no",23,"hs drop out","no","yes","male"
"yes","no",47,"hs drop out","no","yes","female"
"no","no",21,"hs drop out","no","yes","female"
"no","no",54,"some college","no","yes","male"
"yes","yes",39,"some college","yes","no","female"
"no","yes",28,"master","no","no","female"
"yes","no",28,"hs","no","no","male"
"yes","yes",35,"college","no","no","female"
"no","yes",35,"college","yes","no","male"
"no","no",33,"some college","no","no","male"
"yes","no",38,"college","no","no","male"
"yes","yes",39,"master","no","no","male"
"no","yes",40,"master","no","no","female"
"no","yes",31,"college","no","no","female"
"yes","no",30,"hs drop out","no","no","male"
"no","no",43,"hs","no","no","female"
"no","no",34,"college","no","no","male"
"no","no",35,"master","no","no","male"
"no","no",35,"master","no","no","female"
"yes","yes",31,"hs","no","yes","male"
"no","yes",30,"some college","no","yes","female"
"yes","yes",37,"some college","no","no","female"
"yes","yes",41,"some college","no","no","female"
"no","no",35,"hs","no","no","female"
"no","yes",52,"some college","yes","no","female"
"no","yes",25,"college","yes","no","male"
"no","yes",24,"some college","yes","no","female"
"yes","yes",42,"master","yes","no","female"
"yes","yes",44,"some college","no","no","male"
"no","no",24,"some college","yes","no","female"
"no","no",22,"hs","no","no","female"
"no","no",44,"college","no","no","male"
"no","yes",44,"hs","no","no","female"
"no","yes",51,"college","no","no","female"
"yes","yes",50,"some college","yes","no","male"
"no","yes",36,"hs","yes","no","female"
"no","yes",29,"college","no","no","female"
"no","no",38,"college","no","no","female"
"no","no",33,"some college","yes","no","male"
"no","yes",63,"some college","no","no","female"
"no","yes",52,"some college","no","no","male"
"yes","no",50,"hs","no","no","female"
"no","no",43,"college","no","no","male"
"no","no",20,"some college","no","no","female"
"no","no",18,"some college","no","no","male"
"no","yes",40,"college","no","no","female"
"yes","yes",46,"hs","no","no","female"
"no","no",30,"some college","no","no","male"
"no","yes",36,"college","no","no","male"
"no","no",32,"college","no","no","male"
"no","yes",66,"some college","no","no","female"
"yes","yes",45,"college","no","no","male"
"yes","yes",19,"hs drop out","no","no","male"
"no","yes",41,"some college","yes","no","female"
"no","yes",43,"some college","yes","no","male"
"no","yes",24,"college","yes","no","female"
"no","yes",23,"college","no","no","female"
"no","no",44,"hs drop out","no","yes","male"
"no","yes",34,"hs drop out","no","yes","female"
"no","yes",41,"some college","no","no","female"
"yes","no",18,"hs drop out","no","no","male"
"yes","yes",18,"hs drop out","no","no","female"
"no","no",30,"hs","no","no","male"
"no","no",24,"some college","no","yes","female"
"yes","no",40,"hs","no","no","male"
"no","no",37,"some college","no","no","female"
"no","yes",24,"college","no","no","female"
"no","yes",25,"college","no","no","female"
"yes","no",26,"some college","no","no","male"
"no","yes",31,"college","no","no","male"
"no","no",34,"some college","no","no","female"
"no","yes",32,"some college","no","no","female"
"no","yes",49,"college","no","no","male"
"no","yes",45,"college","no","no","female"
"no","yes",55,"college","no","no","female"
"no","yes",25,"some college","no","no","female"
"no","yes",51,"some college","no","no","male"
"yes","yes",26,"hs","no","no","female"
"no","no",28,"hs","no","no","male"
"no","yes",74,"hs","no","no","male"
"yes","yes",62,"hs","no","no","female"
"no","yes",74,"college","no","no","male"
"no","yes",39,"college","no","no","female"
"no","no",42,"hs","no","no","male"
"no","yes",48,"master","no","no","female"
"no","yes",48,"college","no","no","female"
"no","no",41,"some college","no","no","female"
"no","yes",42,"master","no","no","male"
"no","no",39,"college","no","no","female"
"no","yes",28,"some college","yes","no","female"
"no","no",44,"some college","no","no","female"
"no","no",27,"some college","no","no","female"
"no","no",35,"college","no","no","male"
"no","no",32,"master","no","no","female"
"yes","no",59,"hs drop out","yes","no","female"
"no","yes",45,"college","no","no","female"
"no","yes",44,"some college","no","no","male"
"no","yes",44,"college","yes","no","male"
"yes","no",42,"hs","no","yes","male"
"no","no",30,"hs drop out","no","yes","female"
"yes","no",36,"hs","no","no","male"
"yes","yes",37,"hs","no","no","female"
"no","yes",45,"some college","no","no","male"
"no","yes",43,"some college","no","no","female"
"yes","yes",45,"master","no","no","male"
"no","yes",48,"hs","yes","no","female"
"no","yes",24,"some college","no","no","female"
"no","yes",20,"hs","no","no","female"
"no","yes",59,"hs","yes","no","female"
"no","yes",44,"college","no","no","male"
"no","no",41,"some college","no","no","female"
"no","no",32,"some college","no","no","male"
"no","yes",30,"some college","no","no","male"
"no","yes",42,"some college","no","no","female"
"no","yes",34,"master","no","no","female"
"yes","no",32,"some college","yes","no","female"
"no","no",30,"hs drop out","no","yes","male"
"no","no",27,"some college","no","no","male"
"yes","no",60,"hs","no","no","female"
"no","yes",31,"some college","yes","no","male"
"no","no",81,"hs drop out","yes","no","male"
"no","yes",37,"hs","yes","no","male"
"no","yes",40,"some college","no","no","female"
"no","no",39,"hs","no","no","male"
"yes","no",27,"some college","no","no","female"
"no","no",32,"hs drop out","no","no","male"
"no","no",36,"college","yes","no","female"
"no","no",34,"hs","no","no","female"
"no","yes",43,"college","no","no","male"
"no","no",35,"college","no","no","female"
"no","no",80,"hs drop out","no","no","male"
"no","yes",27,"college","no","no","male"
"no","yes",58,"college","no","no","male"
"no","yes",30,"college","no","no","female"
"no","yes",30,"college","no","no","male"
"yes","yes",39,"hs","no","no","male"
"yes","yes",50,"some college","no","no","male"
"no","yes",46,"college","yes","no","female"
"no","yes",33,"hs drop out","no","yes","male"
"no","yes",36,"hs","yes","no","male"
"yes","yes",39,"some college","no","no","female"
"yes","yes",40,"college","no","no","male"
"yes","yes",38,"some college","no","no","female"
"yes","no",45,"some college","no","no","male"
"yes","no",45,"hs","no","no","female"
"no","no",54,"hs","no","no","female"
"yes","no",45,"some college","no","no","female"
"yes","no",23,"hs","no","no","female"
"no","no",28,"college","no","no","male"
"yes","no",30,"hs","no","no","male"
"no","yes",55,"college","no","no","male"
"no","yes",24,"college","no","no","male"
"no","yes",31,"hs","no","no","female"
"no","no",53,"some college","no","no","female"
"no","yes",50,"hs drop out","no","yes","male"
"yes","yes",33,"some college","no","no","male"
"no","yes",44,"college","no","no","male"
"no","yes",45,"college","yes","no","female"
"yes","no",38,"hs","no","no","female"
"no","yes",49,"college","no","no","male"
"no","yes",47,"college","no","no","female"
"no","yes",39,"college","no","no","female"
"no","yes",53,"college","no","no","male"
"no","yes",38,"master","no","no","male"
"no","no",39,"college","no","no","female"
"no","yes",56,"master","no","no","male"
"no","yes",28,"hs","no","no","female"
"no","yes",67,"hs drop out","no","no","female"
"no","no",52,"hs","no","no","male"
"no","yes",50,"hs","no","no","female"
"no","yes",24,"some college","no","no","male"
"no","yes",45,"master","no","no","male"
"yes","yes",28,"college","no","no","male"
"no","no",38,"hs","no","no","male"
"no","yes",39,"college","yes","no","male"
"no","no",35,"master","no","no","male"
"no","yes",35,"hs","no","no","male"
"no","yes",64,"hs drop out","no","no","male"
"yes","no",38,"hs","no","no","female"
"no","no",27,"college","no","no","male"
"no","no",26,"hs","no","no","male"
"no","yes",25,"some college","no","no","female"
"no","yes",21,"hs","no","no","male"
"no","yes",48,"hs","no","no","female"
"yes","yes",31,"college","no","no","female"
"yes","yes",33,"college","no","no","male"
"no","no",25,"hs drop out","no","no","male"
"yes","yes",54,"some college","no","no","male"
"no","yes",29,"some college","no","no","female"
"no","yes",32,"college","no","no","female"
"yes","no",49,"hs","no","no","female"
"no","no",29,"some college","no","yes","female"
"no","no",41,"hs drop out","no","yes","male"
"no","no",39,"some college","no","yes","female"
"no","yes",18,"hs","no","yes","male"
"yes","no",34,"hs","yes","no","female"
"no","yes",52,"some college","yes","no","female"
"no","yes",21,"some college","yes","no","female"
"no","yes",44,"college","no","no","male"
"no","yes",41,"college","no","no","female"
"no","no",34,"some college","no","no","male"
"no","no",30,"college","no","no","female"
"no","no",22,"some college","no","no","male"
"no","no",20,"some college","no","no","female"
"no","yes",41,"some college","no","no","female"
"no","no",51,"hs drop out","yes","no","female"
"no","yes",46,"master","no","no","female"
"no","yes",44,"college","no","no","female"
"no","yes",42,"college","no","no","female"
"yes","yes",41,"hs","no","no","male"
"yes","yes",26,"some college","no","no","female"
"no","yes",52,"master","no","no","male"
"yes","yes",47,"some college","no","no","female"
"no","no",34,"some college","no","no","male"
"no","yes",64,"hs","no","no","male"
"no","no",40,"some college","no","no","male"
"no","no",34,"some college","no","no","female"
"yes","yes",29,"some college","no","no","male"
"no","yes",27,"master","no","no","female"
"no","yes",45,"some college","no","no","female"
"yes","no",47,"hs","no","no","male"
"no","yes",24,"hs","no","no","female"
"no","yes",25,"hs","no","no","male"
"no","no",60,"college","no","no","male"
"no","yes",44,"hs","no","yes","male"
"no","no",32,"college","no","no","male"
"no","no",44,"some college","no","yes","female"
"yes","no",42,"hs drop out","no","yes","male"
"no","no",40,"hs","no","no","male"
"no","yes",58,"hs drop out","yes","no","male"
"no","no",47,"hs","yes","no","male"
"yes","no",43,"some college","no","no","female"
"no","no",49,"hs drop out","yes","no","female"
"no","yes",26,"some college","no","no","male"
"yes","yes",31,"some college","no","no","female"
"no","yes",51,"college","no","no","female"
"yes","no",18,"hs drop out","no","no","male"
"no","yes",27,"college","no","no","female"
"no","yes",27,"hs","no","no","female"
"no","yes",36,"hs","no","yes","female"
"no","yes",49,"hs","no","no","female"
"no","no",27,"some college","no","no","male"
"no","yes",62,"some college","yes","no","female"
"yes","no",54,"some college","no","no","male"
"no","yes",50,"some college","no","no","female"
"no","no",44,"master","no","no","male"
"no","yes",44,"hs","no","no","female"
"no","no",42,"some college","no","no","male"
"no","yes",27,"some college","no","no","female"
"yes","yes",39,"college","no","no","male"
"yes","no",51,"some college","no","no","female"
"no","no",41,"hs","yes","no","female"
"no","no",28,"hs","no","yes","female"
"no","yes",37,"master","no","no","male"
"no","no",37,"college","no","no","female"
"no","yes",42,"hs","yes","no","female"
"no","no",25,"hs","yes","no","female"
"yes","yes",47,"hs drop out","no","no","female"
"yes","yes",23,"hs drop out","no","no","female"
"yes","yes",33,"hs","no","no","female"
"no","yes",34,"college","no","no","female"
"no","yes",47,"hs","no","no","male"
"no","yes",42,"college","no","no","male"
"no","yes",41,"some college","no","no","female"
"no","yes",56,"master","no","no","male"
"no","yes",46,"master","no","no","female"
"no","no",31,"some college","no","no","male"
"no","yes",32,"some college","no","no","female"
"no","no",73,"some college","no","no","female"
"no","no",30,"hs","no","yes","male"
"no","yes",30,"college","yes","no","female"
"no","yes",30,"college","no","no","female"
"no","no",60,"some college","yes","no","male"
"no","yes",41,"college","no","no","female"
"no","yes",40,"college","no","no","male"
"yes","yes",37,"hs","no","no","male"
"no","yes",22,"college","no","no","female"
"no","no",22,"hs","no","no","male"
"no","no",46,"some college","no","yes","male"
"no","no",50,"some college","no","no","male"
"yes","no",33,"hs","no","no","male"
"no","no",39,"hs","no","no","male"
"no","yes",22,"some college","no","yes","male"
"no","yes",38,"hs","no","yes","female"
"yes","yes",19,"hs drop out","no","yes","male"
"no","no",38,"some college","no","no","female"
"no","yes",28,"some college","no","no","female"
"yes","no",25,"hs","no","no","male"
"no","no",24,"hs","no","no","female"
"no","yes",27,"college","no","no","male"
"no","yes",26,"college","no","no","female"
"no","yes",33,"master","no","no","male"
"no","yes",56,"hs","no","no","female"
"yes","yes",30,"hs","no","no","female"
"yes","yes",38,"college","no","no","female"
"no","yes",33,"some college","no","no","female"
"yes","no",54,"hs","no","no","female"
"no","no",35,"college","no","no","female"
"yes","yes",34,"master","no","no","male"
"yes","no",27,"hs","no","no","male"
"no","yes",38,"some college","no","no","female"
"no","yes",70,"hs","no","no","female"
"no","no",54,"hs drop out","no","yes","male"
"yes","no",53,"hs drop out","no","yes","female"
"no","yes",34,"hs","no","no","male"
"no","yes",41,"hs","no","no","female"
"no","yes",24,"college","no","no","female"
"yes","no",31,"college","yes","no","male"
"yes","no",22,"hs drop out","no","yes","male"
"yes","no",25,"hs drop out","no","yes","male"
"yes","no",22,"hs drop out","no","yes","male"
"yes","no",22,"hs drop out","no","yes","female"
"no","yes",28,"some college","no","no","female"
"no","no",49,"hs","no","no","female"
"no","no",57,"master","no","no","male"
"no","no",54,"hs","no","no","female"
"no","no",23,"some college","no","no","female"
"yes","yes",32,"hs","no","no","female"
"no","yes",26,"college","no","no","male"
"no","yes",57,"master","no","no","female"
"yes","no",33,"hs","no","yes","male"
"no","no",53,"hs","no","no","female"
"no","no",28,"some college","no","no","male"
"no","no",32,"master","no","no","male"
"no","no",26,"college","no","yes","female"
"no","yes",24,"hs drop out","no","no","male"
"no","yes",52,"hs drop out","no","yes","female"
"no","yes",26,"college","no","yes","female"
"no","yes",22,"some college","no","yes","female"
"no","yes",19,"some college","no","yes","female"
"no","yes",30,"some college","no","no","male"
"yes","yes",24,"hs drop out","yes","no","female"
"no","yes",40,"some college","no","yes","male"
"no","yes",35,"hs","no","no","female"
"no","no",55,"hs","no","no","male"
"yes","no",26,"hs","no","no","female"
"yes","no",20,"some college","no","no","male"
"no","yes",54,"master","no","no","male"
"no","yes",54,"hs","no","no","female"
"no","yes",40,"college","no","no","female"
"no","yes",30,"college","yes","no","male"
"yes","yes",42,"some college","no","no","female"
"yes","no",20,"hs","no","no","male"
"no","no",31,"hs","no","no","female"
"no","no",65,"college","no","no","female"
"no","no",53,"some college","no","no","female"
"yes","no",31,"hs drop out","no","no","female"
"no","yes",32,"some college","no","no","male"
"no","no",36,"college","no","yes","female"
"yes","no",34,"some college","no","no","male"
"no","yes",30,"some college","no","no","female"
"no","yes",29,"master","no","no","female"
"no","yes",41,"hs","yes","no","female"
"yes","yes",30,"college","no","no","male"
"no","yes",57,"some college","no","no","female"
"no","yes",31,"some college","no","no","female"
"yes","yes",34,"college","no","no","male"
"no","yes",19,"some college","no","no","male"
"no","yes",53,"college","no","no","female"
"no","yes",27,"college","no","no","female"
"no","yes",26,"college","no","no","female"
"yes","no",46,"some college","no","yes","female"
"no","no",39,"hs","no","no","female"
"no","no",80,"hs drop out","yes","no","female"
"yes","no",29,"college","yes","no","female"
"yes","no",26,"college","yes","no","female"
"yes","no",28,"some college","yes","no","male"
"no","no",48,"hs","no","no","female"
"no","yes",20,"hs","no","no","male"
"no","no",18,"hs","no","yes","male"
"no","yes",27,"college","no","no","female"
"no","yes",50,"hs","no","no","female"
"yes","yes",48,"college","no","no","female"
"no","no",36,"some college","no","no","male"
"yes","no",32,"some college","no","no","male"
"no","yes",34,"some college","no","no","female"
"yes","yes",42,"some college","yes","no","female"
"yes","no",41,"hs","no","no","female"
"yes","yes",42,"some college","no","no","male"
"no","no",50,"hs","no","no","female"
"yes","yes",30,"hs","no","no","female"
"no","yes",30,"hs","no","no","female"
"no","yes",24,"college","no","no","male"
"no","no",48,"some college","no","no","male"
"no","no",49,"some college","no","no","female"
"no","yes",59,"hs drop out","no","no","female"
"no","yes",62,"hs drop out","no","no","male"
"yes","no",20,"some college","no","no","male"
"yes","no",20,"some college","no","no","female"
"no","yes",28,"college","no","no","male"
"no","yes",30,"hs","yes","no","female"
"no","no",24,"hs drop out","no","yes","male"
"no","no",24,"college","no","no","male"
"yes","yes",43,"some college","no","no","female"
"yes","no",24,"some college","no","no","female"
"no","no",30,"hs","no","no","female"
"no","yes",30,"hs","no","no","male"
"no","yes",51,"college","no","no","male"
"no","no",51,"hs","no","no","female"
"no","yes",32,"hs","yes","no","female"
"no","no",27,"some college","yes","no","male"
"yes","no",42,"hs","no","no","female"
"no","yes",23,"college","no","no","female"
"no","no",55,"hs drop out","yes","no","female"
"yes","yes",25,"college","no","no","female"
"no","no",29,"college","no","no","male"
"no","yes",36,"college","yes","no","male"
"no","yes",35,"college","yes","no","female"
"no","yes",65,"some college","no","no","female"
"no","no",59,"college","no","no","female"
"yes","no",32,"college","no","no","male"
"no","yes",61,"master","no","no","male"
"yes","yes",42,"some college","no","no","male"
"no","yes",42,"hs","no","no","female"
"no","no",50,"some college","no","no","male"
"no","yes",41,"master","no","no","female"
"no","yes",51,"some college","yes","no","female"
"no","yes",34,"master","no","no","male"
"no","yes",32,"college","no","no","female"
"yes","no",57,"some college","no","no","male"
"yes","yes",64,"hs drop out","yes","no","female"
"no","yes",29,"college","no","no","male"
"no","no",63,"hs","no","no","female"
"no","no",45,"hs drop out","no","yes","female"
"no","yes",30,"college","no","no","female"
"no","no",27,"some college","no","no","male"
"no","yes",29,"some college","no","yes","female"
"yes","no",73,"some college","yes","no","male"
"yes","yes",24,"college","no","no","male"
"no","yes",54,"master","no","no","female"
"yes","yes",28,"college","no","no","male"
"no","yes",39,"college","no","no","male"
"yes","yes",20,"some college","no","no","female"
"no","yes",61,"college","no","no","male"
"no","yes",36,"college","no","no","female"
"yes","yes",29,"hs drop out","no","yes","male"
"no","no",29,"hs","no","yes","male"
"no","no",26,"college","no","no","female"
"no","no",30,"hs","no","yes","male"
"yes","yes",45,"hs","yes","no","female"
"no","yes",22,"some college","yes","no","female"
"no","yes",18,"hs","yes","no","female"
"yes","yes",45,"hs","no","yes","male"
"yes","yes",52,"hs drop out","yes","no","female"
"yes","no",30,"hs drop out","yes","no","male"
"no","yes",45,"hs drop out","no","yes","female"
"no","yes",62,"some college","yes","no","female"
"no","yes",58,"some college","yes","no","male"
"no","no",42,"master","no","no","male"
"no","yes",37,"college","no","no","female"
"yes","no",39,"hs drop out","no","yes","male"
"no","yes",49,"some college","yes","no","female"
"no","yes",37,"master","no","no","male"
"no","yes",65,"some college","no","no","male"
"no","yes",59,"master","no","no","female"
"yes","no",33,"some college","no","no","male"
"no","yes",45,"some college","yes","no","male"
"no","yes",50,"college","yes","no","male"
"no","no",49,"college","yes","no","female"
"no","yes",37,"master","no","no","male"
"yes","no",28,"master","no","no","female"
"yes","yes",30,"college","no","no","male"
"no","yes",54,"hs","no","no","female"
"yes","no",35,"college","no","no","female"
"no","yes",35,"college","no","no","male"
"no","no",38,"hs drop out","no","yes","female"
"yes","no",24,"some college","no","no","male"
"no","no",54,"hs","no","no","male"
"no","yes",52,"college","yes","no","male"
"no","yes",42,"college","no","no","female"
"no","no",43,"hs","no","no","male"
"no","yes",20,"hs","no","no","male"
"yes","no",53,"master","no","no","female"
"yes","no",25,"master","no","no","male"
"no","no",32,"some college","yes","no","male"
"no","no",32,"hs","no","yes","female"
"no","no",56,"hs","yes","no","female"
"no","yes",27,"some college","yes","no","female"
"no","yes",46,"college","no","no","male"
"no","no",50,"hs","no","no","male"
"no","yes",47,"college","no","no","male"
"yes","yes",47,"hs","no","no","female"
"no","yes",33,"master","yes","no","male"
"no","no",37,"hs","no","yes","male"
"yes","no",36,"master","no","no","female"
"no","no",26,"master","no","no","male"
"no","no",43,"hs drop out","yes","no","female"
"no","no",54,"college","yes","no","female"
"no","yes",19,"hs drop out","no","yes","female"
"no","yes",27,"college","no","no","female"
"no","yes",41,"some college","no","no","male"
"no","no",24,"hs","no","no","female"
"no","yes",58,"some college","no","no","female"
"no","yes",67,"some college","no","no","female"
"no","yes",35,"some college","no","no","male"
"no","yes",35,"some college","no","no","female"
"no","no",34,"some college","no","no","female"
"no","yes",60,"college","no","no","female"
"yes","yes",63,"some college","no","yes","male"
"no","yes",24,"master","no","no","male"
"yes","yes",32,"some college","no","yes","male"
"yes","yes",25,"hs","no","yes","male"
"yes","no",35,"master","no","no","female"
"no","yes",22,"college","no","no","female"
"no","no",72,"hs","no","no","female"
"no","no",66,"hs","no","no","female"
"no","yes",33,"master","no","no","female"
"no","no",22,"some college","no","no","male"
"no","no",52,"some college","yes","no","female"
"no","yes",37,"master","no","no","male"
"no","yes",46,"hs","no","yes","male"
"yes","yes",56,"hs drop out","no","yes","male"
"no","yes",26,"college","no","no","female"
"no","yes",43,"college","no","no","female"
"no","no",27,"some college","no","yes","male"
"no","no",24,"some college","no","no","female"
"no","yes",32,"college","no","no","female"
"no","yes",55,"hs","no","yes","female"
"yes","yes",41,"hs","no","no","female"
"no","yes",25,"college","no","no","male"
"yes","yes",53,"hs","no","no","male"
"yes","no",24,"college","no","no","male"
"no","no",64,"hs","yes","no","male"
"no","no",45,"some college","yes","no","female"
"no","no",25,"hs","no","no","male"
"yes","no",25,"hs","no","yes","female"
"no","no",56,"some college","no","no","male"
"yes","yes",54,"some college","no","no","female"
"no","yes",43,"master","no","no","male"
"yes","yes",34,"hs","no","no","male"
"yes","no",34,"hs","no","no","female"
"no","yes",47,"some college","no","no","female"
"no","yes",33,"college","no","no","male"
"no","yes",34,"master","no","no","female"
"yes","no",35,"college","no","yes","female"
"no","yes",42,"hs","no","no","female"
"yes","no",39,"college","no","no","male"
"yes","no",27,"some college","no","no","female"
"yes","yes",30,"master","no","no","male"
"yes","no",27,"college","no","no","male"
"no","no",37,"college","no","no","male"
"no","yes",34,"college","no","no","female"
"no","yes",27,"college","no","no","male"
"no","yes",27,"some college","no","no","female"
"no","no",47,"master","no","no","male"
"no","yes",34,"some college","no","no","female"
"no","yes",21,"hs","no","no","male"
"no","yes",44,"college","no","no","male"
"no","no",38,"hs","no","no","female"
"no","no",27,"college","yes","no","male"
"no","yes",26,"hs","no","no","male"
"no","yes",59,"college","no","no","male"
"yes","yes",49,"college","no","no","female"
"no","yes",48,"college","no","no","female"
"no","no",64,"hs","no","no","female"
"no","yes",45,"college","no","no","female"
"no","no",30,"college","no","no","male"
"no","yes",30,"college","no","no","female"
"no","no",50,"some college","no","no","male"
"no","no",40,"hs drop out","no","yes","male"
"no","yes",42,"some college","no","yes","female"
"no","no",19,"some college","no","no","female"
"no","yes",22,"hs drop out","no","yes","female"
"no","no",42,"some college","no","no","male"
"yes","yes",22,"hs","no","no","female"
"yes","yes",26,"some college","no","no","female"
"no","yes",57,"master","no","no","female"
"no","no",35,"college","no","no","female"
"no","yes",36,"hs","no","no","female"
"yes","yes",33,"hs","no","no","male"
"no","no",31,"hs","no","no","male"
"no","no",24,"hs","no","yes","female"
"no","yes",30,"college","no","no","male"
"no","yes",31,"college","no","no","female"
"no","yes",43,"college","no","no","female"
"yes","yes",37,"some college","no","no","male"
"no","yes",52,"hs","no","no","male"
"no","yes",41,"hs","no","no","female"
"no","yes",39,"some college","no","no","male"
"no","yes",33,"some college","no","no","female"
"no","no",58,"some college","no","no","male"
"no","yes",57,"hs","no","no","female"
"no","no",43,"hs","yes","no","female"
"no","no",50,"college","no","no","male"
"no","yes",50,"hs","no","no","female"
"no","yes",56,"hs","no","no","male"
"yes","yes",30,"hs","no","no","female"
"no","no",40,"master","no","no","male"
"no","no",39,"college","no","no","female"
"no","yes",43,"college","no","no","male"
"no","yes",43,"some college","no","no","male"
"yes","yes",31,"hs","no","no","female"
"yes","yes",37,"hs","no","no","female"
"no","yes",53,"hs","no","no","female"
"yes","yes",42,"hs","no","no","male"
"no","yes",50,"college","no","no","female"
"no","yes",36,"master","no","no","male"
"no","yes",35,"master","no","no","female"
"no","no",46,"hs drop out","no","no","male"
"yes","no",41,"some college","no","no","female"
"no","yes",45,"hs","no","no","female"
"no","no",37,"some college","no","no","male"
"no","yes",24,"college","no","no","male"
"no","yes",44,"college","no","no","male"
"yes","yes",43,"hs","no","no","female"
"no","yes",35,"college","no","no","male"
"no","yes",31,"college","no","no","female"
"yes","yes",35,"some college","yes","no","male"
"no","yes",39,"some college","yes","no","female"
"no","yes",29,"college","no","no","male"
"no","no",37,"college","no","no","male"
"no","yes",41,"college","no","no","female"
"no","yes",41,"hs","no","no","female"
"no","no",41,"master","no","no","male"
"yes","yes",39,"hs","yes","no","male"
"no","no",30,"hs","no","yes","male"
"no","yes",30,"hs","no","yes","female"
"no","yes",29,"hs","no","no","female"
"no","yes",47,"hs","no","no","female"
"yes","no",22,"hs drop out","no","no","female"
"yes","yes",37,"some college","yes","no","female"
"no","no",36,"master","no","no","male"
"no","yes",35,"some college","no","no","male"
"no","no",22,"some college","yes","no","female"
"no","yes",46,"master","no","no","male"
"no","no",51,"some college","no","no","female"
"no","yes",44,"hs","no","no","female"
"no","yes",63,"master","no","no","male"
"no","yes",63,"college","no","no","female"
"no","no",33,"master","no","no","female"
"no","yes",34,"hs","no","no","female"
"no","yes",37,"some college","no","no","male"
"no","no",24,"college","no","no","male"
"no","yes",23,"some college","no","no","female"
"no","yes",57,"hs","no","no","male"
"yes","yes",54,"hs","no","no","female"
"no","no",32,"hs","no","no","female"
"yes","yes",33,"some college","no","no","female"
"yes","no",36,"hs drop out","no","no","male"
"no","yes",27,"hs","no","no","male"
"no","no",61,"some college","no","no","male"
"no","yes",47,"college","no","no","male"
"no","no",47,"college","no","no","female"
"no","no",36,"hs","no","no","female"
"yes","yes",60,"hs","no","no","male"
"no","yes",59,"college","no","no","female"
"yes","yes",49,"some college","no","no","male"
"no","yes",45,"hs drop out","yes","no","female"
"no","yes",22,"hs","yes","no","male"
"no","yes",20,"hs","yes","no","male"
"no","yes",40,"some college","no","no","female"
"no","yes",65,"college","no","no","male"
"no","yes",59,"some college","no","no","male"
"no","yes",54,"hs","no","no","female"
"no","no",24,"some college","no","no","male"
"no","no",24,"hs","no","no","female"
"no","yes",25,"college","no","no","male"
"no","no",26,"college","no","no","male"
"no","yes",45,"college","no","no","female"
"no","no",19,"some college","no","no","female"
"yes","no",34,"hs","no","no","male"
"no","yes",32,"some college","no","no","female"
"no","yes",27,"college","no","no","male"
"no","yes",60,"master","no","no","male"
"no","no",48,"college","no","no","male"
"yes","no",46,"college","no","no","female"
"no","yes",36,"hs","no","no","male"
"no","yes",42,"college","no","no","female"
"no","yes",39,"college","no","no","female"
"no","no",32,"college","no","no","male"
"no","no",31,"master","no","no","female"
"no","yes",23,"hs","yes","no","female"
"no","no",40,"some college","no","no","female"
"no","no",39,"some college","no","no","male"
"no","yes",18,"hs drop out","no","no","male"
"yes","no",24,"hs","no","no","male"
"no","no",39,"college","no","no","male"
"no","no",38,"some college","no","no","female"
"yes","no",34,"hs","yes","no","female"
"yes","no",56,"hs","yes","no","female"
"yes","no",26,"hs","no","no","male"
"yes","yes",23,"hs drop out","no","no","female"
"no","yes",27,"some college","yes","no","male"
"yes","yes",27,"hs","no","no","male"
"no","yes",31,"college","no","no","male"
"yes","no",38,"hs drop out","yes","no","female"
"no","no",35,"hs","no","no","male"
"no","no",27,"hs","no","no","female"
"no","yes",29,"some college","no","no","male"
"yes","yes",27,"college","no","no","male"
"no","yes",23,"college","no","no","male"
"no","yes",48,"some college","no","no","female"
"no","no",28,"some college","no","no","female"
"no","yes",34,"master","no","no","male"
"no","yes",25,"college","no","no","female"
"no","yes",55,"hs","no","no","female"
"no","yes",28,"college","no","no","male"
"yes","no",23,"some college","no","no","female"
"no","no",31,"master","no","no","male"
"no","yes",35,"some college","no","no","female"
"no","yes",54,"college","no","no","male"
"no","no",50,"some college","no","no","female"
"no","no",27,"hs","no","no","male"
"yes","no",56,"hs","no","no","female"
"no","yes",38,"college","no","no","male"
"no","yes",42,"college","no","no","female"
"no","no",57,"hs","no","no","female"
"yes","no",48,"some college","no","no","male"
"yes","no",43,"some college","no","no","female"
"no","no",26,"hs","no","no","male"
"no","yes",34,"college","no","no","male"
"no","yes",34,"college","no","no","female"
"no","yes",27,"hs","no","no","male"
"no","yes",45,"college","no","no","male"
"no","yes",48,"college","no","no","female"
"yes","no",39,"some college","no","no","female"
"no","no",35,"college","no","no","male"
"no","yes",49,"college","no","no","male"
"yes","yes",32,"some college","no","no","female"
"no","yes",28,"hs","no","no","female"
"no","yes",34,"college","no","no","female"
"no","yes",32,"college","no","no","male"
"no","yes",31,"college","yes","no","female"
"yes","yes",41,"college","no","no","male"
"yes","no",38,"some college","no","no","male"
"no","yes",32,"some college","no","no","female"
"no","yes",34,"hs","no","no","female"
"no","yes",38,"master","no","no","male"
"no","no",48,"hs","no","no","female"
"yes","no",35,"hs drop out","no","no","male"
"no","no",58,"master","no","no","male"
"no","yes",54,"college","no","no","female"
"yes","yes",41,"some college","no","no","male"
"no","yes",40,"some college","no","no","female"
"no","no",20,"hs","no","no","male"
"yes","yes",46,"hs drop out","no","no","female"
"no","yes",59,"master","no","no","female"
"no","no",33,"hs","no","no","male"
"no","no",43,"some college","no","no","male"
"no","yes",44,"some college","no","no","female"
"no","no",21,"some college","no","no","male"
"no","no",25,"hs","no","no","female"
"no","no",36,"college","no","no","male"
"no","no",38,"college","no","no","female"
"no","yes",49,"hs drop out","yes","no","female"
"no","yes",43,"college","no","no","female"
"no","no",58,"some college","no","no","male"
"no","yes",45,"master","no","no","male"
"no","yes",51,"master","no","no","female"
"yes","yes",35,"college","no","no","female"
"no","yes",43,"college","no","no","male"
"no","yes",46,"master","no","no","male"
"no","yes",20,"some college","no","no","male"
"no","yes",45,"college","no","no","female"
"no","yes",33,"master","no","no","female"
"yes","yes",52,"college","no","no","female"
"yes","yes",29,"hs","yes","no","male"
"no","no",52,"college","no","no","male"
"no","yes",45,"hs","no","no","female"
"no","yes",32,"college","no","no","female"
"no","no",39,"some college","no","no","female"
"no","yes",34,"hs drop out","no","yes","male"
"no","yes",29,"hs drop out","no","no","female"
"yes","yes",67,"some college","no","no","female"
"no","yes",21,"some college","no","no","female"
"no","yes",53,"hs","no","no","male"
"no","yes",46,"hs","no","no","female"
"no","yes",46,"some college","no","no","female"
"no","yes",40,"master","no","no","male"
"no","yes",42,"college","no","no","female"
"no","no",59,"college","no","no","female"
"yes","yes",30,"college","no","no","female"
"no","no",28,"college","no","no","male"
"no","no",47,"some college","no","no","female"
"no","no",54,"hs drop out","no","no","female"
"yes","yes",34,"hs","yes","no","female"
"yes","no",46,"college","no","no","male"
"yes","yes",42,"college","no","no","female"
"no","no",23,"hs","no","no","male"
"no","yes",26,"hs","no","no","male"
"no","no",20,"some college","no","no","female"
"no","yes",56,"hs drop out","no","no","male"
"no","no",32,"some college","no","no","male"
"no","yes",28,"hs","yes","no","female"
"yes","no",45,"hs","no","no","male"
"yes","no",40,"some college","no","no","male"
"yes","yes",34,"some college","yes","no","female"
"no","no",38,"hs","no","no","male"
"no","yes",60,"college","no","no","female"
"yes","yes",56,"hs","no","no","female"
"yes","no",31,"hs","no","no","female"
"yes","no",45,"hs","no","no","female"
"no","yes",50,"college","no","no","female"
"no","no",30,"some college","no","no","male"
"no","yes",24,"college","no","no","female"
"yes","yes",59,"hs","no","no","female"
"yes","yes",31,"some college","no","no","female"
"no","no",42,"college","no","no","female"
"yes","yes",47,"hs","no","no","male"
"no","yes",66,"hs","no","no","female"
"no","no",66,"hs","no","no","female"
"no","yes",44,"some college","no","no","female"
"no","yes",20,"some college","no","no","male"
"no","no",37,"college","no","no","male"
"no","yes",33,"college","no","no","female"
"yes","no",19,"some college","no","no","female"
"yes","yes",26,"college","no","no","male"
"no","yes",52,"hs","no","no","female"
"yes","yes",36,"hs","no","no","male"
"no","no",31,"hs","no","no","female"
"no","yes",52,"some college","no","no","female"
"no","no",42,"hs","no","no","male"
"yes","no",70,"hs","no","no","female"
"yes","no",36,"hs","yes","no","male"
"no","no",52,"hs drop out","no","no","female"
"yes","no",56,"hs","no","no","female"
"yes","no",61,"hs","yes","no","male"
"yes","no",41,"hs drop out","no","no","male"
"no","yes",43,"some college","no","no","female"
"yes","yes",30,"hs drop out","no","no","female"
"no","no",43,"some college","no","no","female"
"no","yes",19,"some college","no","no","male"
"yes","yes",34,"some college","no","no","female"
"no","yes",57,"hs","no","no","female"
"yes","no",30,"hs","no","no","female"
"no","no",35,"college","no","no","male"
"no","no",32,"hs","no","no","female"
"no","yes",49,"hs drop out","no","no","female"
"no","yes",22,"hs","yes","no","female"
"no","no",22,"hs","no","no","male"
"no","no",44,"college","no","no","female"
"no","yes",37,"hs","no","no","male"
"no","no",31,"hs","yes","no","female"
"no","no",36,"hs","yes","no","male"
"yes","yes",40,"some college","no","no","male"
"no","yes",39,"some college","no","no","female"
"yes","yes",36,"some college","no","no","female"
"yes","yes",46,"hs","no","no","female"
"no","yes",40,"hs","no","no","male"
"no","no",28,"some college","no","no","female"
"no","no",60,"hs","no","no","female"
"no","no",53,"master","no","no","male"
"no","yes",47,"master","no","no","female"
"yes","no",45,"hs","no","no","male"
"yes","no",42,"hs drop out","yes","no","female"
"no","no",20,"hs","no","no","female"
"no","no",42,"hs","no","no","female"
"yes","no",37,"hs","no","no","male"
"no","yes",20,"hs","no","no","female"
"yes","yes",50,"some college","no","no","female"
"no","yes",20,"some college","no","no","female"
"no","yes",31,"hs","no","no","female"
"yes","yes",25,"hs","no","no","male"
"no","no",26,"hs","no","no","female"
"no","yes",33,"college","no","no","male"
"no","yes",30,"college","no","no","female"
"no","yes",61,"hs","no","no","female"
"no","yes",45,"college","no","no","female"
"no","no",27,"college","no","no","female"
"no","yes",32,"hs","no","no","female"
"no","yes",56,"hs","no","no","male"
"no","no",39,"some college","no","no","female"
"no","yes",54,"college","no","no","female"
"no","yes",55,"master","no","no","male"
"no","no",24,"some college","no","no","female"
"yes","no",21,"hs","no","no","male"
"no","yes",18,"hs","no","no","female"
"no","no",55,"hs","no","no","male"
"yes","no",33,"some college","no","no","female"
"yes","yes",50,"master","no","no","female"
"no","no",22,"some college","no","no","female"
"no","yes",23,"some college","no","no","female"
"yes","no",21,"hs","no","no","male"
"no","no",59,"hs","no","no","male"
"no","no",41,"hs","no","no","male"
"no","no",39,"some college","no","no","female"
"yes","yes",41,"some college","no","no","female"
"no","no",42,"hs drop out","no","no","male"
"yes","no",67,"hs","no","no","male"
"yes","no",54,"some college","no","no","male"
"no","no",34,"some college","no","no","female"
"no","yes",52,"college","no","no","male"
"no","yes",40,"college","no","no","female"
"no","yes",36,"college","no","no","male"
"no","yes",31,"some college","no","no","female"
"yes","no",42,"some college","no","no","male"
"yes","yes",39,"some college","no","no","female"
"yes","no",39,"hs","no","no","male"
"no","yes",42,"college","no","no","female"
"yes","yes",45,"some college","no","no","male"
"no","yes",25,"college","no","no","male"
"no","yes",55,"some college","no","no","female"
"no","yes",47,"some college","no","no","female"
"no","yes",19,"some college","no","no","female"
"no","yes",35,"college","no","no","female"
"no","yes",44,"college","no","no","female"
"no","yes",40,"hs","no","no","female"
"yes","yes",28,"college","no","no","male"
"yes","no",64,"hs","no","no","female"
"no","yes",33,"hs","no","no","female"
"no","yes",64,"hs drop out","no","no","female"
"no","yes",66,"college","no","no","male"
"yes","no",41,"hs","no","no","female"
"no","yes",18,"hs drop out","no","no","female"
"yes","no",34,"hs","no","no","female"
"no","yes",43,"some college","no","no","female"
"yes","no",37,"college","no","no","male"
"no","yes",39,"master","no","no","female"
"yes","no",33,"some college","no","no","male"
"yes","yes",31,"some college","no","no","female"
"no","yes",27,"hs","no","no","male"
"no","no",35,"hs","no","no","female"
"no","yes",53,"hs","no","no","male"
"no","no",39,"some college","no","no","male"
"no","no",73,"hs","no","no","female"
"yes","no",36,"hs drop out","no","no","female"
"no","no",49,"hs drop out","no","no","male"
"no","yes",51,"some college","no","no","female"
"no","yes",23,"college","no","no","female"
"no","no",57,"hs drop out","no","no","male"
"no","no",48,"hs","no","no","male"
"no","yes",41,"college","no","no","female"
"no","yes",25,"college","no","no","female"
"yes","yes",23,"hs","no","no","male"
"no","yes",23,"hs","no","no","female"
"no","no",26,"some college","no","no","female"
"yes","no",42,"hs drop out","no","no","male"
"no","yes",48,"hs","no","no","female"
"no","yes",55,"hs","no","no","female"
"no","no",31,"college","no","no","male"
"yes","yes",38,"some college","yes","no","female"
"no","no",21,"some college","no","no","female"
"no","yes",49,"master","no","no","female"
"no","yes",41,"some college","no","no","female"
"no","no",27,"hs drop out","no","yes","male"
"no","yes",26,"hs","no","yes","female"
"no","yes",42,"college","no","yes","female"
"no","yes",43,"some college","no","no","male"
"no","yes",27,"some college","no","no","male"
"no","yes",24,"some college","no","no","female"
"no","no",35,"hs","no","no","female"
"no","no",32,"college","no","no","male"
"no","no",55,"hs drop out","no","no","male"
"no","yes",49,"hs drop out","no","no","female"
"no","no",44,"college","no","no","male"
"no","yes",41,"some college","no","no","female"
"no","yes",33,"some college","yes","no","female"
"no","yes",31,"hs","no","no","female"
"yes","yes",24,"hs","no","no","male"
"yes","yes",29,"some college","no","no","female"
"no","no",56,"master","no","no","male"
"no","yes",40,"master","no","no","female"
"no","no",50,"hs","no","no","male"
"yes","yes",51,"hs","no","no","female"
"no","yes",31,"college","no","no","female"
"yes","no",56,"hs","no","no","male"
"no","no",33,"some college","no","no","female"
"no","no",26,"college","no","no","male"
"no","yes",54,"hs drop out","no","no","female"
"no","no",65,"some college","no","no","female"
"no","yes",37,"college","no","no","female"
"yes","no",42,"hs","no","no","male"
"yes","no",33,"some college","no","no","female"
"no","yes",49,"hs","no","no","female"
"yes","yes",24,"some college","no","no","female"
"no","yes",32,"master","no","no","male"
"yes","yes",55,"hs drop out","no","no","female"
"no","yes",45,"hs","no","no","male"
"no","yes",47,"college","no","no","female"
"no","no",25,"hs","yes","no","female"
"no","yes",41,"hs","no","no","female"
"no","yes",29,"some college","no","no","male"
"no","yes",55,"some college","no","no","female"
"no","yes",26,"college","no","no","male"
"yes","yes",27,"some college","no","no","female"
"no","yes",60,"some college","no","no","female"
"no","no",33,"college","no","no","female"
"no","yes",59,"master","no","no","female"
"yes","yes",43,"hs","no","no","female"
"no","yes",43,"some college","no","no","female"
"yes","no",39,"some college","no","no","male"
"yes","no",32,"hs","no","no","male"
"no","no",43,"college","no","no","male"
"no","yes",38,"master","no","no","male"
"no","yes",37,"college","no","no","female"
"yes","no",23,"some college","no","no","female"
"yes","yes",44,"master","no","no","male"
"no","no",23,"some college","no","no","male"
"no","no",25,"college","no","no","male"
"no","no",25,"hs","no","no","male"
"no","yes",26,"some college","no","no","female"
"no","yes",37,"some college","no","no","female"
"yes","no",27,"hs","no","no","male"
"yes","no",27,"some college","no","no","female"
"no","yes",44,"some college","yes","no","female"
"yes","no",20,"hs","no","no","female"
"no","yes",42,"master","no","no","male"
"no","yes",38,"master","no","no","female"
"yes","no",36,"some college","no","no","male"
"yes","yes",39,"hs","no","no","female"
"no","no",25,"master","yes","no","female"
"no","yes",38,"some college","no","no","male"
"no","yes",30,"some college","no","no","female"
"yes","yes",33,"hs","no","no","female"
"yes","yes",53,"hs","no","no","male"
"no","no",40,"hs","no","no","female"
"yes","no",21,"college","no","no","male"
"yes","no",23,"some college","no","no","male"
"no","no",28,"some college","no","no","male"
"yes","yes",50,"college","no","no","female"
"yes","no",42,"some college","no","no","male"
"no","no",33,"some college","no","no","female"
"no","no",31,"hs","no","no","male"
"no","yes",34,"master","no","no","male"
"yes","no",24,"college","no","no","male"
"no","no",24,"college","no","no","female"
"no","no",21,"some college","no","no","female"
"no","no",21,"some college","no","no","male"
"no","no",59,"hs drop out","yes","no","female"
"no","no",52,"hs","yes","no","male"
"no","no",51,"master","yes","no","male"
"yes","yes",39,"college","no","no","female"
"no","yes",25,"master","no","no","female"
"no","no",30,"master","no","no","male"
"yes","no",47,"hs","no","no","male"
"no","yes",45,"hs","no","no","female"
"no","no",21,"some college","no","no","female"
"no","no",31,"master","no","no","female"
"yes","no",21,"hs","no","no","male"
"yes","no",22,"hs","no","no","male"
"no","yes",25,"college","no","no","female"
"no","yes",22,"some college","no","no","male"
"no","yes",24,"college","no","no","female"
"yes","no",40,"some college","no","no","female"
"yes","no",26,"college","no","no","female"
"yes","no",23,"some college","no","no","female"
"no","yes",33,"some college","no","no","male"
"no","no",18,"hs","no","no","female"
"no","yes",38,"hs","yes","no","male"
"no","yes",39,"some college","no","no","male"
"no","yes",34,"some college","no","no","female"
"no","yes",22,"college","no","no","female"
"yes","no",31,"some college","no","no","female"
"no","yes",52,"college","no","no","male"
"no","no",24,"some college","no","no","male"
"yes","yes",36,"hs","no","no","female"
"no","yes",54,"hs","no","no","female"
"no","yes",21,"some college","no","no","female"
"no","no",19,"some college","no","no","female"
"no","yes",30,"hs","no","no","female"
"no","no",42,"some college","no","no","female"
"no","yes",48,"hs","no","no","female"
"no","no",27,"some college","no","no","female"
"no","no",28,"hs","no","no","male"
"no","yes",31,"some college","no","no","male"
"yes","no",25,"college","no","no","male"
"no","yes",25,"some college","no","no","male"
"no","yes",25,"some college","no","no","male"
"yes","no",33,"hs","no","no","male"
"no","yes",51,"some college","no","no","female"
"no","no",56,"hs","no","no","female"
"no","no",36,"some college","no","no","female"
"yes","yes",33,"college","no","no","female"
"yes","yes",27,"hs","no","no","female"
"no","no",22,"some college","no","no","male"
"no","no",56,"hs","no","no","female"
"no","yes",40,"master","no","no","male"
"yes","yes",55,"some college","no","no","male"
"yes","yes",34,"college","no","no","male"
"yes","no",51,"some college","no","no","male"
"no","yes",64,"master","no","no","male"
"yes","yes",38,"hs","no","no","female"
"no","no",46,"hs","no","no","male"
"yes","yes",41,"hs","no","no","female"
"no","no",29,"hs","no","no","female"
"no","no",46,"hs","no","no","female"
"no","no",43,"some college","no","no","male"
"no","no",52,"hs","no","no","male"
"no","no",55,"hs drop out","no","no","female"
"no","yes",54,"hs","no","no","male"
"no","no",43,"hs","no","no","female"
"no","yes",43,"hs","no","no","female"
"no","yes",40,"some college","no","no","female"
"yes","yes",68,"hs drop out","no","no","female"
"no","no",39,"college","no","no","male"
"no","no",67,"hs","no","no","male"
"no","yes",55,"hs","no","no","female"
"yes","no",59,"hs drop out","no","no","male"
"yes","yes",47,"hs","no","no","female"
"no","no",36,"master","no","no","male"
"no","yes",32,"some college","no","no","female"
"yes","yes",20,"hs","no","no","male"
"no","no",30,"hs","no","no","male"
"no","no",48,"some college","no","no","male"
"no","no",39,"hs","no","no","female"
"no","yes",49,"hs","no","no","female"
"yes","no",34,"hs","yes","no","female"
"yes","yes",32,"some college","no","no","female"
"yes","yes",36,"hs","no","no","male"
"no","yes",48,"master","no","no","male"
"yes","no",38,"some college","no","no","female"
"no","yes",36,"hs","no","no","male"
"no","no",30,"hs","no","no","male"
"yes","no",43,"hs","no","no","male"
"yes","no",37,"hs","no","no","male"
"no","no",40,"master","no","no","male"
"no","no",37,"college","no","no","female"
"yes","no",45,"hs","no","no","male"
"no","yes",88,"master","no","no","male"
"no","yes",41,"master","no","no","male"
"no","yes",38,"college","no","no","female"
"no","yes",22,"hs","no","no","female"
"no","yes",36,"hs","no","no","female"
"no","yes",41,"hs","no","no","female"
"no","yes",68,"hs","no","no","female"
"yes","no",32,"some college","no","no","female"
"no","yes",29,"master","no","no","female"
"no","yes",30,"hs","no","no","female"
"no","yes",37,"some college","no","no","female"
"no","yes",42,"some college","no","no","male"
"no","yes",20,"some college","no","no","female"
"no","no",43,"hs","no","no","female"
"yes","no",48,"hs drop out","no","no","female"
"no","yes",45,"some college","no","no","female"
"no","yes",44,"hs","no","no","female"
"no","no",31,"hs","no","no","male"
"no","no",33,"hs","no","no","male"
"no","no",29,"hs","no","no","female"
"yes","yes",31,"hs drop out","no","no","female"
"no","yes",43,"hs","no","no","female"
"no","no",23,"hs drop out","no","no","female"
"yes","no",18,"hs","no","no","male"
"yes","no",23,"hs","no","no","female"
"no","yes",36,"hs","yes","no","female"
"yes","no",43,"hs","no","no","female"
"no","yes",34,"hs","no","no","female"
"no","yes",41,"hs","no","no","male"
"no","yes",68,"hs","no","no","female"
"no","no",60,"some college","no","no","male"
"no","no",75,"hs","no","no","female"
"no","no",32,"some college","no","no","male"
"no","yes",31,"college","no","no","female"
"yes","yes",41,"hs","no","no","female"
"no","yes",22,"hs","no","no","male"
"no","yes",33,"college","no","no","female"
"no","yes",24,"some college","no","no","female"
"no","yes",30,"master","no","no","female"
"yes","yes",23,"some college","no","no","male"
"yes","yes",36,"hs","no","no","female"
"yes","no",32,"hs","no","no","male"
"no","yes",29,"college","no","no","female"
"no","no",41,"some college","no","no","male"
"no","yes",42,"hs","no","no","female"
"no","no",58,"hs drop out","no","no","male"
"no","no",53,"hs drop out","no","no","female"
"no","no",28,"hs","yes","no","female"
"no","yes",53,"hs","no","no","female"
"no","no",33,"hs","no","no","male"
"no","yes",26,"college","no","no","female"
"no","yes",38,"some college","no","no","male"
"no","yes",38,"hs","no","no","female"
"yes","yes",63,"hs drop out","no","no","male"
"no","yes",34,"college","no","no","female"
"no","no",34,"hs","no","no","female"
"yes","yes",39,"hs","no","no","male"
"yes","no",48,"hs","no","no","male"
"yes","no",46,"hs","no","no","female"
"yes","yes",44,"hs","no","no","female"
"no","yes",41,"hs","no","no","female"
"no","yes",44,"college","no","no","male"
"no","no",53,"some college","no","no","female"
"no","no",66,"hs drop out","no","no","female"
"yes","no",50,"hs","no","no","female"
"no","no",31,"some college","no","no","male"
"yes","yes",31,"hs","no","no","female"
"yes","no",31,"hs","no","no","female"
"no","no",30,"hs","no","no","male"
"no","no",29,"hs","no","no","female"
"no","no",57,"hs drop out","no","no","female"
"no","no",40,"college","no","no","female"
"yes","no",28,"some college","no","no","female"
"no","yes",44,"master","no","no","female"
"yes","no",34,"hs","no","no","female"
"no","no",43,"hs","no","no","male"
"no","no",42,"hs","no","no","female"
"no","no",21,"hs","no","no","male"
"no","yes",18,"some college","no","no","female"
"yes","no",60,"hs","no","no","female"
"no","no",38,"some college","no","no","male"
"no","yes",38,"some college","no","no","female"
"yes","yes",29,"hs","no","no","male"
"no","no",26,"hs","no","no","female"
"no","no",48,"hs","no","no","female"
"no","no",31,"hs drop out","no","no","male"
"no","yes",29,"hs","no","no","female"
"no","yes",35,"college","no","no","male"
"no","no",35,"master","no","no","female"
"yes","yes",53,"hs","no","no","male"
"no","yes",48,"college","no","no","female"
"no","yes",25,"hs","no","no","female"
"no","no",41,"hs","no","no","male"
"yes","yes",28,"some college","no","no","female"
"no","no",36,"hs","no","no","female"
"yes","no",41,"hs","no","no","male"
"yes","no",56,"college","no","no","male"
"no","yes",48,"hs","no","no","female"
"no","no",45,"hs","no","no","male"
"yes","no",43,"some college","no","no","female"
"yes","yes",43,"hs drop out","no","no","female"
"no","no",36,"hs","no","no","male"
"no","no",18,"some college","no","no","female"
"no","no",30,"master","no","no","male"
"no","yes",32,"hs","no","no","male"
"yes","no",40,"hs drop out","no","no","female"
"no","no",29,"hs drop out","no","no","female"
"no","yes",49,"hs","no","no","female"
"no","yes",39,"hs","no","no","female"
"yes","no",23,"some college","no","no","male"
"yes","yes",20,"hs","no","no","male"
"no","no",37,"hs","no","no","male"
"no","yes",36,"hs","no","no","female"
"yes","yes",46,"some college","no","no","female"
"no","no",51,"hs","no","no","female"
"no","no",52,"hs drop out","no","no","female"
"no","no",43,"hs","no","no","female"
"no","no",51,"hs","no","no","male"
"yes","no",32,"some college","no","no","male"
"yes","no",31,"some college","no","no","female"
"no","yes",47,"college","no","no","male"
"no","yes",43,"college","no","no","female"
"no","yes",43,"some college","no","yes","female"
"yes","no",60,"hs","no","no","female"
"no","no",33,"college","no","no","male"
"no","no",18,"hs","no","no","female"
"no","yes",26,"some college","no","no","female"
"no","yes",49,"hs","no","no","female"
"no","yes",18,"hs drop out","no","no","male"
"no","no",41,"master","no","no","female"
"no","no",43,"college","no","no","female"
"no","no",42,"master","no","no","female"
"no","no",56,"college","no","no","male"
"no","yes",56,"college","no","no","female"
"no","no",21,"some college","yes","no","female"
"no","no",54,"some college","no","no","female"
"no","yes",36,"hs","yes","no","female"
"no","no",31,"hs","no","no","female"
"no","yes",57,"some college","no","no","female"
"no","no",74,"some college","no","no","male"
"no","no",48,"some college","no","no","male"
"yes","no",49,"hs drop out","no","no","female"
"yes","no",41,"some college","no","no","male"
"no","yes",38,"hs","no","no","female"
"no","no",47,"hs","no","no","female"
"no","no",36,"hs","no","no","male"
"no","yes",52,"some college","no","no","female"
"no","no",22,"hs","no","no","male"
"no","no",37,"some college","no","no","female"
"no","yes",40,"hs drop out","no","no","female"
"yes","yes",55,"hs","no","no","male"
"yes","yes",33,"hs drop out","no","no","female"
"no","no",43,"hs","no","no","male"
"no","no",40,"hs","no","no","male"
"no","yes",40,"master","no","no","female"
"no","no",74,"hs","no","no","female"
"no","yes",60,"some college","no","no","female"
"no","no",38,"hs","no","no","female"
"no","yes",29,"some college","no","no","female"
"no","no",40,"hs","no","no","female"
"no","no",35,"some college","no","no","female"
"no","no",53,"hs","no","no","male"
"no","no",52,"hs","no","no","female"
"yes","yes",25,"some college","no","no","male"
"no","yes",26,"some college","no","no","female"
"no","yes",27,"some college","no","no","female"
"no","yes",41,"hs","no","no","female"
"no","yes",36,"hs drop out","no","no","male"
"no","yes",34,"hs","no","no","female"
"no","yes",22,"college","yes","no","female"
"no","no",32,"some college","no","no","male"
"no","yes",31,"hs","no","no","female"
"yes","no",42,"hs","no","no","male"
"no","no",49,"hs drop out","no","no","male"
"no","yes",35,"some college","no","no","female"
"no","no",51,"some college","no","no","male"
"no","yes",46,"hs","no","no","female"
"no","yes",58,"hs","no","no","male"
"no","yes",58,"hs","no","no","female"
"no","yes",45,"some college","no","no","female"
"no","yes",23,"college","no","no","male"
"no","no",23,"some college","no","no","female"
"yes","no",38,"hs","no","no","male"
"no","no",43,"master","no","no","male"
"no","yes",43,"master","no","no","female"
"no","yes",34,"some college","no","no","male"
"no","yes",34,"hs","no","no","female"
"no","yes",24,"some college","no","no","female"
"no","yes",38,"master","no","no","male"
"no","yes",38,"master","no","no","female"
"no","yes",63,"hs","no","no","male"
"no","yes",40,"some college","no","no","female"
"no","yes",50,"hs","no","no","female"
"no","yes",38,"hs","no","no","female"
"yes","yes",31,"some college","yes","no","female"
"no","no",21,"hs","no","no","female"
"no","yes",28,"hs","no","no","male"
"no","no",34,"hs","no","no","male"
"no","yes",36,"some college","no","no","female"
"no","yes",58,"hs drop out","no","no","male"
"yes","no",35,"hs drop out","no","no","male"
"no","yes",62,"hs","no","no","female"
"no","no",36,"hs","no","no","male"
"no","no",30,"hs","no","no","female"
"yes","no",34,"some college","no","no","female"
"no","yes",34,"some college","no","no","female"
"yes","yes",27,"hs","no","no","male"
"no","no",54,"master","no","yes","female"
"yes","no",22,"hs","no","no","female"
"no","no",49,"hs","no","no","male"
"no","no",38,"some college","no","no","female"
"no","no",48,"college","no","no","male"
"no","yes",36,"some college","no","no","female"
"no","yes",35,"some college","no","no","female"
"no","yes",40,"hs","no","no","male"
"no","no",44,"hs","no","no","female"
"no","yes",24,"hs","no","no","female"
"no","yes",41,"hs","no","no","male"
"yes","no",22,"hs","no","no","female"
"no","no",25,"hs","no","no","male"
"no","no",43,"some college","no","no","female"
"no","no",45,"hs","no","no","male"
"no","no",46,"hs","no","no","female"
"no","yes",73,"hs drop out","no","no","male"
"yes","no",24,"hs","no","no","female"
"yes","yes",46,"hs","no","no","male"
"yes","yes",44,"some college","no","no","female"
"no","yes",42,"some college","no","no","female"
"no","no",19,"some college","no","no","female"
"no","yes",27,"hs","no","no","female"
"no","no",48,"some college","no","no","male"
"no","yes",26,"college","no","no","male"
"no","yes",31,"some college","no","no","female"
"no","no",46,"hs","no","no","female"
"yes","yes",42,"hs drop out","no","no","female"
"no","yes",42,"hs","no","no","female"
"no","yes",43,"hs","no","no","female"
"yes","no",45,"hs","no","no","male"
"yes","no",37,"hs","no","no","male"
"no","yes",65,"hs","no","no","female"
"yes","no",40,"hs","no","no","female"
"no","no",59,"hs","no","no","male"
"no","no",33,"hs drop out","no","no","male"
"yes","no",42,"hs","no","no","male"
"no","no",21,"some college","no","no","female"
"no","no",33,"hs","no","no","male"
"no","no",32,"hs","no","no","female"
"no","yes",40,"hs drop out","no","no","male"
"yes","no",45,"hs drop out","no","no","male"
"no","no",43,"college","no","no","female"
"no","no",43,"hs","no","no","male"
"yes","no",19,"hs","no","no","male"
"yes","no",48,"hs","no","no","male"
"no","yes",24,"hs","no","no","male"
"yes","yes",33,"hs","no","no","female"
"no","no",44,"some college","no","no","male"
"no","yes",51,"hs","no","no","female"
"yes","yes",56,"hs","no","no","male"
"no","no",26,"some college","no","no","male"
"yes","no",44,"hs","no","no","female"
"yes","no",25,"hs","no","no","male"
"yes","yes",33,"hs drop out","no","yes","male"
"yes","yes",30,"hs","no","yes","female"
"yes","yes",46,"hs","no","no","female"
"no","no",43,"hs","no","no","female"
"yes","no",21,"some college","no","no","male"
"no","no",63,"hs","no","no","female"
"no","yes",20,"hs","no","no","male"
"no","no",37,"hs","no","no","male"
"no","no",61,"hs","no","no","female"
"yes","no",33,"hs","no","no","male"
"yes","no",36,"hs","no","no","female"
"no","no",19,"hs","no","no","male"
"no","yes",55,"master","no","no","female"
"no","yes",37,"hs","no","no","female"
"yes","no",27,"hs","no","no","female"
"no","yes",49,"some college","no","no","male"
"no","yes",49,"hs","no","no","male"
"no","no",43,"hs","no","no","female"
"no","yes",46,"hs","no","no","female"
"no","yes",29,"college","no","no","female"
"no","yes",21,"college","no","no","female"
"no","yes",26,"college","no","no","female"
"no","yes",57,"some college","no","no","female"
"yes","no",51,"some college","no","no","female"
"no","yes",34,"some college","no","no","female"
"yes","yes",46,"hs","no","no","female"
"no","yes",21,"some college","no","no","male"
"no","yes",24,"some college","no","no","male"
"no","no",56,"hs drop out","yes","no","female"
"yes","no",42,"hs","no","no","female"
"no","no",21,"some college","no","no","female"
"no","yes",35,"some college","no","no","male"
"no","yes",32,"some college","no","no","female"
"no","yes",42,"college","no","no","female"
"no","no",47,"hs","no","no","male"
"no","no",46,"hs","no","no","female"
"no","yes",43,"college","no","no","male"
"yes","no",49,"hs","no","no","male"
"no","yes",48,"hs","no","no","female"
"yes","yes",23,"some college","no","no","female"
"no","yes",51,"some college","yes","no","male"
"no","no",45,"hs","no","no","female"
"yes","no",39,"hs","no","no","female"
"no","no",28,"hs","no","no","male"
"yes","yes",30,"some college","no","no","female"
"yes","no",34,"hs drop out","no","no","male"
"no","no",27,"hs","no","no","male"
"yes","yes",30,"hs","no","no","female"
"no","yes",30,"college","no","no","male"
"no","yes",30,"master","no","no","female"
"no","no",47,"hs","no","no","female"
"no","yes",23,"college","no","no","female"
"no","yes",65,"college","no","no","male"
"no","no",28,"college","no","no","female"
"no","yes",39,"some college","yes","no","female"
"yes","yes",40,"college","no","no","female"
"no","yes",33,"master","no","no","male"
"no","yes",50,"some college","yes","no","female"
"no","yes",66,"some college","no","no","female"
"no","yes",51,"hs","no","no","male"
"no","no",26,"some college","no","no","female"
"yes","no",33,"hs","yes","no","male"
"no","yes",25,"hs","no","no","female"
"no","yes",47,"some college","no","no","female"
"yes","yes",54,"hs","no","no","male"
"no","no",58,"hs drop out","no","no","male"
"yes","no",32,"hs","no","no","female"
"yes","yes",34,"college","no","no","male"
"no","yes",45,"college","no","no","male"
"yes","yes",43,"hs","no","no","female"
"no","yes",27,"college","no","no","male"
"no","yes",32,"college","no","no","female"
"no","yes",52,"some college","no","no","female"
"yes","yes",51,"hs drop out","no","no","male"
"no","no",38,"master","no","no","male"
"no","yes",47,"hs","no","yes","female"
"no","yes",28,"college","no","no","female"
"no","no",36,"master","no","no","male"
"no","no",39,"some college","no","no","male"
"no","yes",33,"hs drop out","no","no","female"
"no","no",37,"hs drop out","no","no","male"
"no","no",54,"college","no","no","female"
"no","no",28,"master","no","no","female"
"no","yes",50,"college","no","no","female"
"yes","no",65,"hs drop out","no","no","male"
"no","yes",34,"hs","no","no","female"
"no","yes",45,"some college","no","no","male"
"no","yes",58,"some college","no","no","female"
"no","yes",33,"college","no","no","female"
"yes","no",42,"some college","no","no","male"
"no","no",43,"college","no","no","female"
"no","yes",46,"master","no","no","male"
"no","yes",45,"master","no","no","female"
"no","no",49,"hs","no","no","female"
"yes","yes",59,"college","no","no","female"
"no","yes",39,"some college","no","no","male"
"yes","no",33,"college","no","no","male"
"yes","yes",33,"college","no","no","female"
"no","yes",25,"college","no","no","male"
"no","no",26,"college","no","no","female"
"yes","yes",48,"college","no","no","female"
"no","yes",33,"some college","no","no","male"
"no","yes",32,"some college","no","no","female"
"no","no",19,"hs","no","no","male"
"no","no",22,"some college","no","no","male"
"no","yes",58,"hs drop out","no","no","male"
"no","yes",57,"hs drop out","no","no","female"
"yes","no",38,"hs","no","no","female"
"no","yes",35,"college","yes","no","male"
"no","yes",31,"some college","yes","no","female"
"no","no",50,"master","no","no","male"
"yes","yes",25,"hs","yes","no","female"
"no","no",39,"some college","no","no","male"
"no","yes",33,"hs","no","no","female"
"yes","yes",42,"some college","no","no","female"
"yes","no",28,"hs","no","no","male"
"no","no",27,"college","no","no","female"
"yes","yes",31,"hs","no","no","female"
"no","no",26,"college","no","no","male"
"no","yes",51,"hs","no","no","female"
"no","yes",33,"hs","yes","no","female"
"no","no",37,"some college","no","no","male"
"no","yes",41,"master","yes","no","male"
"no","no",26,"hs","yes","no","male"
"no","no",23,"hs","yes","no","female"
"yes","no",42,"hs","no","no","female"
"yes","no",21,"some college","no","no","male"
"yes","no",45,"college","yes","no","female"
"no","yes",35,"some college","yes","no","female"
"no","yes",28,"some college","yes","no","female"
"no","no",39,"master","no","no","male"
"no","yes",38,"master","no","no","female"
"yes","no",41,"master","no","no","female"
"no","no",48,"master","no","no","female"
"no","no",36,"hs","no","no","male"
"no","yes",49,"hs","no","no","female"
"yes","no",34,"master","no","no","male"
"no","yes",31,"hs","no","yes","female"
"yes","no",48,"hs drop out","no","no","male"
"yes","no",36,"hs","yes","no","male"
"no","no",49,"some college","no","no","female"
"yes","no",22,"some college","no","no","male"
"no","no",36,"hs","no","no","female"
"yes","yes",24,"some college","no","no","female"
"no","yes",18,"some college","no","no","female"
"no","yes",56,"college","no","no","male"
"no","no",46,"some college","no","no","female"
"no","yes",34,"hs","no","no","female"
"no","no",54,"hs","no","no","male"
"yes","yes",40,"college","no","no","male"
"no","no",29,"college","no","no","female"
"no","no",25,"college","no","no","female"
"no","yes",36,"some college","no","no","female"
"no","yes",39,"college","no","no","female"
"no","yes",22,"hs","no","yes","male"
"no","yes",35,"some college","no","no","female"
"no","no",46,"some college","no","no","female"
"no","no",37,"hs","no","no","male"
"yes","yes",34,"hs","no","no","female"
"no","no",51,"hs","no","no","male"
"no","yes",30,"hs","no","no","female"
"no","yes",40,"hs","yes","no","male"
"no","yes",28,"college","no","no","female"
"yes","yes",42,"hs","yes","no","female"
"no","no",27,"some college","no","no","female"
"no","yes",18,"hs","no","no","female"
"yes","yes",37,"some college","no","no","female"
"no","no",27,"hs","no","no","male"
"yes","no",26,"hs","no","no","female"
"yes","no",35,"hs","no","no","male"
"no","no",41,"college","no","no","male"
"no","yes",31,"some college","no","no","male"
"no","yes",50,"hs","no","no","female"
"yes","yes",45,"some college","no","no","male"
"yes","no",34,"hs drop out","no","no","male"
"yes","no",31,"hs","no","no","female"
"no","no",35,"some college","no","no","male"
"no","yes",29,"college","no","no","male"
"yes","yes",44,"hs","no","no","female"
"yes","no",20,"hs","no","no","female"
"yes","no",39,"some college","no","no","male"
"yes","no",50,"hs","no","no","male"
"no","yes",47,"hs","no","no","female"
"yes","yes",23,"college","no","no","male"
"no","no",46,"hs","no","no","female"
"no","no",61,"hs","no","no","female"
"yes","no",38,"hs","no","no","male"
"yes","no",21,"some college","no","no","female"
"yes","yes",18,"hs","no","no","female"
"no","yes",30,"hs","no","no","female"
"no","yes",39,"some college","no","no","female"
"no","yes",41,"college","no","no","male"
"no","yes",46,"college","no","no","female"
"no","yes",40,"some college","no","no","male"
"no","no",31,"some college","no","no","female"
"no","yes",30,"master","no","no","female"
"yes","no",26,"hs","no","no","female"
"no","yes",36,"some college","no","no","female"
"no","yes",52,"master","no","no","female"
"no","yes",29,"college","no","no","female"
"no","no",31,"college","no","no","male"
"yes","yes",51,"hs","no","no","male"
"no","yes",39,"college","no","no","female"
"yes","yes",29,"some college","yes","no","female"
"no","no",54,"hs","no","no","female"
"no","yes",41,"some college","no","no","male"
"no","yes",37,"some college","no","no","female"
"no","yes",35,"hs","no","no","female"
"no","yes",38,"college","no","no","female"
"no","yes",44,"hs","no","no","female"
"no","yes",38,"hs","no","no","female"
"no","no",34,"some college","no","no","male"
"no","yes",60,"some college","yes","no","female"
"yes","yes",59,"hs","no","no","female"
"yes","no",26,"hs","no","no","female"
"no","no",40,"hs","no","no","female"
"no","yes",40,"college","no","no","male"
"yes","yes",39,"college","no","no","female"
"yes","no",28,"hs","no","no","female"
"no","yes",67,"hs","no","no","male"
"no","yes",58,"hs","no","no","female"
"no","yes",27,"some college","no","no","male"
"no","no",21,"some college","no","no","female"
"no","yes",46,"some college","no","no","male"
"no","no",43,"hs","no","no","female"
"yes","no",49,"some college","no","no","male"
"yes","yes",53,"some college","no","no","female"
"yes","no",22,"hs drop out","no","no","male"
"yes","yes",20,"hs drop out","no","no","female"
"no","yes",26,"some college","no","no","female"
"no","no",41,"hs","no","no","female"
"no","no",18,"hs","no","no","male"
"no","no",28,"master","no","no","female"
"no","no",28,"master","no","no","male"
"no","yes",65,"college","yes","no","male"
"no","yes",60,"some college","yes","no","female"
"no","yes",60,"hs","no","no","female"
"no","yes",25,"college","no","no","female"
"no","yes",32,"hs","no","no","female"
"no","yes",39,"some college","no","no","male"
"no","yes",41,"college","no","no","female"
"no","yes",39,"some college","no","no","female"
"no","no",27,"some college","no","no","male"
"no","yes",31,"hs","no","no","male"
"yes","yes",30,"some college","no","no","male"
"no","yes",43,"master","no","no","male"
"no","yes",36,"master","no","no","male"
"no","yes",24,"college","no","no","female"
"no","no",56,"hs","no","no","female"
"yes","yes",58,"hs drop out","yes","no","female"
"yes","yes",57,"hs","yes","no","male"
"no","no",18,"hs","yes","no","male"
"yes","yes",41,"some college","no","no","female"
"no","yes",29,"college","no","no","male"
"no","yes",37,"college","no","no","female"
"yes","yes",30,"some college","no","no","female"
"no","yes",61,"hs","no","no","female"
"no","no",50,"college","no","no","male"
"no","no",48,"master","no","no","female"
"yes","yes",33,"hs","no","no","female"
"no","no",33,"hs","no","no","male"
"no","yes",29,"college","no","no","female"
"no","yes",31,"some college","no","no","female"
"no","yes",41,"hs","no","no","male"
"yes","no",37,"hs","no","no","female"
"no","yes",57,"hs drop out","no","no","male"
"yes","yes",54,"master","yes","no","male"
"yes","yes",35,"hs drop out","no","no","female"
"no","yes",56,"hs","no","no","female"
"yes","yes",29,"hs","no","no","male"
"yes","yes",27,"hs","no","no","male"
"yes","no",24,"hs","yes","no","female"
"yes","yes",51,"some college","no","no","female"
"no","no",31,"hs","no","no","female"
"no","yes",46,"hs","no","no","male"
"no","yes",31,"hs","no","no","female"
"no","yes",35,"some college","no","no","male"
"no","no",34,"college","no","no","female"
"no","yes",18,"hs","yes","no","male"
"no","yes",34,"college","no","no","male"
"yes","no",35,"some college","no","no","female"
"no","yes",34,"hs","yes","no","male"
"no","yes",33,"hs","yes","no","female"
"yes","yes",28,"some college","no","no","female"
"no","yes",53,"some college","no","no","male"
"yes","yes",30,"some college","no","no","female"
"yes","no",42,"college","no","no","male"
"no","no",30,"some college","no","no","female"
"yes","no",58,"college","yes","no","male"
"no","yes",49,"some college","no","no","female"
"yes","yes",45,"master","no","no","female"
"yes","yes",50,"hs","no","no","female"
"yes","no",59,"some college","no","no","male"
"yes","yes",53,"college","no","no","female"
"yes","yes",28,"some college","no","no","female"
"no","yes",42,"hs","no","no","female"
"no","yes",22,"hs drop out","no","no","female"
"no","no",34,"hs","no","no","male"
"yes","no",41,"hs drop out","no","no","male"
"yes","no",31,"some college","no","no","female"
"no","no",27,"some college","no","no","female"
"no","yes",34,"master","yes","no","male"
"no","yes",34,"master","yes","no","female"
"no","yes",61,"college","no","no","female"
"yes","yes",33,"hs","no","no","female"
"no","yes",31,"college","no","yes","male"
"yes","no",42,"some college","no","no","male"
"no","no",52,"some college","no","no","female"
"yes","yes",26,"college","no","no","female"
"yes","yes",47,"college","no","no","male"
"yes","yes",24,"hs","no","no","female"
"no","yes",29,"master","no","no","female"
"no","no",30,"college","no","no","male"
"yes","no",30,"hs drop out","no","no","male"
"yes","no",26,"hs","no","no","female"
"no","yes",33,"college","no","no","female"
"no","yes",31,"some college","no","no","male"
"no","yes",36,"some college","no","no","female"
"yes","no",32,"hs","no","no","male"
"yes","yes",49,"hs drop out","no","no","male"
"no","no",38,"master","no","no","female"
"no","yes",31,"hs","no","no","male"
"no","no",54,"hs","no","no","female"
"no","no",33,"some college","no","no","male"
"yes","yes",31,"some college","no","no","male"
"no","yes",30,"hs","no","no","female"
"no","yes",39,"college","no","no","female"
"no","yes",44,"master","no","no","male"
"no","yes",41,"some college","yes","no","male"
"no","yes",40,"college","yes","no","female"
"no","no",32,"some college","no","yes","female"
"no","yes",53,"hs drop out","no","no","female"
"no","yes",40,"master","no","no","female"
"no","yes",45,"hs","no","no","male"
"no","yes",43,"hs","no","no","female"
"yes","yes",29,"some college","no","no","female"
"yes","no",33,"hs","no","no","female"
"no","no",44,"hs","no","no","male"
"no","yes",36,"hs","no","no","female"
"yes","yes",25,"hs","no","no","female"
"no","yes",45,"master","no","no","female"
"no","yes",25,"college","no","no","female"
"yes","no",28,"college","no","no","male"
"yes","yes",49,"some college","no","no","male"
"no","no",53,"college","no","no","male"
"no","yes",51,"hs","no","no","female"
"no","yes",54,"some college","no","no","female"
"no","yes",45,"hs","no","no","male"
"no","yes",45,"college","no","no","female"
"no","no",39,"college","no","no","male"
"no","yes",50,"college","no","no","male"
"no","yes",50,"hs","no","no","female"
"no","yes",22,"some college","no","no","female"
"no","yes",34,"some college","no","no","female"
"yes","yes",43,"hs","no","no","female"
"no","no",33,"college","no","no","male"
"no","yes",69,"hs","no","no","female"
"no","yes",23,"college","no","no","female"
"no","no",56,"hs","no","no","female"
"no","yes",24,"college","no","no","female"
"no","yes",32,"college","no","no","male"
"yes","yes",31,"hs","no","no","female"
"yes","yes",40,"hs drop out","no","no","male"
"no","yes",42,"hs","no","no","female"
"yes","yes",42,"hs","yes","no","female"
"no","no",55,"hs","no","no","male"
"no","no",31,"master","no","no","male"
"no","no",37,"college","no","no","female"
"no","no",56,"hs drop out","no","no","female"
"no","no",52,"college","no","no","male"
"no","no",44,"hs","no","no","female"
"no","yes",44,"some college","no","no","female"
"no","no",21,"hs","no","no","male"
"no","yes",50,"some college","no","no","female"
"no","yes",36,"college","no","no","male"
"yes","no",36,"college","no","no","male"
"no","yes",58,"master","no","no","female"
"no","no",31,"hs","no","no","female"
"no","yes",34,"college","no","no","female"
"no","yes",29,"college","no","no","female"
"yes","yes",30,"hs","no","no","female"
"no","yes",64,"some college","no","no","female"
"no","yes",29,"college","no","no","male"
"no","yes",38,"master","no","no","male"
"yes","yes",55,"master","no","no","male"
"no","no",23,"hs","no","no","male"
"no","yes",51,"master","no","no","male"
"no","yes",46,"hs","no","no","female"
"no","no",20,"some college","no","no","male"
"yes","no",34,"hs","no","no","female"
"yes","yes",35,"hs","no","no","male"
"no","no",52,"some college","no","no","female"
"no","yes",22,"some college","no","no","female"
"yes","no",30,"hs","no","no","female"
"no","yes",23,"college","no","no","male"
"no","yes",24,"college","no","no","female"
"no","yes",37,"college","no","no","female"
"no","yes",55,"some college","no","no","male"
"no","yes",43,"some college","no","no","female"
"yes","no",46,"hs drop out","no","no","male"
"yes","yes",41,"hs","no","no","female"
"no","yes",51,"master","no","no","female"
"no","yes",48,"college","no","no","male"
"no","yes",47,"some college","no","no","female"
"no","no",58,"college","no","no","male"
"no","no",54,"master","no","no","male"
"no","yes",35,"hs","no","no","male"
"yes","no",37,"hs","no","no","female"
"no","yes",37,"some college","no","no","female"
"no","yes",63,"hs","no","no","female"
"yes","no",37,"hs","no","no","male"
"no","yes",20,"some college","no","no","male"
"yes","yes",51,"hs","no","no","female"
"yes","no",35,"hs","no","no","female"
"yes","no",18,"hs","no","no","male"
"no","yes",34,"hs","no","no","female"
"no","yes",30,"hs","no","no","male"
"no","no",41,"college","yes","no","female"
"no","yes",23,"college","no","no","male"
"no","no",38,"some college","no","no","male"
"yes","yes",44,"college","no","no","female"
"yes","no",59,"some college","no","no","female"
"no","yes",28,"hs","no","no","female"
"no","no",49,"hs","no","no","male"
"no","no",36,"hs","no","no","female"
"no","no",38,"master","no","no","female"
"no","yes",58,"some college","no","no","male"
"no","no",58,"hs","no","no","female"
"no","yes",61,"college","no","no","male"
"no","yes",38,"some college","no","no","female"
"no","no",25,"college","yes","no","male"
"yes","yes",20,"college","no","no","male"
"no","no",31,"hs","no","no","female"
"no","no",43,"hs","no","no","male"
"no","yes",38,"some college","no","no","female"
"yes","yes",33,"hs drop out","no","no","male"
"no","yes",36,"college","no","no","female"
"no","no",21,"some college","no","no","female"
"no","yes",22,"college","no","no","female"
"no","no",48,"some college","no","no","male"
"no","yes",40,"hs","no","no","female"
"no","no",30,"hs","no","no","male"
"no","yes",29,"hs","no","no","female"
"no","yes",29,"college","no","no","female"
"no","no",32,"college","no","no","male"
"no","no",29,"hs","no","no","male"
"no","no",47,"hs drop out","no","no","male"
"no","yes",47,"hs","no","no","female"
"no","no",63,"master","yes","no","male"
"no","no",56,"master","yes","no","female"
"no","no",32,"some college","yes","no","female"
"yes","yes",26,"some college","no","no","male"
"no","no",26,"some college","no","no","male"
"yes","yes",25,"hs","no","no","female"
"no","yes",33,"master","no","no","male"
"no","yes",63,"college","no","no","female"
"yes","no",64,"some college","no","no","male"
"yes","yes",25,"some college","no","no","female"
"no","yes",35,"some college","no","no","male"
"no","yes",36,"some college","no","no","female"
"yes","no",40,"hs drop out","no","no","female"
"no","no",32,"hs","no","no","male"
"no","yes",29,"some college","no","no","female"
"yes","no",44,"some college","no","no","female"
"no","no",21,"some college","no","no","female"
"no","no",60,"hs","no","no","female"
"no","no",48,"hs","no","no","female"
"yes","no",68,"hs drop out","no","no","female"
"no","yes",45,"some college","no","no","male"
"yes","no",41,"hs","no","no","male"
"yes","yes",35,"hs drop out","no","no","female"
"yes","no",44,"hs","no","no","male"
"no","yes",44,"hs","no","no","female"
"yes","no",20,"hs","no","no","male"
"yes","no",57,"hs","no","no","female"
"yes","no",26,"hs","no","no","male"
"no","no",28,"hs","no","no","male"
"yes","no",48,"hs drop out","no","no","male"
"no","no",31,"some college","no","no","female"
"no","no",24,"hs","no","no","female"
"no","yes",26,"hs","no","no","female"
"yes","no",26,"hs","no","no","male"
"yes","no",40,"hs drop out","no","no","male"
"no","no",61,"hs drop out","no","no","female"
"no","yes",42,"master","no","no","male"
"no","yes",47,"hs","no","no","male"
"yes","no",56,"hs","no","no","male"
"yes","yes",55,"hs","no","no","female"
"no","no",52,"hs drop out","no","no","male"
"no","no",49,"hs drop out","no","no","female"
"no","no",19,"some college","no","no","female"
"no","yes",23,"some college","no","no","male"
"no","yes",22,"some college","no","no","female"
"yes","no",52,"hs","no","no","male"
"yes","no",40,"some college","no","no","female"
"no","yes",41,"college","yes","no","female"
"no","yes",37,"master","no","no","male"
"no","yes",31,"some college","no","no","female"
"yes","no",48,"hs","no","no","male"
"no","no",26,"hs","no","no","male"
"yes","no",25,"college","no","no","female"
"yes","yes",25,"hs","yes","no","female"
"yes","yes",43,"hs","yes","no","female"
"yes","yes",37,"hs","no","no","female"
"no","yes",37,"college","no","no","female"
"no","yes",33,"college","no","no","female"
"no","no",36,"some college","no","no","male"
"no","yes",45,"hs","no","no","female"
"no","no",19,"hs","no","no","male"
"no","yes",35,"hs","no","no","female"
"no","no",36,"hs","no","no","female"
"no","no",26,"hs","no","no","male"
"no","no",20,"hs","no","no","female"
"no","no",25,"hs","no","no","female"
"yes","yes",45,"master","no","no","male"
"yes","yes",45,"hs","no","no","female"
"no","no",31,"some college","no","no","female"
"no","no",29,"college","no","no","female"
"no","no",31,"some college","no","no","male"
"no","yes",28,"college","no","no","female"
"no","yes",34,"hs","no","no","female"
"no","yes",37,"some college","no","no","male"
"no","no",53,"college","no","yes","male"
"no","yes",39,"hs","no","no","female"
"no","no",27,"hs","no","no","male"
"no","yes",28,"some college","no","no","female"
"no","no",23,"college","no","no","female"
"yes","no",29,"some college","no","no","male"
"yes","no",31,"college","no","no","male"
"yes","yes",31,"college","no","no","female"
"no","yes",33,"college","no","no","male"
"no","yes",32,"college","no","no","female"
"no","no",36,"some college","no","no","male"
"no","yes",33,"college","no","no","female"
"no","yes",38,"some college","yes","no","male"
"no","yes",38,"some college","yes","no","female"
"no","yes",63,"some college","no","no","female"
"no","no",52,"some college","no","no","male"
"no","yes",49,"hs","no","no","female"
"no","no",60,"college","no","no","male"
"no","yes",44,"hs","no","no","female"
"no","yes",27,"some college","no","no","female"
"no","no",31,"some college","no","no","female"
"yes","no",24,"college","no","no","male"
"no","no",24,"hs","no","no","female"
"no","yes",53,"hs","no","no","male"
"no","yes",53,"hs","no","no","female"
"no","no",35,"hs","no","no","male"
"no","yes",48,"hs","yes","no","female"
"yes","no",41,"some college","no","no","male"
"no","yes",44,"hs","no","no","female"
"no","yes",48,"some college","no","no","female"
"no","yes",50,"college","no","no","male"
"no","yes",48,"some college","no","no","female"
"no","no",21,"some college","no","no","female"
"no","no",30,"college","yes","no","female"
"no","yes",50,"master","no","no","male"
"no","no",45,"master","no","no","male"
"no","no",30,"college","no","no","male"
"yes","no",38,"some college","yes","no","female"
"no","yes",35,"college","no","no","male"
"yes","yes",30,"some college","no","no","female"
"yes","no",49,"some college","no","no","male"
"no","yes",26,"hs","no","no","male"
"no","no",25,"college","no","no","male"
"no","yes",25,"college","no","no","female"
"yes","no",27,"hs drop out","no","no","male"
"no","no",30,"some college","yes","no","female"
"no","no",32,"hs","no","no","female"
"no","yes",36,"hs","no","no","female"
"no","no",43,"some college","no","no","male"
"no","yes",40,"some college","no","no","female"
"no","yes",27,"college","no","no","male"
"no","no",48,"hs","no","no","female"
"no","no",40,"master","no","no","female"
"no","no",25,"hs","no","no","male"
"no","no",27,"hs","no","no","female"
"no","no",34,"college","no","no","male"
"no","yes",32,"college","no","no","female"
"yes","no",41,"hs drop out","no","no","female"
"no","yes",48,"college","no","no","male"
"no","yes",23,"hs","no","no","female"
"yes","yes",43,"hs","no","no","male"
"no","yes",41,"hs","no","no","female"
"no","no",26,"some college","no","no","female"
"no","yes",51,"hs","no","no","male"
"no","yes",25,"college","no","no","male"
"no","yes",40,"master","no","no","female"
"no","yes",54,"hs drop out","yes","no","male"
"no","yes",54,"hs","yes","no","female"
"no","yes",20,"hs","yes","no","female"
"no","yes",41,"college","no","no","male"
"no","yes",43,"some college","yes","no","female"
"no","no",40,"master","yes","no","female"
"no","no",55,"hs","no","no","male"
"yes","yes",72,"hs","no","no","female"
"no","yes",44,"hs","no","no","male"
"no","no",40,"some college","no","no","female"
"no","yes",54,"some college","no","no","female"
"no","yes",62,"college","no","no","male"
"yes","yes",42,"college","no","no","male"
"no","yes",41,"college","no","no","female"
"no","yes",31,"some college","no","no","female"
"no","yes",28,"college","no","no","male"
"no","yes",25,"college","no","no","female"
"no","no",18,"some college","no","no","female"
"no","yes",42,"hs","no","no","male"
"no","no",25,"hs","no","no","female"
"yes","yes",33,"some college","no","no","male"
"no","yes",55,"college","no","no","male"
"no","yes",55,"college","no","no","female"
"no","yes",26,"hs","no","no","male"
"no","yes",25,"hs","yes","no","female"
"no","no",26,"hs","yes","no","female"
"yes","yes",39,"hs","no","no","female"
"no","yes",47,"hs","no","no","male"
"no","no",44,"hs","no","no","female"
"no","no",56,"some college","no","no","female"
"no","no",45,"some college","no","no","male"
"no","no",42,"hs","no","no","female"
"no","yes",27,"master","no","no","female"
"no","no",45,"some college","no","no","male"
"no","yes",34,"hs","no","no","female"
"yes","no",54,"hs","no","no","female"
"no","yes",28,"hs","no","no","male"
"no","yes",43,"some college","no","no","male"
"no","yes",45,"some college","no","no","female"
"no","yes",53,"hs","no","no","male"
"no","yes",39,"some college","yes","no","male"
"no","no",55,"hs drop out","no","no","male"
"no","no",54,"hs","no","no","female"
"no","yes",28,"college","no","no","female"
"no","yes",31,"hs","no","no","male"
"no","no",28,"some college","no","no","female"
"yes","yes",40,"some college","no","no","male"
"no","no",25,"college","no","no","male"
"no","yes",33,"hs","no","no","female"
"no","no",56,"hs","no","no","male"
"no","yes",34,"some college","no","no","female"
"no","no",27,"college","no","no","male"
"yes","no",57,"hs","no","no","female"
"no","yes",49,"hs","yes","no","male"
"yes","no",53,"some college","no","no","female"
"yes","no",29,"hs drop out","no","no","male"
"no","yes",53,"hs","no","no","female"
"no","no",27,"college","no","no","male"
"no","yes",28,"college","no","no","male"
"yes","no",52,"hs","no","no","female"
"no","no",60,"college","no","no","female"
"no","yes",34,"college","no","no","female"
"yes","no",31,"hs","no","no","male"
"no","no",37,"college","yes","no","female"
"yes","no",36,"hs","no","no","female"
"no","no",47,"hs","no","no","male"
"no","yes",46,"hs","no","no","female"
"yes","yes",52,"hs","yes","no","female"
"no","no",52,"hs","no","no","male"
"yes","no",44,"some college","yes","no","male"
"no","yes",26,"hs","no","no","male"
"no","no",40,"master","no","no","male"
"no","no",39,"some college","no","no","female"
"no","yes",23,"college","no","no","female"
"no","no",61,"master","no","no","male"
"no","no",57,"some college","no","no","male"
"no","no",58,"hs","no","no","female"
"no","yes",58,"hs","no","no","female"
"no","no",47,"hs drop out","no","no","male"
"no","yes",45,"hs","no","no","female"
"yes","no",56,"hs","no","no","female"
"no","no",55,"hs","no","no","male"
"no","no",31,"master","no","no","male"
"no","yes",36,"some college","no","no","female"
"yes","no",42,"hs","no","no","female"
"no","yes",35,"some college","no","no","male"
